Income,Recency,Customer_Days,Total_Spending,Total_Purchases,Cluster,Segment,Recommendation,Strategy,Channels,Offers,Goal
58138.0,58,4951,1617,25,3.0,Budget Buyers,"{'Strategy': 'Price-Based Promotions', 'Channels': ['SMS', 'Ads'], 'Offers': ['Coupons', 'Seasonal Discounts'], 'Goal': 'Increase purchase frequency'}",Price-Based Promotions,"SMS, Ads","Coupons, Seasonal Discounts",Increase purchase frequency
46344.0,38,4401,27,6,1.0,New Customers,"{'Strategy': 'Welcome Campaign', 'Channels': ['Email', 'SMS'], 'Offers': ['First Purchase Discount'], 'Goal': 'Convert into repeat customers'}",Welcome Campaign,"Email, SMS",First Purchase Discount,Convert into repeat customers
71613.0,26,4600,776,21,2.0,At Risk Customers,"{'Strategy': 'Re-engagement Campaign', 'Channels': ['Email', 'Push Notifications'], 'Offers': ['Win-back Discounts'], 'Goal': 'Prevent churn'}",Re-engagement Campaign,"Email, Push Notifications",Win-back Discounts,Prevent churn
26646.0,26,4427,53,8,1.0,New Customers,"{'Strategy': 'Welcome Campaign', 'Channels': ['Email', 'SMS'], 'Offers': ['First Purchase Discount'], 'Goal': 'Convert into repeat customers'}",Welcome Campaign,"Email, SMS",First Purchase Discount,Convert into repeat customers
58293.0,94,4449,422,19,3.0,Budget Buyers,"{'Strategy': 'Price-Based Promotions', 'Channels': ['SMS', 'Ads'], 'Offers': ['Coupons', 'Seasonal Discounts'], 'Goal': 'Increase purchase frequency'}",Price-Based Promotions,"SMS, Ads","Coupons, Seasonal Discounts",Increase purchase frequency
62513.0,16,4581,716,22,2.0,At Risk Customers,"{'Strategy': 'Re-engagement Campaign', 'Channels': ['Email', 'Push Notifications'], 'Offers': ['Win-back Discounts'], 'Goal': 'Prevent churn'}",Re-engagement Campaign,"Email, Push Notifications",Win-back Discounts,Prevent churn
55635.0,34,4881,590,21,2.0,At Risk Customers,"{'Strategy': 'Re-engagement Campaign', 'Channels': ['Email', 'Push Notifications'], 'Offers': ['Win-back Discounts'], 'Goal': 'Prevent churn'}",Re-engagement Campaign,"Email, Push Notifications",Win-back Discounts,Prevent churn
33454.0,32,4705,169,10,0.0,High Value Customers,"{'Strategy': 'Loyalty Rewards & Premium Offers', 'Channels': ['Email', 'Personal Calls'], 'Offers': ['Exclusive Discounts', 'Early Access'], 'Goal': 'Increase retention and lifetime value'}",Loyalty Rewards & Premium Offers,"Email, Personal Calls","Exclusive Discounts, Early Access",Increase retention and lifetime value
30351.0,19,4676,46,6,0.0,High Value Customers,"{'Strategy': 'Loyalty Rewards & Premium Offers', 'Channels': ['Email', 'Personal Calls'], 'Offers': ['Exclusive Discounts', 'Early Access'], 'Goal': 'Increase retention and lifetime value'}",Loyalty Rewards & Premium Offers,"Email, Personal Calls","Exclusive Discounts, Early Access",Increase retention and lifetime value
5648.0,68,4396,49,2,1.0,New Customers,"{'Strategy': 'Welcome Campaign', 'Channels': ['Email', 'SMS'], 'Offers': ['First Purchase Discount'], 'Goal': 'Convert into repeat customers'}",Welcome Campaign,"Email, SMS",First Purchase Discount,Convert into repeat customers
52247.25135379061,11,4514,19,4,1.0,New Customers,"{'Strategy': 'Welcome Campaign', 'Channels': ['Email', 'SMS'], 'Offers': ['First Purchase Discount'], 'Goal': 'Convert into repeat customers'}",Welcome Campaign,"Email, SMS",First Purchase Discount,Convert into repeat customers
7500.0,59,4881,61,6,0.0,High Value Customers,"{'Strategy': 'Loyalty Rewards & Premium Offers', 'Channels': ['Email', 'Personal Calls'], 'Offers': ['Exclusive Discounts', 'Early Access'], 'Goal': 'Increase retention and lifetime value'}",Loyalty Rewards & Premium Offers,"Email, Personal Calls","Exclusive Discounts, Early Access",Increase retention and lifetime value
63033.0,82,4514,1102,16,3.0,Budget Buyers,"{'Strategy': 'Price-Based Promotions', 'Channels': ['SMS', 'Ads'], 'Offers': ['Coupons', 'Seasonal Discounts'], 'Goal': 'Increase purchase frequency'}",Price-Based Promotions,"SMS, Ads","Coupons, Seasonal Discounts",Increase purchase frequency
59354.0,53,4514,310,15,1.0,New Customers,"{'Strategy': 'Welcome Campaign', 'Channels': ['Email', 'SMS'], 'Offers': ['First Purchase Discount'], 'Goal': 'Convert into repeat customers'}",Welcome Campaign,"Email, SMS",First Purchase Discount,Convert into repeat customers
17323.0,38,4915,46,5,0.0,High Value Customers,"{'Strategy': 'Loyalty Rewards & Premium Offers', 'Channels': ['Email', 'Personal Calls'], 'Offers': ['Exclusive Discounts', 'Early Access'], 'Goal': 'Increase retention and lifetime value'}",Loyalty Rewards & Premium Offers,"Email, Personal Calls","Exclusive Discounts, Early Access",Increase retention and lifetime value
82800.0,23,4870,1315,26,2.0,At Risk Customers,"{'Strategy': 'Re-engagement Campaign', 'Channels': ['Email', 'Push Notifications'], 'Offers': ['Win-back Discounts'], 'Goal': 'Prevent churn'}",Re-engagement Campaign,"Email, Push Notifications",Win-back Discounts,Prevent churn
41850.0,51,4840,96,9,0.0,High Value Customers,"{'Strategy': 'Loyalty Rewards & Premium Offers', 'Channels': ['Email', 'Personal Calls'], 'Offers': ['Exclusive Discounts', 'Early Access'], 'Goal': 'Increase retention and lifetime value'}",Loyalty Rewards & Premium Offers,"Email, Personal Calls","Exclusive Discounts, Early Access",Increase retention and lifetime value
37760.0,20,4955,317,13,0.0,High Value Customers,"{'Strategy': 'Loyalty Rewards & Premium Offers', 'Channels': ['Email', 'Personal Calls'], 'Offers': ['Exclusive Discounts', 'Early Access'], 'Goal': 'Increase retention and lifetime value'}",Loyalty Rewards & Premium Offers,"Email, Personal Calls","Exclusive Discounts, Early Access",Increase retention and lifetime value
76995.0,91,4746,1782,26,3.0,Budget Buyers,"{'Strategy': 'Price-Based Promotions', 'Channels': ['SMS', 'Ads'], 'Offers': ['Coupons', 'Seasonal Discounts'], 'Goal': 'Increase purchase frequency'}",Price-Based Promotions,"SMS, Ads","Coupons, Seasonal Discounts",Increase purchase frequency
33812.0,86,4891,133,8,0.0,High Value Customers,"{'Strategy': 'Loyalty Rewards & Premium Offers', 'Channels': ['Email', 'Personal Calls'], 'Offers': ['Exclusive Discounts', 'Early Access'], 'Goal': 'Increase retention and lifetime value'}",Loyalty Rewards & Premium Offers,"Email, Personal Calls","Exclusive Discounts, Early Access",Increase retention and lifetime value
37040.0,41,4978,316,12,0.0,High Value Customers,"{'Strategy': 'Loyalty Rewards & Premium Offers', 'Channels': ['Email', 'Personal Calls'], 'Offers': ['Exclusive Discounts', 'Early Access'], 'Goal': 'Increase retention and lifetime value'}",Loyalty Rewards & Premium Offers,"Email, Personal Calls","Exclusive Discounts, Early Access",Increase retention and lifetime value
2447.0,42,4827,1730,43,3.0,Budget Buyers,"{'Strategy': 'Price-Based Promotions', 'Channels': ['SMS', 'Ads'], 'Offers': ['Coupons', 'Seasonal Discounts'], 'Goal': 'Increase purchase frequency'}",Price-Based Promotions,"SMS, Ads","Coupons, Seasonal Discounts",Increase purchase frequency
58607.0,63,4841,972,17,3.0,Budget Buyers,"{'Strategy': 'Price-Based Promotions', 'Channels': ['SMS', 'Ads'], 'Offers': ['Coupons', 'Seasonal Discounts'], 'Goal': 'Increase purchase frequency'}",Price-Based Promotions,"SMS, Ads","Coupons, Seasonal Discounts",Increase purchase frequency
65324.0,0,4457,544,20,2.0,At Risk Customers,"{'Strategy': 'Re-engagement Campaign', 'Channels': ['Email', 'Push Notifications'], 'Offers': ['Win-back Discounts'], 'Goal': 'Prevent churn'}",Re-engagement Campaign,"Email, Push Notifications",Win-back Discounts,Prevent churn
40689.0,69,4756,444,20,0.0,High Value Customers,"{'Strategy': 'Loyalty Rewards & Premium Offers', 'Channels': ['Email', 'Personal Calls'], 'Offers': ['Exclusive Discounts', 'Early Access'], 'Goal': 'Increase retention and lifetime value'}",Loyalty Rewards & Premium Offers,"Email, Personal Calls","Exclusive Discounts, Early Access",Increase retention and lifetime value
18589.0,89,4831,75,8,0.0,High Value Customers,"{'Strategy': 'Loyalty Rewards & Premium Offers', 'Channels': ['Email', 'Personal Calls'], 'Offers': ['Exclusive Discounts', 'Early Access'], 'Goal': 'Increase retention and lifetime value'}",Loyalty Rewards & Premium Offers,"Email, Personal Calls","Exclusive Discounts, Early Access",Increase retention and lifetime value
53359.0,4,4686,257,14,0.0,High Value Customers,"{'Strategy': 'Loyalty Rewards & Premium Offers', 'Channels': ['Email', 'Personal Calls'], 'Offers': ['Exclusive Discounts', 'Early Access'], 'Goal': 'Increase retention and lifetime value'}",Loyalty Rewards & Premium Offers,"Email, Personal Calls","Exclusive Discounts, Early Access",Increase retention and lifetime value
52247.25135379061,19,4782,637,27,2.0,At Risk Customers,"{'Strategy': 'Re-engagement Campaign', 'Channels': ['Email', 'Push Notifications'], 'Offers': ['Win-back Discounts'], 'Goal': 'Prevent churn'}",Re-engagement Campaign,"Email, Push Notifications",Win-back Discounts,Prevent churn
38360.0,26,4682,131,9,0.0,High Value Customers,"{'Strategy': 'Loyalty Rewards & Premium Offers', 'Channels': ['Email', 'Personal Calls'], 'Offers': ['Exclusive Discounts', 'Early Access'], 'Goal': 'Increase retention and lifetime value'}",Loyalty Rewards & Premium Offers,"Email, Personal Calls","Exclusive Discounts, Early Access",Increase retention and lifetime value
84618.0,96,4507,1672,26,3.0,Budget Buyers,"{'Strategy': 'Price-Based Promotions', 'Channels': ['SMS', 'Ads'], 'Offers': ['Coupons', 'Seasonal Discounts'], 'Goal': 'Increase purchase frequency'}",Price-Based Promotions,"SMS, Ads","Coupons, Seasonal Discounts",Increase purchase frequency
10979.0,34,4326,30,8,1.0,New Customers,"{'Strategy': 'Welcome Campaign', 'Channels': ['Email', 'SMS'], 'Offers': ['First Purchase Discount'], 'Goal': 'Convert into repeat customers'}",Welcome Campaign,"Email, SMS",First Purchase Discount,Convert into repeat customers
38620.0,56,4702,318,11,0.0,High Value Customers,"{'Strategy': 'Loyalty Rewards & Premium Offers', 'Channels': ['Email', 'Personal Calls'], 'Offers': ['Exclusive Discounts', 'Early Access'], 'Goal': 'Increase retention and lifetime value'}",Loyalty Rewards & Premium Offers,"Email, Personal Calls","Exclusive Discounts, Early Access",Increase retention and lifetime value
40548.0,31,4915,120,9,0.0,High Value Customers,"{'Strategy': 'Loyalty Rewards & Premium Offers', 'Channels': ['Email', 'Personal Calls'], 'Offers': ['Exclusive Discounts', 'Early Access'], 'Goal': 'Increase retention and lifetime value'}",Loyalty Rewards & Premium Offers,"Email, Personal Calls","Exclusive Discounts, Early Access",Increase retention and lifetime value
46610.0,8,4896,302,17,0.0,High Value Customers,"{'Strategy': 'Loyalty Rewards & Premium Offers', 'Channels': ['Email', 'Personal Calls'], 'Offers': ['Exclusive Discounts', 'Early Access'], 'Goal': 'Increase retention and lifetime value'}",Loyalty Rewards & Premium Offers,"Email, Personal Calls","Exclusive Discounts, Early Access",Increase retention and lifetime value
68657.0,4,4782,1196,18,2.0,At Risk Customers,"{'Strategy': 'Re-engagement Campaign', 'Channels': ['Email', 'Push Notifications'], 'Offers': ['Win-back Discounts'], 'Goal': 'Prevent churn'}",Re-engagement Campaign,"Email, Push Notifications",Win-back Discounts,Prevent churn
49389.0,55,4592,65,6,1.0,New Customers,"{'Strategy': 'Welcome Campaign', 'Channels': ['Email', 'SMS'], 'Offers': ['First Purchase Discount'], 'Goal': 'Convert into repeat customers'}",Welcome Campaign,"Email, SMS",First Purchase Discount,Convert into repeat customers
67353.0,37,4468,913,28,2.0,At Risk Customers,"{'Strategy': 'Re-engagement Campaign', 'Channels': ['Email', 'Push Notifications'], 'Offers': ['Win-back Discounts'], 'Goal': 'Prevent churn'}",Re-engagement Campaign,"Email, Push Notifications",Win-back Discounts,Prevent churn
23718.0,76,4588,81,9,1.0,New Customers,"{'Strategy': 'Welcome Campaign', 'Channels': ['Email', 'SMS'], 'Offers': ['First Purchase Discount'], 'Goal': 'Convert into repeat customers'}",Welcome Campaign,"Email, SMS",First Purchase Discount,Convert into repeat customers
42429.0,99,4426,67,7,1.0,New Customers,"{'Strategy': 'Welcome Campaign', 'Channels': ['Email', 'SMS'], 'Offers': ['First Purchase Discount'], 'Goal': 'Convert into repeat customers'}",Welcome Campaign,"Email, SMS",First Purchase Discount,Convert into repeat customers
48948.0,53,4801,902,24,3.0,Budget Buyers,"{'Strategy': 'Price-Based Promotions', 'Channels': ['SMS', 'Ads'], 'Offers': ['Coupons', 'Seasonal Discounts'], 'Goal': 'Increase purchase frequency'}",Price-Based Promotions,"SMS, Ads","Coupons, Seasonal Discounts",Increase purchase frequency
80011.0,3,4714,1395,21,2.0,At Risk Customers,"{'Strategy': 'Re-engagement Campaign', 'Channels': ['Email', 'Push Notifications'], 'Offers': ['Win-back Discounts'], 'Goal': 'Prevent churn'}",Re-engagement Campaign,"Email, Push Notifications",Win-back Discounts,Prevent churn
20559.0,88,4762,53,7,0.0,High Value Customers,"{'Strategy': 'Loyalty Rewards & Premium Offers', 'Channels': ['Email', 'Personal Calls'], 'Offers': ['Exclusive Discounts', 'Early Access'], 'Goal': 'Increase retention and lifetime value'}",Loyalty Rewards & Premium Offers,"Email, Personal Calls","Exclusive Discounts, Early Access",Increase retention and lifetime value
21994.0,4,4840,22,4,0.0,High Value Customers,"{'Strategy': 'Loyalty Rewards & Premium Offers', 'Channels': ['Email', 'Personal Calls'], 'Offers': ['Exclusive Discounts', 'Early Access'], 'Goal': 'Increase retention and lifetime value'}",Loyalty Rewards & Premium Offers,"Email, Personal Calls","Exclusive Discounts, Early Access",Increase retention and lifetime value
52247.25135379061,80,4524,186,9,1.0,New Customers,"{'Strategy': 'Welcome Campaign', 'Channels': ['Email', 'SMS'], 'Offers': ['First Purchase Discount'], 'Goal': 'Convert into repeat customers'}",Welcome Campaign,"Email, SMS",First Purchase Discount,Convert into repeat customers
7500.0,19,4558,31,8,1.0,New Customers,"{'Strategy': 'Welcome Campaign', 'Channels': ['Email', 'SMS'], 'Offers': ['First Purchase Discount'], 'Goal': 'Convert into repeat customers'}",Welcome Campaign,"Email, SMS",First Purchase Discount,Convert into repeat customers
79941.0,72,4289,984,16,3.0,Budget Buyers,"{'Strategy': 'Price-Based Promotions', 'Channels': ['SMS', 'Ads'], 'Offers': ['Coupons', 'Seasonal Discounts'], 'Goal': 'Increase purchase frequency'}",Price-Based Promotions,"SMS, Ads","Coupons, Seasonal Discounts",Increase purchase frequency
7500.0,24,4885,122,10,0.0,High Value Customers,"{'Strategy': 'Loyalty Rewards & Premium Offers', 'Channels': ['Email', 'Personal Calls'], 'Offers': ['Exclusive Discounts', 'Early Access'], 'Goal': 'Increase retention and lifetime value'}",Loyalty Rewards & Premium Offers,"Email, Personal Calls","Exclusive Discounts, Early Access",Increase retention and lifetime value
41728.0,92,4689,55,5,1.0,New Customers,"{'Strategy': 'Welcome Campaign', 'Channels': ['Email', 'SMS'], 'Offers': ['First Purchase Discount'], 'Goal': 'Convert into repeat customers'}",Welcome Campaign,"Email, SMS",First Purchase Discount,Convert into repeat customers
52247.25135379061,96,4467,124,10,1.0,New Customers,"{'Strategy': 'Welcome Campaign', 'Channels': ['Email', 'SMS'], 'Offers': ['First Purchase Discount'], 'Goal': 'Convert into repeat customers'}",Welcome Campaign,"Email, SMS",First Purchase Discount,Convert into repeat customers
72550.0,39,4886,1319,28,2.0,At Risk Customers,"{'Strategy': 'Re-engagement Campaign', 'Channels': ['Email', 'Push Notifications'], 'Offers': ['Win-back Discounts'], 'Goal': 'Prevent churn'}",Re-engagement Campaign,"Email, Push Notifications",Win-back Discounts,Prevent churn
65486.0,29,4336,507,17,2.0,At Risk Customers,"{'Strategy': 'Re-engagement Campaign', 'Channels': ['Email', 'Push Notifications'], 'Offers': ['Win-back Discounts'], 'Goal': 'Prevent churn'}",Re-engagement Campaign,"Email, Push Notifications",Win-back Discounts,Prevent churn
79143.0,2,4975,1693,29,2.0,At Risk Customers,"{'Strategy': 'Re-engagement Campaign', 'Channels': ['Email', 'Push Notifications'], 'Offers': ['Win-back Discounts'], 'Goal': 'Prevent churn'}",Re-engagement Campaign,"Email, Push Notifications",Win-back Discounts,Prevent churn
35790.0,54,4831,72,7,0.0,High Value Customers,"{'Strategy': 'Loyalty Rewards & Premium Offers', 'Channels': ['Email', 'Personal Calls'], 'Offers': ['Exclusive Discounts', 'Early Access'], 'Goal': 'Increase retention and lifetime value'}",Loyalty Rewards & Premium Offers,"Email, Personal Calls","Exclusive Discounts, Early Access",Increase retention and lifetime value
82582.0,54,4310,1617,21,2.0,At Risk Customers,"{'Strategy': 'Re-engagement Campaign', 'Channels': ['Email', 'Push Notifications'], 'Offers': ['Win-back Discounts'], 'Goal': 'Prevent churn'}",Re-engagement Campaign,"Email, Push Notifications",Win-back Discounts,Prevent churn
66373.0,57,4670,606,23,3.0,Budget Buyers,"{'Strategy': 'Price-Based Promotions', 'Channels': ['SMS', 'Ads'], 'Offers': ['Coupons', 'Seasonal Discounts'], 'Goal': 'Increase purchase frequency'}",Price-Based Promotions,"SMS, Ads","Coupons, Seasonal Discounts",Increase purchase frequency
82384.0,55,4875,1957,27,3.0,Budget Buyers,"{'Strategy': 'Price-Based Promotions', 'Channels': ['SMS', 'Ads'], 'Offers': ['Coupons', 'Seasonal Discounts'], 'Goal': 'Increase purchase frequency'}",Price-Based Promotions,"SMS, Ads","Coupons, Seasonal Discounts",Increase purchase frequency
70287.0,30,4741,1093,21,2.0,At Risk Customers,"{'Strategy': 'Re-engagement Campaign', 'Channels': ['Email', 'Push Notifications'], 'Offers': ['Win-back Discounts'], 'Goal': 'Prevent churn'}",Re-engagement Campaign,"Email, Push Notifications",Win-back Discounts,Prevent churn
27938.0,31,4350,29,6,1.0,New Customers,"{'Strategy': 'Welcome Campaign', 'Channels': ['Email', 'SMS'], 'Offers': ['First Purchase Discount'], 'Goal': 'Convert into repeat customers'}",Welcome Campaign,"Email, SMS",First Purchase Discount,Convert into repeat customers
52247.25135379061,57,4665,46,7,1.0,New Customers,"{'Strategy': 'Welcome Campaign', 'Channels': ['Email', 'SMS'], 'Offers': ['First Purchase Discount'], 'Goal': 'Convert into repeat customers'}",Welcome Campaign,"Email, SMS",First Purchase Discount,Convert into repeat customers
55954.0,63,4406,518,19,1.0,New Customers,"{'Strategy': 'Welcome Campaign', 'Channels': ['Email', 'SMS'], 'Offers': ['First Purchase Discount'], 'Goal': 'Convert into repeat customers'}",Welcome Campaign,"Email, SMS",First Purchase Discount,Convert into repeat customers
75777.0,12,4648,1438,21,2.0,At Risk Customers,"{'Strategy': 'Re-engagement Campaign', 'Channels': ['Email', 'Push Notifications'], 'Offers': ['Win-back Discounts'], 'Goal': 'Prevent churn'}",Re-engagement Campaign,"Email, Push Notifications",Win-back Discounts,Prevent churn
66653.0,18,4948,612,22,2.0,At Risk Customers,"{'Strategy': 'Re-engagement Campaign', 'Channels': ['Email', 'Push Notifications'], 'Offers': ['Win-back Discounts'], 'Goal': 'Prevent churn'}",Re-engagement Campaign,"Email, Push Notifications",Win-back Discounts,Prevent churn
61823.0,26,4784,884,24,2.0,At Risk Customers,"{'Strategy': 'Re-engagement Campaign', 'Channels': ['Email', 'Push Notifications'], 'Offers': ['Win-back Discounts'], 'Goal': 'Prevent churn'}",Re-engagement Campaign,"Email, Push Notifications",Win-back Discounts,Prevent churn
67680.0,8,4671,606,19,2.0,At Risk Customers,"{'Strategy': 'Re-engagement Campaign', 'Channels': ['Email', 'Push Notifications'], 'Offers': ['Win-back Discounts'], 'Goal': 'Prevent churn'}",Re-engagement Campaign,"Email, Push Notifications",Win-back Discounts,Prevent churn
70666.0,29,4493,1076,16,2.0,At Risk Customers,"{'Strategy': 'Re-engagement Campaign', 'Channels': ['Email', 'Push Notifications'], 'Offers': ['Win-back Discounts'], 'Goal': 'Prevent churn'}",Re-engagement Campaign,"Email, Push Notifications",Win-back Discounts,Prevent churn
25721.0,75,4692,34,5,0.0,High Value Customers,"{'Strategy': 'Loyalty Rewards & Premium Offers', 'Channels': ['Email', 'Personal Calls'], 'Offers': ['Exclusive Discounts', 'Early Access'], 'Goal': 'Increase retention and lifetime value'}",Loyalty Rewards & Premium Offers,"Email, Personal Calls","Exclusive Discounts, Early Access",Increase retention and lifetime value
32474.0,0,4337,11,4,1.0,New Customers,"{'Strategy': 'Welcome Campaign', 'Channels': ['Email', 'SMS'], 'Offers': ['First Purchase Discount'], 'Goal': 'Convert into repeat customers'}",Welcome Campaign,"Email, SMS",First Purchase Discount,Convert into repeat customers
88194.0,19,4390,1274,32,2.0,At Risk Customers,"{'Strategy': 'Re-engagement Campaign', 'Channels': ['Email', 'Push Notifications'], 'Offers': ['Win-back Discounts'], 'Goal': 'Prevent churn'}",Re-engagement Campaign,"Email, Push Notifications",Win-back Discounts,Prevent churn
69096.0,4,4563,653,18,2.0,At Risk Customers,"{'Strategy': 'Re-engagement Campaign', 'Channels': ['Email', 'Push Notifications'], 'Offers': ['Win-back Discounts'], 'Goal': 'Prevent churn'}",Re-engagement Campaign,"Email, Push Notifications",Win-back Discounts,Prevent churn
74854.0,90,4735,1562,19,3.0,Budget Buyers,"{'Strategy': 'Price-Based Promotions', 'Channels': ['SMS', 'Ads'], 'Offers': ['Coupons', 'Seasonal Discounts'], 'Goal': 'Increase purchase frequency'}",Price-Based Promotions,"SMS, Ads","Coupons, Seasonal Discounts",Increase purchase frequency
66991.0,1,4944,1253,21,2.0,At Risk Customers,"{'Strategy': 'Re-engagement Campaign', 'Channels': ['Email', 'Push Notifications'], 'Offers': ['Win-back Discounts'], 'Goal': 'Prevent churn'}",Re-engagement Campaign,"Email, Push Notifications",Win-back Discounts,Prevent churn
52247.25135379061,25,4941,109,9,0.0,High Value Customers,"{'Strategy': 'Loyalty Rewards & Premium Offers', 'Channels': ['Email', 'Personal Calls'], 'Offers': ['Exclusive Discounts', 'Early Access'], 'Goal': 'Increase retention and lifetime value'}",Loyalty Rewards & Premium Offers,"Email, Personal Calls","Exclusive Discounts, Early Access",Increase retention and lifetime value
65031.0,29,4757,863,30,2.0,At Risk Customers,"{'Strategy': 'Re-engagement Campaign', 'Channels': ['Email', 'Push Notifications'], 'Offers': ['Win-back Discounts'], 'Goal': 'Prevent churn'}",Re-engagement Campaign,"Email, Push Notifications",Win-back Discounts,Prevent churn
60631.0,88,4738,661,24,3.0,Budget Buyers,"{'Strategy': 'Price-Based Promotions', 'Channels': ['SMS', 'Ads'], 'Offers': ['Coupons', 'Seasonal Discounts'], 'Goal': 'Increase purchase frequency'}",Price-Based Promotions,"SMS, Ads","Coupons, Seasonal Discounts",Increase purchase frequency
28332.0,58,4348,65,8,1.0,New Customers,"{'Strategy': 'Welcome Campaign', 'Channels': ['Email', 'SMS'], 'Offers': ['First Purchase Discount'], 'Goal': 'Convert into repeat customers'}",Welcome Campaign,"Email, SMS",First Purchase Discount,Convert into repeat customers
40246.0,68,4845,13,4,0.0,High Value Customers,"{'Strategy': 'Loyalty Rewards & Premium Offers', 'Channels': ['Email', 'Personal Calls'], 'Offers': ['Exclusive Discounts', 'Early Access'], 'Goal': 'Increase retention and lifetime value'}",Loyalty Rewards & Premium Offers,"Email, Personal Calls","Exclusive Discounts, Early Access",Increase retention and lifetime value
75251.0,34,4959,1890,19,2.0,At Risk Customers,"{'Strategy': 'Re-engagement Campaign', 'Channels': ['Email', 'Push Notifications'], 'Offers': ['Win-back Discounts'], 'Goal': 'Prevent churn'}",Re-engagement Campaign,"Email, Push Notifications",Win-back Discounts,Prevent churn
75825.0,40,4913,2209,22,2.0,At Risk Customers,"{'Strategy': 'Re-engagement Campaign', 'Channels': ['Email', 'Push Notifications'], 'Offers': ['Win-back Discounts'], 'Goal': 'Prevent churn'}",Re-engagement Campaign,"Email, Push Notifications",Win-back Discounts,Prevent churn
26326.0,12,4586,18,4,1.0,New Customers,"{'Strategy': 'Welcome Campaign', 'Channels': ['Email', 'SMS'], 'Offers': ['First Purchase Discount'], 'Goal': 'Convert into repeat customers'}",Welcome Campaign,"Email, SMS",First Purchase Discount,Convert into repeat customers
56046.0,9,4831,692,21,2.0,At Risk Customers,"{'Strategy': 'Re-engagement Campaign', 'Channels': ['Email', 'Push Notifications'], 'Offers': ['Win-back Discounts'], 'Goal': 'Prevent churn'}",Re-engagement Campaign,"Email, Push Notifications",Win-back Discounts,Prevent churn
29760.0,87,4957,165,12,0.0,High Value Customers,"{'Strategy': 'Loyalty Rewards & Premium Offers', 'Channels': ['Email', 'Personal Calls'], 'Offers': ['Exclusive Discounts', 'Early Access'], 'Goal': 'Increase retention and lifetime value'}",Loyalty Rewards & Premium Offers,"Email, Personal Calls","Exclusive Discounts, Early Access",Increase retention and lifetime value
26304.0,5,4659,16,4,0.0,High Value Customers,"{'Strategy': 'Loyalty Rewards & Premium Offers', 'Channels': ['Email', 'Personal Calls'], 'Offers': ['Exclusive Discounts', 'Early Access'], 'Goal': 'Increase retention and lifetime value'}",Loyalty Rewards & Premium Offers,"Email, Personal Calls","Exclusive Discounts, Early Access",Increase retention and lifetime value
23559.0,87,4649,79,9,1.0,New Customers,"{'Strategy': 'Welcome Campaign', 'Channels': ['Email', 'SMS'], 'Offers': ['First Purchase Discount'], 'Goal': 'Convert into repeat customers'}",Welcome Campaign,"Email, SMS",First Purchase Discount,Convert into repeat customers
38620.0,56,4702,318,11,0.0,High Value Customers,"{'Strategy': 'Loyalty Rewards & Premium Offers', 'Channels': ['Email', 'Personal Calls'], 'Offers': ['Exclusive Discounts', 'Early Access'], 'Goal': 'Increase retention and lifetime value'}",Loyalty Rewards & Premium Offers,"Email, Personal Calls","Exclusive Discounts, Early Access",Increase retention and lifetime value
81361.0,18,4412,778,27,2.0,At Risk Customers,"{'Strategy': 'Re-engagement Campaign', 'Channels': ['Email', 'Push Notifications'], 'Offers': ['Win-back Discounts'], 'Goal': 'Prevent churn'}",Re-engagement Campaign,"Email, Push Notifications",Win-back Discounts,Prevent churn
29440.0,95,4610,56,7,1.0,New Customers,"{'Strategy': 'Welcome Campaign', 'Channels': ['Email', 'SMS'], 'Offers': ['First Purchase Discount'], 'Goal': 'Convert into repeat customers'}",Welcome Campaign,"Email, SMS",First Purchase Discount,Convert into repeat customers
36138.0,48,4636,151,13,0.0,High Value Customers,"{'Strategy': 'Loyalty Rewards & Premium Offers', 'Channels': ['Email', 'Personal Calls'], 'Offers': ['Exclusive Discounts', 'Early Access'], 'Goal': 'Increase retention and lifetime value'}",Loyalty Rewards & Premium Offers,"Email, Personal Calls","Exclusive Discounts, Early Access",Increase retention and lifetime value
50388.0,3,4320,372,17,1.0,New Customers,"{'Strategy': 'Welcome Campaign', 'Channels': ['Email', 'SMS'], 'Offers': ['First Purchase Discount'], 'Goal': 'Convert into repeat customers'}",Welcome Campaign,"Email, SMS",First Purchase Discount,Convert into repeat customers
79593.0,70,4336,1366,19,3.0,Budget Buyers,"{'Strategy': 'Price-Based Promotions', 'Channels': ['SMS', 'Ads'], 'Offers': ['Coupons', 'Seasonal Discounts'], 'Goal': 'Increase purchase frequency'}",Price-Based Promotions,"SMS, Ads","Coupons, Seasonal Discounts",Increase purchase frequency
54178.0,79,4447,194,10,1.0,New Customers,"{'Strategy': 'Welcome Campaign', 'Channels': ['Email', 'SMS'], 'Offers': ['First Purchase Discount'], 'Goal': 'Convert into repeat customers'}",Welcome Campaign,"Email, SMS",First Purchase Discount,Convert into repeat customers
52247.25135379061,4,4875,603,29,2.0,At Risk Customers,"{'Strategy': 'Re-engagement Campaign', 'Channels': ['Email', 'Push Notifications'], 'Offers': ['Win-back Discounts'], 'Goal': 'Prevent churn'}",Re-engagement Campaign,"Email, Push Notifications",Win-back Discounts,Prevent churn
52247.25135379061,45,4321,18,4,1.0,New Customers,"{'Strategy': 'Welcome Campaign', 'Channels': ['Email', 'SMS'], 'Offers': ['First Purchase Discount'], 'Goal': 'Convert into repeat customers'}",Welcome Campaign,"Email, SMS",First Purchase Discount,Convert into repeat customers
52247.25135379061,87,4506,985,15,3.0,Budget Buyers,"{'Strategy': 'Price-Based Promotions', 'Channels': ['SMS', 'Ads'], 'Offers': ['Coupons', 'Seasonal Discounts'], 'Goal': 'Increase purchase frequency'}",Price-Based Promotions,"SMS, Ads","Coupons, Seasonal Discounts",Increase purchase frequency
42394.0,69,4386,32,5,1.0,New Customers,"{'Strategy': 'Welcome Campaign', 'Channels': ['Email', 'SMS'], 'Offers': ['First Purchase Discount'], 'Goal': 'Convert into repeat customers'}",Welcome Campaign,"Email, SMS",First Purchase Discount,Convert into repeat customers
23626.0,84,4324,43,10,1.0,New Customers,"{'Strategy': 'Welcome Campaign', 'Channels': ['Email', 'SMS'], 'Offers': ['First Purchase Discount'], 'Goal': 'Convert into repeat customers'}",Welcome Campaign,"Email, SMS",First Purchase Discount,Convert into repeat customers
30096.0,30,4326,45,6,1.0,New Customers,"{'Strategy': 'Welcome Campaign', 'Channels': ['Email', 'SMS'], 'Offers': ['First Purchase Discount'], 'Goal': 'Convert into repeat customers'}",Welcome Campaign,"Email, SMS",First Purchase Discount,Convert into repeat customers
47916.0,72,4872,606,22,3.0,Budget Buyers,"{'Strategy': 'Price-Based Promotions', 'Channels': ['SMS', 'Ads'], 'Offers': ['Coupons', 'Seasonal Discounts'], 'Goal': 'Increase purchase frequency'}",Price-Based Promotions,"SMS, Ads","Coupons, Seasonal Discounts",Increase purchase frequency
51813.0,37,4732,63,7,0.0,High Value Customers,"{'Strategy': 'Loyalty Rewards & Premium Offers', 'Channels': ['Email', 'Personal Calls'], 'Offers': ['Exclusive Discounts', 'Early Access'], 'Goal': 'Increase retention and lifetime value'}",Loyalty Rewards & Premium Offers,"Email, Personal Calls","Exclusive Discounts, Early Access",Increase retention and lifetime value
78497.0,44,4498,978,25,2.0,At Risk Customers,"{'Strategy': 'Re-engagement Campaign', 'Channels': ['Email', 'Push Notifications'], 'Offers': ['Win-back Discounts'], 'Goal': 'Prevent churn'}",Re-engagement Campaign,"Email, Push Notifications",Win-back Discounts,Prevent churn
50150.0,32,4662,410,16,0.0,High Value Customers,"{'Strategy': 'Loyalty Rewards & Premium Offers', 'Channels': ['Email', 'Personal Calls'], 'Offers': ['Exclusive Discounts', 'Early Access'], 'Goal': 'Increase retention and lifetime value'}",Loyalty Rewards & Premium Offers,"Email, Personal Calls","Exclusive Discounts, Early Access",Increase retention and lifetime value
47823.0,0,4629,72,7,0.0,High Value Customers,"{'Strategy': 'Loyalty Rewards & Premium Offers', 'Channels': ['Email', 'Personal Calls'], 'Offers': ['Exclusive Discounts', 'Early Access'], 'Goal': 'Increase retention and lifetime value'}",Loyalty Rewards & Premium Offers,"Email, Personal Calls","Exclusive Discounts, Early Access",Increase retention and lifetime value
34554.0,43,4379,55,7,1.0,New Customers,"{'Strategy': 'Welcome Campaign', 'Channels': ['Email', 'SMS'], 'Offers': ['First Purchase Discount'], 'Goal': 'Convert into repeat customers'}",Welcome Campaign,"Email, SMS",First Purchase Discount,Convert into repeat customers
85693.0,59,4723,1169,27,3.0,Budget Buyers,"{'Strategy': 'Price-Based Promotions', 'Channels': ['SMS', 'Ads'], 'Offers': ['Coupons', 'Seasonal Discounts'], 'Goal': 'Increase purchase frequency'}",Price-Based Promotions,"SMS, Ads","Coupons, Seasonal Discounts",Increase purchase frequency
65846.0,68,4696,1120,16,3.0,Budget Buyers,"{'Strategy': 'Price-Based Promotions', 'Channels': ['SMS', 'Ads'], 'Offers': ['Coupons', 'Seasonal Discounts'], 'Goal': 'Increase purchase frequency'}",Price-Based Promotions,"SMS, Ads","Coupons, Seasonal Discounts",Increase purchase frequency
87195.0,35,4340,1097,20,2.0,At Risk Customers,"{'Strategy': 'Re-engagement Campaign', 'Channels': ['Email', 'Push Notifications'], 'Offers': ['Win-back Discounts'], 'Goal': 'Prevent churn'}",Re-engagement Campaign,"Email, Push Notifications",Win-back Discounts,Prevent churn
24594.0,94,4489,29,5,1.0,New Customers,"{'Strategy': 'Welcome Campaign', 'Channels': ['Email', 'SMS'], 'Offers': ['First Purchase Discount'], 'Goal': 'Convert into repeat customers'}",Welcome Campaign,"Email, SMS",First Purchase Discount,Convert into repeat customers
49096.0,15,4566,187,13,1.0,New Customers,"{'Strategy': 'Welcome Campaign', 'Channels': ['Email', 'SMS'], 'Offers': ['First Purchase Discount'], 'Goal': 'Convert into repeat customers'}",Welcome Campaign,"Email, SMS",First Purchase Discount,Convert into repeat customers
52413.0,56,4800,910,26,3.0,Budget Buyers,"{'Strategy': 'Price-Based Promotions', 'Channels': ['SMS', 'Ads'], 'Offers': ['Coupons', 'Seasonal Discounts'], 'Goal': 'Increase purchase frequency'}",Price-Based Promotions,"SMS, Ads","Coupons, Seasonal Discounts",Increase purchase frequency
38557.0,17,4845,145,9,0.0,High Value Customers,"{'Strategy': 'Loyalty Rewards & Premium Offers', 'Channels': ['Email', 'Personal Calls'], 'Offers': ['Exclusive Discounts', 'Early Access'], 'Goal': 'Increase retention and lifetime value'}",Loyalty Rewards & Premium Offers,"Email, Personal Calls","Exclusive Discounts, Early Access",Increase retention and lifetime value
89058.0,18,4857,850,14,2.0,At Risk Customers,"{'Strategy': 'Re-engagement Campaign', 'Channels': ['Email', 'Push Notifications'], 'Offers': ['Win-back Discounts'], 'Goal': 'Prevent churn'}",Re-engagement Campaign,"Email, Push Notifications",Win-back Discounts,Prevent churn
77298.0,46,4527,969,24,2.0,At Risk Customers,"{'Strategy': 'Re-engagement Campaign', 'Channels': ['Email', 'Push Notifications'], 'Offers': ['Win-back Discounts'], 'Goal': 'Prevent churn'}",Re-engagement Campaign,"Email, Push Notifications",Win-back Discounts,Prevent churn
68126.0,40,4884,1820,17,2.0,At Risk Customers,"{'Strategy': 'Re-engagement Campaign', 'Channels': ['Email', 'Push Notifications'], 'Offers': ['Win-back Discounts'], 'Goal': 'Prevent churn'}",Re-engagement Campaign,"Email, Push Notifications",Win-back Discounts,Prevent churn
57288.0,27,4292,608,20,2.0,At Risk Customers,"{'Strategy': 'Re-engagement Campaign', 'Channels': ['Email', 'Push Notifications'], 'Offers': ['Win-back Discounts'], 'Goal': 'Prevent churn'}",Re-engagement Campaign,"Email, Push Notifications",Win-back Discounts,Prevent churn
86037.0,95,4831,730,25,3.0,Budget Buyers,"{'Strategy': 'Price-Based Promotions', 'Channels': ['SMS', 'Ads'], 'Offers': ['Coupons', 'Seasonal Discounts'], 'Goal': 'Increase purchase frequency'}",Price-Based Promotions,"SMS, Ads","Coupons, Seasonal Discounts",Increase purchase frequency
43974.0,19,4852,551,21,0.0,High Value Customers,"{'Strategy': 'Loyalty Rewards & Premium Offers', 'Channels': ['Email', 'Personal Calls'], 'Offers': ['Exclusive Discounts', 'Early Access'], 'Goal': 'Increase retention and lifetime value'}",Loyalty Rewards & Premium Offers,"Email, Personal Calls","Exclusive Discounts, Early Access",Increase retention and lifetime value
50785.0,27,4580,114,8,1.0,New Customers,"{'Strategy': 'Welcome Campaign', 'Channels': ['Email', 'SMS'], 'Offers': ['First Purchase Discount'], 'Goal': 'Convert into repeat customers'}",Welcome Campaign,"Email, SMS",First Purchase Discount,Convert into repeat customers
90765.0,25,4444,1724,15,2.0,At Risk Customers,"{'Strategy': 'Re-engagement Campaign', 'Channels': ['Email', 'Push Notifications'], 'Offers': ['Win-back Discounts'], 'Goal': 'Prevent churn'}",Re-engagement Campaign,"Email, Push Notifications",Win-back Discounts,Prevent churn
36550.0,74,4783,577,20,0.0,High Value Customers,"{'Strategy': 'Loyalty Rewards & Premium Offers', 'Channels': ['Email', 'Personal Calls'], 'Offers': ['Exclusive Discounts', 'Early Access'], 'Goal': 'Increase retention and lifetime value'}",Loyalty Rewards & Premium Offers,"Email, Personal Calls","Exclusive Discounts, Early Access",Increase retention and lifetime value
30753.0,85,4641,81,7,1.0,New Customers,"{'Strategy': 'Welcome Campaign', 'Channels': ['Email', 'SMS'], 'Offers': ['First Purchase Discount'], 'Goal': 'Convert into repeat customers'}",Welcome Campaign,"Email, SMS",First Purchase Discount,Convert into repeat customers
21918.0,37,4515,33,7,1.0,New Customers,"{'Strategy': 'Welcome Campaign', 'Channels': ['Email', 'SMS'], 'Offers': ['First Purchase Discount'], 'Goal': 'Convert into repeat customers'}",Welcome Campaign,"Email, SMS",First Purchase Discount,Convert into repeat customers
56129.0,65,4662,660,22,3.0,Budget Buyers,"{'Strategy': 'Price-Based Promotions', 'Channels': ['SMS', 'Ads'], 'Offers': ['Coupons', 'Seasonal Discounts'], 'Goal': 'Increase purchase frequency'}",Price-Based Promotions,"SMS, Ads","Coupons, Seasonal Discounts",Increase purchase frequency
32557.0,13,4413,80,9,1.0,New Customers,"{'Strategy': 'Welcome Campaign', 'Channels': ['Email', 'SMS'], 'Offers': ['First Purchase Discount'], 'Goal': 'Convert into repeat customers'}",Welcome Campaign,"Email, SMS",First Purchase Discount,Convert into repeat customers
19510.0,63,4586,30,6,1.0,New Customers,"{'Strategy': 'Welcome Campaign', 'Channels': ['Email', 'SMS'], 'Offers': ['First Purchase Discount'], 'Goal': 'Convert into repeat customers'}",Welcome Campaign,"Email, SMS",First Purchase Discount,Convert into repeat customers
30992.0,83,4721,43,5,0.0,High Value Customers,"{'Strategy': 'Loyalty Rewards & Premium Offers', 'Channels': ['Email', 'Personal Calls'], 'Offers': ['Exclusive Discounts', 'Early Access'], 'Goal': 'Increase retention and lifetime value'}",Loyalty Rewards & Premium Offers,"Email, Personal Calls","Exclusive Discounts, Early Access",Increase retention and lifetime value
101970.0,69,4762,1135,27,3.0,Budget Buyers,"{'Strategy': 'Price-Based Promotions', 'Channels': ['SMS', 'Ads'], 'Offers': ['Coupons', 'Seasonal Discounts'], 'Goal': 'Increase purchase frequency'}",Price-Based Promotions,"SMS, Ads","Coupons, Seasonal Discounts",Increase purchase frequency
71488.0,87,4784,559,16,3.0,Budget Buyers,"{'Strategy': 'Price-Based Promotions', 'Channels': ['SMS', 'Ads'], 'Offers': ['Coupons', 'Seasonal Discounts'], 'Goal': 'Increase purchase frequency'}",Price-Based Promotions,"SMS, Ads","Coupons, Seasonal Discounts",Increase purchase frequency
79607.0,37,4722,1923,16,2.0,At Risk Customers,"{'Strategy': 'Re-engagement Campaign', 'Channels': ['Email', 'Push Notifications'], 'Offers': ['Win-back Discounts'], 'Goal': 'Prevent churn'}",Re-engagement Campaign,"Email, Push Notifications",Win-back Discounts,Prevent churn
54348.0,51,4309,90,8,1.0,New Customers,"{'Strategy': 'Welcome Campaign', 'Channels': ['Email', 'SMS'], 'Offers': ['First Purchase Discount'], 'Goal': 'Convert into repeat customers'}",Welcome Campaign,"Email, SMS",First Purchase Discount,Convert into repeat customers
52247.25135379061,23,4641,404,17,2.0,At Risk Customers,"{'Strategy': 'Re-engagement Campaign', 'Channels': ['Email', 'Push Notifications'], 'Offers': ['Win-back Discounts'], 'Goal': 'Prevent churn'}",Re-engagement Campaign,"Email, Push Notifications",Win-back Discounts,Prevent churn
77376.0,72,4338,661,23,3.0,Budget Buyers,"{'Strategy': 'Price-Based Promotions', 'Channels': ['SMS', 'Ads'], 'Offers': ['Coupons', 'Seasonal Discounts'], 'Goal': 'Increase purchase frequency'}",Price-Based Promotions,"SMS, Ads","Coupons, Seasonal Discounts",Increase purchase frequency
62998.0,10,4560,463,19,2.0,At Risk Customers,"{'Strategy': 'Re-engagement Campaign', 'Channels': ['Email', 'Push Notifications'], 'Offers': ['Win-back Discounts'], 'Goal': 'Prevent churn'}",Re-engagement Campaign,"Email, Push Notifications",Win-back Discounts,Prevent churn
61331.0,42,4764,632,23,2.0,At Risk Customers,"{'Strategy': 'Re-engagement Campaign', 'Channels': ['Email', 'Push Notifications'], 'Offers': ['Win-back Discounts'], 'Goal': 'Prevent churn'}",Re-engagement Campaign,"Email, Push Notifications",Win-back Discounts,Prevent churn
73448.0,10,4427,725,19,2.0,At Risk Customers,"{'Strategy': 'Re-engagement Campaign', 'Channels': ['Email', 'Push Notifications'], 'Offers': ['Win-back Discounts'], 'Goal': 'Prevent churn'}",Re-engagement Campaign,"Email, Push Notifications",Win-back Discounts,Prevent churn
52247.25135379061,96,4610,725,19,3.0,Budget Buyers,"{'Strategy': 'Price-Based Promotions', 'Channels': ['SMS', 'Ads'], 'Offers': ['Coupons', 'Seasonal Discounts'], 'Goal': 'Increase purchase frequency'}",Price-Based Promotions,"SMS, Ads","Coupons, Seasonal Discounts",Increase purchase frequency
41551.0,51,4607,279,16,1.0,New Customers,"{'Strategy': 'Welcome Campaign', 'Channels': ['Email', 'SMS'], 'Offers': ['First Purchase Discount'], 'Goal': 'Convert into repeat customers'}",Welcome Campaign,"Email, SMS",First Purchase Discount,Convert into repeat customers
62981.0,21,4757,1482,23,2.0,At Risk Customers,"{'Strategy': 'Re-engagement Campaign', 'Channels': ['Email', 'Push Notifications'], 'Offers': ['Win-back Discounts'], 'Goal': 'Prevent churn'}",Re-engagement Campaign,"Email, Push Notifications",Win-back Discounts,Prevent churn
9548.0,31,4978,29,6,0.0,High Value Customers,"{'Strategy': 'Loyalty Rewards & Premium Offers', 'Channels': ['Email', 'Personal Calls'], 'Offers': ['Exclusive Discounts', 'Early Access'], 'Goal': 'Increase retention and lifetime value'}",Loyalty Rewards & Premium Offers,"Email, Personal Calls","Exclusive Discounts, Early Access",Increase retention and lifetime value
33762.0,61,4645,106,9,1.0,New Customers,"{'Strategy': 'Welcome Campaign', 'Channels': ['Email', 'SMS'], 'Offers': ['First Purchase Discount'], 'Goal': 'Convert into repeat customers'}",Welcome Campaign,"Email, SMS",First Purchase Discount,Convert into repeat customers
35860.0,37,4329,49,6,1.0,New Customers,"{'Strategy': 'Welcome Campaign', 'Channels': ['Email', 'SMS'], 'Offers': ['First Purchase Discount'], 'Goal': 'Convert into repeat customers'}",Welcome Campaign,"Email, SMS",First Purchase Discount,Convert into repeat customers
36921.0,74,4624,38,7,1.0,New Customers,"{'Strategy': 'Welcome Campaign', 'Channels': ['Email', 'SMS'], 'Offers': ['First Purchase Discount'], 'Goal': 'Convert into repeat customers'}",Welcome Campaign,"Email, SMS",First Purchase Discount,Convert into repeat customers
92859.0,46,4906,2077,22,3.0,Budget Buyers,"{'Strategy': 'Price-Based Promotions', 'Channels': ['SMS', 'Ads'], 'Offers': ['Coupons', 'Seasonal Discounts'], 'Goal': 'Increase purchase frequency'}",Price-Based Promotions,"SMS, Ads","Coupons, Seasonal Discounts",Increase purchase frequency
65104.0,4,4515,1053,17,2.0,At Risk Customers,"{'Strategy': 'Re-engagement Campaign', 'Channels': ['Email', 'Push Notifications'], 'Offers': ['Win-back Discounts'], 'Goal': 'Prevent churn'}",Re-engagement Campaign,"Email, Push Notifications",Win-back Discounts,Prevent churn
86111.0,73,4724,1385,23,3.0,Budget Buyers,"{'Strategy': 'Price-Based Promotions', 'Channels': ['SMS', 'Ads'], 'Offers': ['Coupons', 'Seasonal Discounts'], 'Goal': 'Increase purchase frequency'}",Price-Based Promotions,"SMS, Ads","Coupons, Seasonal Discounts",Increase purchase frequency
68352.0,47,4593,871,25,2.0,At Risk Customers,"{'Strategy': 'Re-engagement Campaign', 'Channels': ['Email', 'Push Notifications'], 'Offers': ['Win-back Discounts'], 'Goal': 'Prevent churn'}",Re-engagement Campaign,"Email, Push Notifications",Win-back Discounts,Prevent churn
41883.0,13,4755,312,12,0.0,High Value Customers,"{'Strategy': 'Loyalty Rewards & Premium Offers', 'Channels': ['Email', 'Personal Calls'], 'Offers': ['Exclusive Discounts', 'Early Access'], 'Goal': 'Increase retention and lifetime value'}",Loyalty Rewards & Premium Offers,"Email, Personal Calls","Exclusive Discounts, Early Access",Increase retention and lifetime value
59809.0,36,4907,877,15,2.0,At Risk Customers,"{'Strategy': 'Re-engagement Campaign', 'Channels': ['Email', 'Push Notifications'], 'Offers': ['Win-back Discounts'], 'Goal': 'Prevent churn'}",Re-engagement Campaign,"Email, Push Notifications",Win-back Discounts,Prevent churn
23957.0,47,4897,68,6,0.0,High Value Customers,"{'Strategy': 'Loyalty Rewards & Premium Offers', 'Channels': ['Email', 'Personal Calls'], 'Offers': ['Exclusive Discounts', 'Early Access'], 'Goal': 'Increase retention and lifetime value'}",Loyalty Rewards & Premium Offers,"Email, Personal Calls","Exclusive Discounts, Early Access",Increase retention and lifetime value
38547.0,49,4593,22,4,1.0,New Customers,"{'Strategy': 'Welcome Campaign', 'Channels': ['Email', 'SMS'], 'Offers': ['First Purchase Discount'], 'Goal': 'Convert into repeat customers'}",Welcome Campaign,"Email, SMS",First Purchase Discount,Convert into repeat customers
35688.0,94,4964,211,16,0.0,High Value Customers,"{'Strategy': 'Loyalty Rewards & Premium Offers', 'Channels': ['Email', 'Personal Calls'], 'Offers': ['Exclusive Discounts', 'Early Access'], 'Goal': 'Increase retention and lifetime value'}",Loyalty Rewards & Premium Offers,"Email, Personal Calls","Exclusive Discounts, Early Access",Increase retention and lifetime value
49605.0,65,4296,127,8,1.0,New Customers,"{'Strategy': 'Welcome Campaign', 'Channels': ['Email', 'SMS'], 'Offers': ['First Purchase Discount'], 'Goal': 'Convert into repeat customers'}",Welcome Campaign,"Email, SMS",First Purchase Discount,Convert into repeat customers
59354.0,59,4354,459,16,1.0,New Customers,"{'Strategy': 'Welcome Campaign', 'Channels': ['Email', 'SMS'], 'Offers': ['First Purchase Discount'], 'Goal': 'Convert into repeat customers'}",Welcome Campaign,"Email, SMS",First Purchase Discount,Convert into repeat customers
65747.0,96,4402,460,19,3.0,Budget Buyers,"{'Strategy': 'Price-Based Promotions', 'Channels': ['SMS', 'Ads'], 'Offers': ['Coupons', 'Seasonal Discounts'], 'Goal': 'Increase purchase frequency'}",Price-Based Promotions,"SMS, Ads","Coupons, Seasonal Discounts",Increase purchase frequency
46344.0,28,4850,429,17,0.0,High Value Customers,"{'Strategy': 'Loyalty Rewards & Premium Offers', 'Channels': ['Email', 'Personal Calls'], 'Offers': ['Exclusive Discounts', 'Early Access'], 'Goal': 'Increase retention and lifetime value'}",Loyalty Rewards & Premium Offers,"Email, Personal Calls","Exclusive Discounts, Early Access",Increase retention and lifetime value
34176.0,12,4336,89,11,1.0,New Customers,"{'Strategy': 'Welcome Campaign', 'Channels': ['Email', 'SMS'], 'Offers': ['First Purchase Discount'], 'Goal': 'Convert into repeat customers'}",Welcome Campaign,"Email, SMS",First Purchase Discount,Convert into repeat customers
61010.0,57,4916,1021,26,3.0,Budget Buyers,"{'Strategy': 'Price-Based Promotions', 'Channels': ['SMS', 'Ads'], 'Offers': ['Coupons', 'Seasonal Discounts'], 'Goal': 'Increase purchase frequency'}",Price-Based Promotions,"SMS, Ads","Coupons, Seasonal Discounts",Increase purchase frequency
69372.0,10,4783,1381,21,2.0,At Risk Customers,"{'Strategy': 'Re-engagement Campaign', 'Channels': ['Email', 'Push Notifications'], 'Offers': ['Win-back Discounts'], 'Goal': 'Prevent churn'}",Re-engagement Campaign,"Email, Push Notifications",Win-back Discounts,Prevent churn
49967.0,4,4644,306,15,0.0,High Value Customers,"{'Strategy': 'Loyalty Rewards & Premium Offers', 'Channels': ['Email', 'Personal Calls'], 'Offers': ['Exclusive Discounts', 'Early Access'], 'Goal': 'Increase retention and lifetime value'}",Loyalty Rewards & Premium Offers,"Email, Personal Calls","Exclusive Discounts, Early Access",Increase retention and lifetime value
60199.0,49,4578,18,4,1.0,New Customers,"{'Strategy': 'Welcome Campaign', 'Channels': ['Email', 'SMS'], 'Offers': ['First Purchase Discount'], 'Goal': 'Convert into repeat customers'}",Welcome Campaign,"Email, SMS",First Purchase Discount,Convert into repeat customers
55375.0,3,4543,162,9,1.0,New Customers,"{'Strategy': 'Welcome Campaign', 'Channels': ['Email', 'SMS'], 'Offers': ['First Purchase Discount'], 'Goal': 'Convert into repeat customers'}",Welcome Campaign,"Email, SMS",First Purchase Discount,Convert into repeat customers
80317.0,64,4601,1231,18,3.0,Budget Buyers,"{'Strategy': 'Price-Based Promotions', 'Channels': ['SMS', 'Ads'], 'Offers': ['Coupons', 'Seasonal Discounts'], 'Goal': 'Increase purchase frequency'}",Price-Based Promotions,"SMS, Ads","Coupons, Seasonal Discounts",Increase purchase frequency
30523.0,0,4651,13,4,0.0,High Value Customers,"{'Strategy': 'Loyalty Rewards & Premium Offers', 'Channels': ['Email', 'Personal Calls'], 'Offers': ['Exclusive Discounts', 'Early Access'], 'Goal': 'Increase retention and lifetime value'}",Loyalty Rewards & Premium Offers,"Email, Personal Calls","Exclusive Discounts, Early Access",Increase retention and lifetime value
70356.0,20,4889,1706,27,2.0,At Risk Customers,"{'Strategy': 'Re-engagement Campaign', 'Channels': ['Email', 'Push Notifications'], 'Offers': ['Win-back Discounts'], 'Goal': 'Prevent churn'}",Re-engagement Campaign,"Email, Push Notifications",Win-back Discounts,Prevent churn
23228.0,91,4463,121,11,1.0,New Customers,"{'Strategy': 'Welcome Campaign', 'Channels': ['Email', 'SMS'], 'Offers': ['First Purchase Discount'], 'Goal': 'Convert into repeat customers'}",Welcome Campaign,"Email, SMS",First Purchase Discount,Convert into repeat customers
74165.0,9,4712,1293,20,2.0,At Risk Customers,"{'Strategy': 'Re-engagement Campaign', 'Channels': ['Email', 'Push Notifications'], 'Offers': ['Win-back Discounts'], 'Goal': 'Prevent churn'}",Re-engagement Campaign,"Email, Push Notifications",Win-back Discounts,Prevent churn
157243.0,98,4408,1608,37,3.0,Budget Buyers,"{'Strategy': 'Price-Based Promotions', 'Channels': ['SMS', 'Ads'], 'Offers': ['Coupons', 'Seasonal Discounts'], 'Goal': 'Increase purchase frequency'}",Price-Based Promotions,"SMS, Ads","Coupons, Seasonal Discounts",Increase purchase frequency
43482.0,83,4516,88,9,1.0,New Customers,"{'Strategy': 'Welcome Campaign', 'Channels': ['Email', 'SMS'], 'Offers': ['First Purchase Discount'], 'Goal': 'Convert into repeat customers'}",Welcome Campaign,"Email, SMS",First Purchase Discount,Convert into repeat customers
62551.0,27,4511,421,18,2.0,At Risk Customers,"{'Strategy': 'Re-engagement Campaign', 'Channels': ['Email', 'Push Notifications'], 'Offers': ['Win-back Discounts'], 'Goal': 'Prevent churn'}",Re-engagement Campaign,"Email, Push Notifications",Win-back Discounts,Prevent churn
52332.0,63,4593,259,12,1.0,New Customers,"{'Strategy': 'Welcome Campaign', 'Channels': ['Email', 'SMS'], 'Offers': ['First Purchase Discount'], 'Goal': 'Convert into repeat customers'}",Welcome Campaign,"Email, SMS",First Purchase Discount,Convert into repeat customers
66951.0,46,4527,1117,15,2.0,At Risk Customers,"{'Strategy': 'Re-engagement Campaign', 'Channels': ['Email', 'Push Notifications'], 'Offers': ['Win-back Discounts'], 'Goal': 'Prevent churn'}",Re-engagement Campaign,"Email, Push Notifications",Win-back Discounts,Prevent churn
26091.0,84,4412,89,9,1.0,New Customers,"{'Strategy': 'Welcome Campaign', 'Channels': ['Email', 'SMS'], 'Offers': ['First Purchase Discount'], 'Goal': 'Convert into repeat customers'}",Welcome Campaign,"Email, SMS",First Purchase Discount,Convert into repeat customers
33456.0,58,4357,36,6,1.0,New Customers,"{'Strategy': 'Welcome Campaign', 'Channels': ['Email', 'SMS'], 'Offers': ['First Purchase Discount'], 'Goal': 'Convert into repeat customers'}",Welcome Campaign,"Email, SMS",First Purchase Discount,Convert into repeat customers
28718.0,78,4639,57,7,1.0,New Customers,"{'Strategy': 'Welcome Campaign', 'Channels': ['Email', 'SMS'], 'Offers': ['First Purchase Discount'], 'Goal': 'Convert into repeat customers'}",Welcome Campaign,"Email, SMS",First Purchase Discount,Convert into repeat customers
50447.0,4,4357,148,8,1.0,New Customers,"{'Strategy': 'Welcome Campaign', 'Channels': ['Email', 'SMS'], 'Offers': ['First Purchase Discount'], 'Goal': 'Convert into repeat customers'}",Welcome Campaign,"Email, SMS",First Purchase Discount,Convert into repeat customers
53537.0,17,4438,93,8,1.0,New Customers,"{'Strategy': 'Welcome Campaign', 'Channels': ['Email', 'SMS'], 'Offers': ['First Purchase Discount'], 'Goal': 'Convert into repeat customers'}",Welcome Campaign,"Email, SMS",First Purchase Discount,Convert into repeat customers
52074.0,77,4374,119,7,1.0,New Customers,"{'Strategy': 'Welcome Campaign', 'Channels': ['Email', 'SMS'], 'Offers': ['First Purchase Discount'], 'Goal': 'Convert into repeat customers'}",Welcome Campaign,"Email, SMS",First Purchase Discount,Convert into repeat customers
80427.0,56,4943,1835,28,3.0,Budget Buyers,"{'Strategy': 'Price-Based Promotions', 'Channels': ['SMS', 'Ads'], 'Offers': ['Coupons', 'Seasonal Discounts'], 'Goal': 'Increase purchase frequency'}",Price-Based Promotions,"SMS, Ads","Coupons, Seasonal Discounts",Increase purchase frequency
83837.0,79,4848,1318,25,3.0,Budget Buyers,"{'Strategy': 'Price-Based Promotions', 'Channels': ['SMS', 'Ads'], 'Offers': ['Coupons', 'Seasonal Discounts'], 'Goal': 'Increase purchase frequency'}",Price-Based Promotions,"SMS, Ads","Coupons, Seasonal Discounts",Increase purchase frequency
38853.0,90,4325,45,7,1.0,New Customers,"{'Strategy': 'Welcome Campaign', 'Channels': ['Email', 'SMS'], 'Offers': ['First Purchase Discount'], 'Goal': 'Convert into repeat customers'}",Welcome Campaign,"Email, SMS",First Purchase Discount,Convert into repeat customers
38285.0,96,4293,10,4,1.0,New Customers,"{'Strategy': 'Welcome Campaign', 'Channels': ['Email', 'SMS'], 'Offers': ['First Purchase Discount'], 'Goal': 'Convert into repeat customers'}",Welcome Campaign,"Email, SMS",First Purchase Discount,Convert into repeat customers
78497.0,44,4498,978,25,2.0,At Risk Customers,"{'Strategy': 'Re-engagement Campaign', 'Channels': ['Email', 'Push Notifications'], 'Offers': ['Win-back Discounts'], 'Goal': 'Prevent churn'}",Re-engagement Campaign,"Email, Push Notifications",Win-back Discounts,Prevent churn
51650.0,81,4337,191,10,1.0,New Customers,"{'Strategy': 'Welcome Campaign', 'Channels': ['Email', 'SMS'], 'Offers': ['First Purchase Discount'], 'Goal': 'Convert into repeat customers'}",Welcome Campaign,"Email, SMS",First Purchase Discount,Convert into repeat customers
16248.0,77,4338,57,9,1.0,New Customers,"{'Strategy': 'Welcome Campaign', 'Channels': ['Email', 'SMS'], 'Offers': ['First Purchase Discount'], 'Goal': 'Convert into repeat customers'}",Welcome Campaign,"Email, SMS",First Purchase Discount,Convert into repeat customers
66835.0,21,4562,1033,24,2.0,At Risk Customers,"{'Strategy': 'Re-engagement Campaign', 'Channels': ['Email', 'Push Notifications'], 'Offers': ['Win-back Discounts'], 'Goal': 'Prevent churn'}",Re-engagement Campaign,"Email, Push Notifications",Win-back Discounts,Prevent churn
30477.0,16,4446,66,6,1.0,New Customers,"{'Strategy': 'Welcome Campaign', 'Channels': ['Email', 'SMS'], 'Offers': ['First Purchase Discount'], 'Goal': 'Convert into repeat customers'}",Welcome Campaign,"Email, SMS",First Purchase Discount,Convert into repeat customers
28249.0,80,4302,43,6,1.0,New Customers,"{'Strategy': 'Welcome Campaign', 'Channels': ['Email', 'SMS'], 'Offers': ['First Purchase Discount'], 'Goal': 'Convert into repeat customers'}",Welcome Campaign,"Email, SMS",First Purchase Discount,Convert into repeat customers
25271.0,45,4859,50,5,0.0,High Value Customers,"{'Strategy': 'Loyalty Rewards & Premium Offers', 'Channels': ['Email', 'Personal Calls'], 'Offers': ['Exclusive Discounts', 'Early Access'], 'Goal': 'Increase retention and lifetime value'}",Loyalty Rewards & Premium Offers,"Email, Personal Calls","Exclusive Discounts, Early Access",Increase retention and lifetime value
32303.0,63,4401,39,7,1.0,New Customers,"{'Strategy': 'Welcome Campaign', 'Channels': ['Email', 'SMS'], 'Offers': ['First Purchase Discount'], 'Goal': 'Convert into repeat customers'}",Welcome Campaign,"Email, SMS",First Purchase Discount,Convert into repeat customers
61286.0,34,4619,608,18,2.0,At Risk Customers,"{'Strategy': 'Re-engagement Campaign', 'Channels': ['Email', 'Push Notifications'], 'Offers': ['Win-back Discounts'], 'Goal': 'Prevent churn'}",Re-engagement Campaign,"Email, Push Notifications",Win-back Discounts,Prevent churn
74068.0,14,4755,1581,24,2.0,At Risk Customers,"{'Strategy': 'Re-engagement Campaign', 'Channels': ['Email', 'Push Notifications'], 'Offers': ['Win-back Discounts'], 'Goal': 'Prevent churn'}",Re-engagement Campaign,"Email, Push Notifications",Win-back Discounts,Prevent churn
45759.0,13,4779,68,7,0.0,High Value Customers,"{'Strategy': 'Loyalty Rewards & Premium Offers', 'Channels': ['Email', 'Personal Calls'], 'Offers': ['Exclusive Discounts', 'Early Access'], 'Goal': 'Increase retention and lifetime value'}",Loyalty Rewards & Premium Offers,"Email, Personal Calls","Exclusive Discounts, Early Access",Increase retention and lifetime value
24882.0,52,4946,80,5,0.0,High Value Customers,"{'Strategy': 'Loyalty Rewards & Premium Offers', 'Channels': ['Email', 'Personal Calls'], 'Offers': ['Exclusive Discounts', 'Early Access'], 'Goal': 'Increase retention and lifetime value'}",Loyalty Rewards & Premium Offers,"Email, Personal Calls","Exclusive Discounts, Early Access",Increase retention and lifetime value
66973.0,98,4696,1282,28,3.0,Budget Buyers,"{'Strategy': 'Price-Based Promotions', 'Channels': ['SMS', 'Ads'], 'Offers': ['Coupons', 'Seasonal Discounts'], 'Goal': 'Increase purchase frequency'}",Price-Based Promotions,"SMS, Ads","Coupons, Seasonal Discounts",Increase purchase frequency
36640.0,99,4564,65,6,0.0,High Value Customers,"{'Strategy': 'Loyalty Rewards & Premium Offers', 'Channels': ['Email', 'Personal Calls'], 'Offers': ['Exclusive Discounts', 'Early Access'], 'Goal': 'Increase retention and lifetime value'}",Loyalty Rewards & Premium Offers,"Email, Personal Calls","Exclusive Discounts, Early Access",Increase retention and lifetime value
38872.0,93,4683,91,8,0.0,High Value Customers,"{'Strategy': 'Loyalty Rewards & Premium Offers', 'Channels': ['Email', 'Personal Calls'], 'Offers': ['Exclusive Discounts', 'Early Access'], 'Goal': 'Increase retention and lifetime value'}",Loyalty Rewards & Premium Offers,"Email, Personal Calls","Exclusive Discounts, Early Access",Increase retention and lifetime value
51148.0,38,4784,315,16,1.0,New Customers,"{'Strategy': 'Welcome Campaign', 'Channels': ['Email', 'SMS'], 'Offers': ['First Purchase Discount'], 'Goal': 'Convert into repeat customers'}",Welcome Campaign,"Email, SMS",First Purchase Discount,Convert into repeat customers
31353.0,24,4470,31,6,3.0,Budget Buyers,"{'Strategy': 'Price-Based Promotions', 'Channels': ['SMS', 'Ads'], 'Offers': ['Coupons', 'Seasonal Discounts'], 'Goal': 'Increase purchase frequency'}",Price-Based Promotions,"SMS, Ads","Coupons, Seasonal Discounts",Increase purchase frequency
69661.0,80,4335,834,23,3.0,Budget Buyers,"{'Strategy': 'Price-Based Promotions', 'Channels': ['SMS', 'Ads'], 'Offers': ['Coupons', 'Seasonal Discounts'], 'Goal': 'Increase purchase frequency'}",Price-Based Promotions,"SMS, Ads","Coupons, Seasonal Discounts",Increase purchase frequency
80067.0,82,4571,1600,17,2.0,At Risk Customers,"{'Strategy': 'Re-engagement Campaign', 'Channels': ['Email', 'Push Notifications'], 'Offers': ['Win-back Discounts'], 'Goal': 'Prevent churn'}",Re-engagement Campaign,"Email, Push Notifications",Win-back Discounts,Prevent churn
86718.0,20,4816,1270,17,1.0,New Customers,"{'Strategy': 'Welcome Campaign', 'Channels': ['Email', 'SMS'], 'Offers': ['First Purchase Discount'], 'Goal': 'Convert into repeat customers'}",Welcome Campaign,"Email, SMS",First Purchase Discount,Convert into repeat customers
46854.0,81,4378,263,15,2.0,At Risk Customers,"{'Strategy': 'Re-engagement Campaign', 'Channels': ['Email', 'Push Notifications'], 'Offers': ['Win-back Discounts'], 'Goal': 'Prevent churn'}",Re-engagement Campaign,"Email, Push Notifications",Win-back Discounts,Prevent churn
69142.0,50,4288,535,19,3.0,Budget Buyers,"{'Strategy': 'Price-Based Promotions', 'Channels': ['SMS', 'Ads'], 'Offers': ['Coupons', 'Seasonal Discounts'], 'Goal': 'Increase purchase frequency'}",Price-Based Promotions,"SMS, Ads","Coupons, Seasonal Discounts",Increase purchase frequency
75922.0,60,4490,1295,18,3.0,Budget Buyers,"{'Strategy': 'Price-Based Promotions', 'Channels': ['SMS', 'Ads'], 'Offers': ['Coupons', 'Seasonal Discounts'], 'Goal': 'Increase purchase frequency'}",Price-Based Promotions,"SMS, Ads","Coupons, Seasonal Discounts",Increase purchase frequency
63693.0,63,4546,1150,29,3.0,Budget Buyers,"{'Strategy': 'Price-Based Promotions', 'Channels': ['SMS', 'Ads'], 'Offers': ['Coupons', 'Seasonal Discounts'], 'Goal': 'Increase purchase frequency'}",Price-Based Promotions,"SMS, Ads","Coupons, Seasonal Discounts",Increase purchase frequency
102160.0,54,4892,1240,26,1.0,New Customers,"{'Strategy': 'Welcome Campaign', 'Channels': ['Email', 'SMS'], 'Offers': ['First Purchase Discount'], 'Goal': 'Convert into repeat customers'}",Welcome Campaign,"Email, SMS",First Purchase Discount,Convert into repeat customers
40637.0,72,4635,38,6,0.0,High Value Customers,"{'Strategy': 'Loyalty Rewards & Premium Offers', 'Channels': ['Email', 'Personal Calls'], 'Offers': ['Exclusive Discounts', 'Early Access'], 'Goal': 'Increase retention and lifetime value'}",Loyalty Rewards & Premium Offers,"Email, Personal Calls","Exclusive Discounts, Early Access",Increase retention and lifetime value
18890.0,5,4884,35,4,1.0,New Customers,"{'Strategy': 'Welcome Campaign', 'Channels': ['Email', 'SMS'], 'Offers': ['First Purchase Discount'], 'Goal': 'Convert into repeat customers'}",Welcome Campaign,"Email, SMS",First Purchase Discount,Convert into repeat customers
29604.0,88,4491,53,5,0.0,High Value Customers,"{'Strategy': 'Loyalty Rewards & Premium Offers', 'Channels': ['Email', 'Personal Calls'], 'Offers': ['Exclusive Discounts', 'Early Access'], 'Goal': 'Increase retention and lifetime value'}",Loyalty Rewards & Premium Offers,"Email, Personal Calls","Exclusive Discounts, Early Access",Increase retention and lifetime value
48721.0,50,4700,293,17,1.0,New Customers,"{'Strategy': 'Welcome Campaign', 'Channels': ['Email', 'SMS'], 'Offers': ['First Purchase Discount'], 'Goal': 'Convert into repeat customers'}",Welcome Campaign,"Email, SMS",First Purchase Discount,Convert into repeat customers
44794.0,99,4309,65,6,2.0,At Risk Customers,"{'Strategy': 'Re-engagement Campaign', 'Channels': ['Email', 'Push Notifications'], 'Offers': ['Win-back Discounts'], 'Goal': 'Prevent churn'}",Re-engagement Campaign,"Email, Push Notifications",Win-back Discounts,Prevent churn
64497.0,17,4945,1804,29,0.0,High Value Customers,"{'Strategy': 'Loyalty Rewards & Premium Offers', 'Channels': ['Email', 'Personal Calls'], 'Offers': ['Exclusive Discounts', 'Early Access'], 'Goal': 'Increase retention and lifetime value'}",Loyalty Rewards & Premium Offers,"Email, Personal Calls","Exclusive Discounts, Early Access",Increase retention and lifetime value
46097.0,11,4743,241,15,2.0,At Risk Customers,"{'Strategy': 'Re-engagement Campaign', 'Channels': ['Email', 'Push Notifications'], 'Offers': ['Win-back Discounts'], 'Goal': 'Prevent churn'}",Re-engagement Campaign,"Email, Push Notifications",Win-back Discounts,Prevent churn
77972.0,18,4391,1101,20,0.0,High Value Customers,"{'Strategy': 'Loyalty Rewards & Premium Offers', 'Channels': ['Email', 'Personal Calls'], 'Offers': ['Exclusive Discounts', 'Early Access'], 'Goal': 'Increase retention and lifetime value'}",Loyalty Rewards & Premium Offers,"Email, Personal Calls","Exclusive Discounts, Early Access",Increase retention and lifetime value
44377.0,70,4920,264,19,2.0,At Risk Customers,"{'Strategy': 'Re-engagement Campaign', 'Channels': ['Email', 'Push Notifications'], 'Offers': ['Win-back Discounts'], 'Goal': 'Prevent churn'}",Re-engagement Campaign,"Email, Push Notifications",Win-back Discounts,Prevent churn
46014.0,21,4812,541,26,3.0,Budget Buyers,"{'Strategy': 'Price-Based Promotions', 'Channels': ['SMS', 'Ads'], 'Offers': ['Coupons', 'Seasonal Discounts'], 'Goal': 'Increase purchase frequency'}",Price-Based Promotions,"SMS, Ads","Coupons, Seasonal Discounts",Increase purchase frequency
70951.0,66,4709,1198,17,1.0,New Customers,"{'Strategy': 'Welcome Campaign', 'Channels': ['Email', 'SMS'], 'Offers': ['First Purchase Discount'], 'Goal': 'Convert into repeat customers'}",Welcome Campaign,"Email, SMS",First Purchase Discount,Convert into repeat customers
41443.0,79,4377,482,20,1.0,New Customers,"{'Strategy': 'Welcome Campaign', 'Channels': ['Email', 'SMS'], 'Offers': ['First Purchase Discount'], 'Goal': 'Convert into repeat customers'}",Welcome Campaign,"Email, SMS",First Purchase Discount,Convert into repeat customers
52195.0,2,4336,17,4,3.0,Budget Buyers,"{'Strategy': 'Price-Based Promotions', 'Channels': ['SMS', 'Ads'], 'Offers': ['Coupons', 'Seasonal Discounts'], 'Goal': 'Increase purchase frequency'}",Price-Based Promotions,"SMS, Ads","Coupons, Seasonal Discounts",Increase purchase frequency
83790.0,81,4514,1615,25,1.0,New Customers,"{'Strategy': 'Welcome Campaign', 'Channels': ['Email', 'SMS'], 'Offers': ['First Purchase Discount'], 'Goal': 'Convert into repeat customers'}",Welcome Campaign,"Email, SMS",First Purchase Discount,Convert into repeat customers
44551.0,24,4590,285,12,3.0,Budget Buyers,"{'Strategy': 'Price-Based Promotions', 'Channels': ['SMS', 'Ads'], 'Offers': ['Coupons', 'Seasonal Discounts'], 'Goal': 'Increase purchase frequency'}",Price-Based Promotions,"SMS, Ads","Coupons, Seasonal Discounts",Increase purchase frequency
69508.0,48,4880,1135,28,1.0,New Customers,"{'Strategy': 'Welcome Campaign', 'Channels': ['Email', 'SMS'], 'Offers': ['First Purchase Discount'], 'Goal': 'Convert into repeat customers'}",Welcome Campaign,"Email, SMS",First Purchase Discount,Convert into repeat customers
45204.0,93,4367,114,7,3.0,Budget Buyers,"{'Strategy': 'Price-Based Promotions', 'Channels': ['SMS', 'Ads'], 'Offers': ['Coupons', 'Seasonal Discounts'], 'Goal': 'Increase purchase frequency'}",Price-Based Promotions,"SMS, Ads","Coupons, Seasonal Discounts",Increase purchase frequency
72460.0,56,4515,1047,16,2.0,At Risk Customers,"{'Strategy': 'Re-engagement Campaign', 'Channels': ['Email', 'Push Notifications'], 'Offers': ['Win-back Discounts'], 'Goal': 'Prevent churn'}",Re-engagement Campaign,"Email, Push Notifications",Win-back Discounts,Prevent churn
77622.0,3,4364,714,22,0.0,High Value Customers,"{'Strategy': 'Loyalty Rewards & Premium Offers', 'Channels': ['Email', 'Personal Calls'], 'Offers': ['Exclusive Discounts', 'Early Access'], 'Goal': 'Increase retention and lifetime value'}",Loyalty Rewards & Premium Offers,"Email, Personal Calls","Exclusive Discounts, Early Access",Increase retention and lifetime value
30732.0,44,4828,185,13,2.0,At Risk Customers,"{'Strategy': 'Re-engagement Campaign', 'Channels': ['Email', 'Push Notifications'], 'Offers': ['Win-back Discounts'], 'Goal': 'Prevent churn'}",Re-engagement Campaign,"Email, Push Notifications",Win-back Discounts,Prevent churn
63887.0,38,4947,1245,32,0.0,High Value Customers,"{'Strategy': 'Loyalty Rewards & Premium Offers', 'Channels': ['Email', 'Personal Calls'], 'Offers': ['Exclusive Discounts', 'Early Access'], 'Goal': 'Increase retention and lifetime value'}",Loyalty Rewards & Premium Offers,"Email, Personal Calls","Exclusive Discounts, Early Access",Increase retention and lifetime value
42011.0,46,4748,189,12,3.0,Budget Buyers,"{'Strategy': 'Price-Based Promotions', 'Channels': ['SMS', 'Ads'], 'Offers': ['Coupons', 'Seasonal Discounts'], 'Goal': 'Increase purchase frequency'}",Price-Based Promotions,"SMS, Ads","Coupons, Seasonal Discounts",Increase purchase frequency
51369.0,84,4900,576,16,2.0,At Risk Customers,"{'Strategy': 'Re-engagement Campaign', 'Channels': ['Email', 'Push Notifications'], 'Offers': ['Win-back Discounts'], 'Goal': 'Prevent churn'}",Re-engagement Campaign,"Email, Push Notifications",Win-back Discounts,Prevent churn
51537.0,27,4855,1103,18,3.0,Budget Buyers,"{'Strategy': 'Price-Based Promotions', 'Channels': ['SMS', 'Ads'], 'Offers': ['Coupons', 'Seasonal Discounts'], 'Goal': 'Increase purchase frequency'}",Price-Based Promotions,"SMS, Ads","Coupons, Seasonal Discounts",Increase purchase frequency
79930.0,72,4978,1753,17,1.0,New Customers,"{'Strategy': 'Welcome Campaign', 'Channels': ['Email', 'SMS'], 'Offers': ['First Purchase Discount'], 'Goal': 'Convert into repeat customers'}",Welcome Campaign,"Email, SMS",First Purchase Discount,Convert into repeat customers
34320.0,66,4421,17,4,0.0,High Value Customers,"{'Strategy': 'Loyalty Rewards & Premium Offers', 'Channels': ['Email', 'Personal Calls'], 'Offers': ['Exclusive Discounts', 'Early Access'], 'Goal': 'Increase retention and lifetime value'}",Loyalty Rewards & Premium Offers,"Email, Personal Calls","Exclusive Discounts, Early Access",Increase retention and lifetime value
37070.0,30,4754,433,23,2.0,At Risk Customers,"{'Strategy': 'Re-engagement Campaign', 'Channels': ['Email', 'Push Notifications'], 'Offers': ['Win-back Discounts'], 'Goal': 'Prevent churn'}",Re-engagement Campaign,"Email, Push Notifications",Win-back Discounts,Prevent churn
81975.0,2,4828,1588,14,0.0,High Value Customers,"{'Strategy': 'Loyalty Rewards & Premium Offers', 'Channels': ['Email', 'Personal Calls'], 'Offers': ['Exclusive Discounts', 'Early Access'], 'Goal': 'Increase retention and lifetime value'}",Loyalty Rewards & Premium Offers,"Email, Personal Calls","Exclusive Discounts, Early Access",Increase retention and lifetime value
38590.0,65,4698,22,4,1.0,New Customers,"{'Strategy': 'Welcome Campaign', 'Channels': ['Email', 'SMS'], 'Offers': ['First Purchase Discount'], 'Goal': 'Convert into repeat customers'}",Welcome Campaign,"Email, SMS",First Purchase Discount,Convert into repeat customers
15033.0,37,4362,19,5,3.0,Budget Buyers,"{'Strategy': 'Price-Based Promotions', 'Channels': ['SMS', 'Ads'], 'Offers': ['Coupons', 'Seasonal Discounts'], 'Goal': 'Increase purchase frequency'}",Price-Based Promotions,"SMS, Ads","Coupons, Seasonal Discounts",Increase purchase frequency
62745.0,89,4751,1117,29,1.0,New Customers,"{'Strategy': 'Welcome Campaign', 'Channels': ['Email', 'SMS'], 'Offers': ['First Purchase Discount'], 'Goal': 'Convert into repeat customers'}",Welcome Campaign,"Email, SMS",First Purchase Discount,Convert into repeat customers
22212.0,49,4490,69,8,1.0,New Customers,"{'Strategy': 'Welcome Campaign', 'Channels': ['Email', 'SMS'], 'Offers': ['First Purchase Discount'], 'Goal': 'Convert into repeat customers'}",Welcome Campaign,"Email, SMS",First Purchase Discount,Convert into repeat customers
23661.0,46,4495,23,5,2.0,At Risk Customers,"{'Strategy': 'Re-engagement Campaign', 'Channels': ['Email', 'Push Notifications'], 'Offers': ['Win-back Discounts'], 'Goal': 'Prevent churn'}",Re-engagement Campaign,"Email, Push Notifications",Win-back Discounts,Prevent churn
79761.0,32,4556,605,19,1.0,New Customers,"{'Strategy': 'Welcome Campaign', 'Channels': ['Email', 'SMS'], 'Offers': ['First Purchase Discount'], 'Goal': 'Convert into repeat customers'}",Welcome Campaign,"Email, SMS",First Purchase Discount,Convert into repeat customers
7500.0,54,4473,57,11,3.0,Budget Buyers,"{'Strategy': 'Price-Based Promotions', 'Channels': ['SMS', 'Ads'], 'Offers': ['Coupons', 'Seasonal Discounts'], 'Goal': 'Increase purchase frequency'}",Price-Based Promotions,"SMS, Ads","Coupons, Seasonal Discounts",Increase purchase frequency
60182.0,23,4331,22,4,3.0,Budget Buyers,"{'Strategy': 'Price-Based Promotions', 'Channels': ['SMS', 'Ads'], 'Offers': ['Coupons', 'Seasonal Discounts'], 'Goal': 'Increase purchase frequency'}",Price-Based Promotions,"SMS, Ads","Coupons, Seasonal Discounts",Increase purchase frequency
73455.0,98,4532,2088,22,1.0,New Customers,"{'Strategy': 'Welcome Campaign', 'Channels': ['Email', 'SMS'], 'Offers': ['First Purchase Discount'], 'Goal': 'Convert into repeat customers'}",Welcome Campaign,"Email, SMS",First Purchase Discount,Convert into repeat customers
64961.0,97,4841,1009,16,2.0,At Risk Customers,"{'Strategy': 'Re-engagement Campaign', 'Channels': ['Email', 'Push Notifications'], 'Offers': ['Win-back Discounts'], 'Goal': 'Prevent churn'}",Re-engagement Campaign,"Email, Push Notifications",Win-back Discounts,Prevent churn
22804.0,75,4621,26,5,2.0,At Risk Customers,"{'Strategy': 'Re-engagement Campaign', 'Channels': ['Email', 'Push Notifications'], 'Offers': ['Win-back Discounts'], 'Goal': 'Prevent churn'}",Re-engagement Campaign,"Email, Push Notifications",Win-back Discounts,Prevent churn
73687.0,8,4501,1627,22,1.0,New Customers,"{'Strategy': 'Welcome Campaign', 'Channels': ['Email', 'SMS'], 'Offers': ['First Purchase Discount'], 'Goal': 'Convert into repeat customers'}",Welcome Campaign,"Email, SMS",First Purchase Discount,Convert into repeat customers
61074.0,37,4969,1102,31,2.0,At Risk Customers,"{'Strategy': 'Re-engagement Campaign', 'Channels': ['Email', 'Push Notifications'], 'Offers': ['Win-back Discounts'], 'Goal': 'Prevent churn'}",Re-engagement Campaign,"Email, Push Notifications",Win-back Discounts,Prevent churn
31686.0,31,4312,17,6,3.0,Budget Buyers,"{'Strategy': 'Price-Based Promotions', 'Channels': ['SMS', 'Ads'], 'Offers': ['Coupons', 'Seasonal Discounts'], 'Goal': 'Increase purchase frequency'}",Price-Based Promotions,"SMS, Ads","Coupons, Seasonal Discounts",Increase purchase frequency
80134.0,40,4693,1690,16,3.0,Budget Buyers,"{'Strategy': 'Price-Based Promotions', 'Channels': ['SMS', 'Ads'], 'Offers': ['Coupons', 'Seasonal Discounts'], 'Goal': 'Increase purchase frequency'}",Price-Based Promotions,"SMS, Ads","Coupons, Seasonal Discounts",Increase purchase frequency
75027.0,74,4824,1390,21,3.0,Budget Buyers,"{'Strategy': 'Price-Based Promotions', 'Channels': ['SMS', 'Ads'], 'Offers': ['Coupons', 'Seasonal Discounts'], 'Goal': 'Increase purchase frequency'}",Price-Based Promotions,"SMS, Ads","Coupons, Seasonal Discounts",Increase purchase frequency
67546.0,90,4955,2126,20,1.0,New Customers,"{'Strategy': 'Welcome Campaign', 'Channels': ['Email', 'SMS'], 'Offers': ['First Purchase Discount'], 'Goal': 'Convert into repeat customers'}",Welcome Campaign,"Email, SMS",First Purchase Discount,Convert into repeat customers
65176.0,57,4896,1531,25,1.0,New Customers,"{'Strategy': 'Welcome Campaign', 'Channels': ['Email', 'SMS'], 'Offers': ['First Purchase Discount'], 'Goal': 'Convert into repeat customers'}",Welcome Campaign,"Email, SMS",First Purchase Discount,Convert into repeat customers
31160.0,59,4574,64,7,2.0,At Risk Customers,"{'Strategy': 'Re-engagement Campaign', 'Channels': ['Email', 'Push Notifications'], 'Offers': ['Win-back Discounts'], 'Goal': 'Prevent churn'}",Re-engagement Campaign,"Email, Push Notifications",Win-back Discounts,Prevent churn
29938.0,52,4533,26,6,0.0,High Value Customers,"{'Strategy': 'Loyalty Rewards & Premium Offers', 'Channels': ['Email', 'Personal Calls'], 'Offers': ['Exclusive Discounts', 'Early Access'], 'Goal': 'Increase retention and lifetime value'}",Loyalty Rewards & Premium Offers,"Email, Personal Calls","Exclusive Discounts, Early Access",Increase retention and lifetime value
102692.0,5,4738,1112,29,3.0,Budget Buyers,"{'Strategy': 'Price-Based Promotions', 'Channels': ['SMS', 'Ads'], 'Offers': ['Coupons', 'Seasonal Discounts'], 'Goal': 'Increase purchase frequency'}",Price-Based Promotions,"SMS, Ads","Coupons, Seasonal Discounts",Increase purchase frequency
26490.0,92,4933,210,11,0.0,High Value Customers,"{'Strategy': 'Loyalty Rewards & Premium Offers', 'Channels': ['Email', 'Personal Calls'], 'Offers': ['Exclusive Discounts', 'Early Access'], 'Goal': 'Increase retention and lifetime value'}",Loyalty Rewards & Premium Offers,"Email, Personal Calls","Exclusive Discounts, Early Access",Increase retention and lifetime value
75702.0,77,4957,1148,26,3.0,Budget Buyers,"{'Strategy': 'Price-Based Promotions', 'Channels': ['SMS', 'Ads'], 'Offers': ['Coupons', 'Seasonal Discounts'], 'Goal': 'Increase purchase frequency'}",Price-Based Promotions,"SMS, Ads","Coupons, Seasonal Discounts",Increase purchase frequency
30899.0,35,4912,33,6,0.0,High Value Customers,"{'Strategy': 'Loyalty Rewards & Premium Offers', 'Channels': ['Email', 'Personal Calls'], 'Offers': ['Exclusive Discounts', 'Early Access'], 'Goal': 'Increase retention and lifetime value'}",Loyalty Rewards & Premium Offers,"Email, Personal Calls","Exclusive Discounts, Early Access",Increase retention and lifetime value
63342.0,48,4909,1101,19,0.0,High Value Customers,"{'Strategy': 'Loyalty Rewards & Premium Offers', 'Channels': ['Email', 'Personal Calls'], 'Offers': ['Exclusive Discounts', 'Early Access'], 'Goal': 'Increase retention and lifetime value'}",Loyalty Rewards & Premium Offers,"Email, Personal Calls","Exclusive Discounts, Early Access",Increase retention and lifetime value
45989.0,97,4903,322,16,1.0,New Customers,"{'Strategy': 'Welcome Campaign', 'Channels': ['Email', 'SMS'], 'Offers': ['First Purchase Discount'], 'Goal': 'Convert into repeat customers'}",Welcome Campaign,"Email, SMS",First Purchase Discount,Convert into repeat customers
18701.0,95,4678,44,10,0.0,High Value Customers,"{'Strategy': 'Loyalty Rewards & Premium Offers', 'Channels': ['Email', 'Personal Calls'], 'Offers': ['Exclusive Discounts', 'Early Access'], 'Goal': 'Increase retention and lifetime value'}",Loyalty Rewards & Premium Offers,"Email, Personal Calls","Exclusive Discounts, Early Access",Increase retention and lifetime value
40737.0,24,4491,17,4,2.0,At Risk Customers,"{'Strategy': 'Re-engagement Campaign', 'Channels': ['Email', 'Push Notifications'], 'Offers': ['Win-back Discounts'], 'Goal': 'Prevent churn'}",Re-engagement Campaign,"Email, Push Notifications",Win-back Discounts,Prevent churn
15287.0,60,4915,31,6,1.0,New Customers,"{'Strategy': 'Welcome Campaign', 'Channels': ['Email', 'SMS'], 'Offers': ['First Purchase Discount'], 'Goal': 'Convert into repeat customers'}",Welcome Campaign,"Email, SMS",First Purchase Discount,Convert into repeat customers
69674.0,46,4691,845,25,0.0,High Value Customers,"{'Strategy': 'Loyalty Rewards & Premium Offers', 'Channels': ['Email', 'Personal Calls'], 'Offers': ['Exclusive Discounts', 'Early Access'], 'Goal': 'Increase retention and lifetime value'}",Loyalty Rewards & Premium Offers,"Email, Personal Calls","Exclusive Discounts, Early Access",Increase retention and lifetime value
44159.0,85,4300,275,15,0.0,High Value Customers,"{'Strategy': 'Loyalty Rewards & Premium Offers', 'Channels': ['Email', 'Personal Calls'], 'Offers': ['Exclusive Discounts', 'Early Access'], 'Goal': 'Increase retention and lifetime value'}",Loyalty Rewards & Premium Offers,"Email, Personal Calls","Exclusive Discounts, Early Access",Increase retention and lifetime value
37717.0,31,4871,25,4,0.0,High Value Customers,"{'Strategy': 'Loyalty Rewards & Premium Offers', 'Channels': ['Email', 'Personal Calls'], 'Offers': ['Exclusive Discounts', 'Early Access'], 'Goal': 'Increase retention and lifetime value'}",Loyalty Rewards & Premium Offers,"Email, Personal Calls","Exclusive Discounts, Early Access",Increase retention and lifetime value
43776.0,9,4799,275,17,2.0,At Risk Customers,"{'Strategy': 'Re-engagement Campaign', 'Channels': ['Email', 'Push Notifications'], 'Offers': ['Win-back Discounts'], 'Goal': 'Prevent churn'}",Re-engagement Campaign,"Email, Push Notifications",Win-back Discounts,Prevent churn
38179.0,30,4760,90,11,0.0,High Value Customers,"{'Strategy': 'Loyalty Rewards & Premium Offers', 'Channels': ['Email', 'Personal Calls'], 'Offers': ['Exclusive Discounts', 'Early Access'], 'Goal': 'Increase retention and lifetime value'}",Loyalty Rewards & Premium Offers,"Email, Personal Calls","Exclusive Discounts, Early Access",Increase retention and lifetime value
80124.0,47,4291,1495,19,2.0,At Risk Customers,"{'Strategy': 'Re-engagement Campaign', 'Channels': ['Email', 'Push Notifications'], 'Offers': ['Win-back Discounts'], 'Goal': 'Prevent churn'}",Re-engagement Campaign,"Email, Push Notifications",Win-back Discounts,Prevent churn
38097.0,70,4910,184,11,1.0,New Customers,"{'Strategy': 'Welcome Campaign', 'Channels': ['Email', 'SMS'], 'Offers': ['First Purchase Discount'], 'Goal': 'Convert into repeat customers'}",Welcome Campaign,"Email, SMS",First Purchase Discount,Convert into repeat customers
72940.0,13,4663,981,13,2.0,At Risk Customers,"{'Strategy': 'Re-engagement Campaign', 'Channels': ['Email', 'Push Notifications'], 'Offers': ['Win-back Discounts'], 'Goal': 'Prevent churn'}",Re-engagement Campaign,"Email, Push Notifications",Win-back Discounts,Prevent churn
22070.0,11,4556,67,8,1.0,New Customers,"{'Strategy': 'Welcome Campaign', 'Channels': ['Email', 'SMS'], 'Offers': ['First Purchase Discount'], 'Goal': 'Convert into repeat customers'}",Welcome Campaign,"Email, SMS",First Purchase Discount,Convert into repeat customers
69267.0,31,4933,1635,14,1.0,New Customers,"{'Strategy': 'Welcome Campaign', 'Channels': ['Email', 'SMS'], 'Offers': ['First Purchase Discount'], 'Goal': 'Convert into repeat customers'}",Welcome Campaign,"Email, SMS",First Purchase Discount,Convert into repeat customers
31788.0,15,4389,60,10,1.0,New Customers,"{'Strategy': 'Welcome Campaign', 'Channels': ['Email', 'SMS'], 'Offers': ['First Purchase Discount'], 'Goal': 'Convert into repeat customers'}",Welcome Campaign,"Email, SMS",First Purchase Discount,Convert into repeat customers
61905.0,2,4433,231,12,0.0,High Value Customers,"{'Strategy': 'Loyalty Rewards & Premium Offers', 'Channels': ['Email', 'Personal Calls'], 'Offers': ['Exclusive Discounts', 'Early Access'], 'Goal': 'Increase retention and lifetime value'}",Loyalty Rewards & Premium Offers,"Email, Personal Calls","Exclusive Discounts, Early Access",Increase retention and lifetime value
29315.0,55,4372,48,10,3.0,Budget Buyers,"{'Strategy': 'Price-Based Promotions', 'Channels': ['SMS', 'Ads'], 'Offers': ['Coupons', 'Seasonal Discounts'], 'Goal': 'Increase purchase frequency'}",Price-Based Promotions,"SMS, Ads","Coupons, Seasonal Discounts",Increase purchase frequency
33378.0,38,4796,99,9,3.0,Budget Buyers,"{'Strategy': 'Price-Based Promotions', 'Channels': ['SMS', 'Ads'], 'Offers': ['Coupons', 'Seasonal Discounts'], 'Goal': 'Increase purchase frequency'}",Price-Based Promotions,"SMS, Ads","Coupons, Seasonal Discounts",Increase purchase frequency
66313.0,86,4574,770,23,2.0,At Risk Customers,"{'Strategy': 'Re-engagement Campaign', 'Channels': ['Email', 'Push Notifications'], 'Offers': ['Win-back Discounts'], 'Goal': 'Prevent churn'}",Re-engagement Campaign,"Email, Push Notifications",Win-back Discounts,Prevent churn
60714.0,56,4816,957,23,2.0,At Risk Customers,"{'Strategy': 'Re-engagement Campaign', 'Channels': ['Email', 'Push Notifications'], 'Offers': ['Win-back Discounts'], 'Goal': 'Prevent churn'}",Re-engagement Campaign,"Email, Push Notifications",Win-back Discounts,Prevent churn
77882.0,29,4348,818,12,3.0,Budget Buyers,"{'Strategy': 'Price-Based Promotions', 'Channels': ['SMS', 'Ads'], 'Offers': ['Coupons', 'Seasonal Discounts'], 'Goal': 'Increase purchase frequency'}",Price-Based Promotions,"SMS, Ads","Coupons, Seasonal Discounts",Increase purchase frequency
69867.0,30,4741,925,17,0.0,High Value Customers,"{'Strategy': 'Loyalty Rewards & Premium Offers', 'Channels': ['Email', 'Personal Calls'], 'Offers': ['Exclusive Discounts', 'Early Access'], 'Goal': 'Increase retention and lifetime value'}",Loyalty Rewards & Premium Offers,"Email, Personal Calls","Exclusive Discounts, Early Access",Increase retention and lifetime value
63841.0,64,4722,908,22,3.0,Budget Buyers,"{'Strategy': 'Price-Based Promotions', 'Channels': ['SMS', 'Ads'], 'Offers': ['Coupons', 'Seasonal Discounts'], 'Goal': 'Increase purchase frequency'}",Price-Based Promotions,"SMS, Ads","Coupons, Seasonal Discounts",Increase purchase frequency
24480.0,46,4791,102,10,0.0,High Value Customers,"{'Strategy': 'Loyalty Rewards & Premium Offers', 'Channels': ['Email', 'Personal Calls'], 'Offers': ['Exclusive Discounts', 'Early Access'], 'Goal': 'Increase retention and lifetime value'}",Loyalty Rewards & Premium Offers,"Email, Personal Calls","Exclusive Discounts, Early Access",Increase retention and lifetime value
51369.0,84,4900,576,16,1.0,New Customers,"{'Strategy': 'Welcome Campaign', 'Channels': ['Email', 'SMS'], 'Offers': ['First Purchase Discount'], 'Goal': 'Convert into repeat customers'}",Welcome Campaign,"Email, SMS",First Purchase Discount,Convert into repeat customers
37760.0,20,4955,317,13,1.0,New Customers,"{'Strategy': 'Welcome Campaign', 'Channels': ['Email', 'SMS'], 'Offers': ['First Purchase Discount'], 'Goal': 'Convert into repeat customers'}",Welcome Campaign,"Email, SMS",First Purchase Discount,Convert into repeat customers
65640.0,74,4408,461,15,1.0,New Customers,"{'Strategy': 'Welcome Campaign', 'Channels': ['Email', 'SMS'], 'Offers': ['First Purchase Discount'], 'Goal': 'Convert into repeat customers'}",Welcome Campaign,"Email, SMS",First Purchase Discount,Convert into repeat customers
44319.0,18,4361,37,7,2.0,At Risk Customers,"{'Strategy': 'Re-engagement Campaign', 'Channels': ['Email', 'Push Notifications'], 'Offers': ['Win-back Discounts'], 'Goal': 'Prevent churn'}",Re-engagement Campaign,"Email, Push Notifications",Win-back Discounts,Prevent churn
30631.0,75,4640,70,7,3.0,Budget Buyers,"{'Strategy': 'Price-Based Promotions', 'Channels': ['SMS', 'Ads'], 'Offers': ['Coupons', 'Seasonal Discounts'], 'Goal': 'Increase purchase frequency'}",Price-Based Promotions,"SMS, Ads","Coupons, Seasonal Discounts",Increase purchase frequency
75278.0,17,4804,930,23,2.0,At Risk Customers,"{'Strategy': 'Re-engagement Campaign', 'Channels': ['Email', 'Push Notifications'], 'Offers': ['Win-back Discounts'], 'Goal': 'Prevent churn'}",Re-engagement Campaign,"Email, Push Notifications",Win-back Discounts,Prevent churn
50898.0,88,4825,859,33,0.0,High Value Customers,"{'Strategy': 'Loyalty Rewards & Premium Offers', 'Channels': ['Email', 'Personal Calls'], 'Offers': ['Exclusive Discounts', 'Early Access'], 'Goal': 'Increase retention and lifetime value'}",Loyalty Rewards & Premium Offers,"Email, Personal Calls","Exclusive Discounts, Early Access",Increase retention and lifetime value
79946.0,19,4336,1478,22,0.0,High Value Customers,"{'Strategy': 'Loyalty Rewards & Premium Offers', 'Channels': ['Email', 'Personal Calls'], 'Offers': ['Exclusive Discounts', 'Early Access'], 'Goal': 'Increase retention and lifetime value'}",Loyalty Rewards & Premium Offers,"Email, Personal Calls","Exclusive Discounts, Early Access",Increase retention and lifetime value
35416.0,62,4669,390,16,1.0,New Customers,"{'Strategy': 'Welcome Campaign', 'Channels': ['Email', 'SMS'], 'Offers': ['First Purchase Discount'], 'Goal': 'Convert into repeat customers'}",Welcome Campaign,"Email, SMS",First Purchase Discount,Convert into repeat customers
32414.0,11,4648,52,5,2.0,At Risk Customers,"{'Strategy': 'Re-engagement Campaign', 'Channels': ['Email', 'Push Notifications'], 'Offers': ['Win-back Discounts'], 'Goal': 'Prevent churn'}",Re-engagement Campaign,"Email, Push Notifications",Win-back Discounts,Prevent churn
38361.0,74,4472,137,10,1.0,New Customers,"{'Strategy': 'Welcome Campaign', 'Channels': ['Email', 'SMS'], 'Offers': ['First Purchase Discount'], 'Goal': 'Convert into repeat customers'}",Welcome Campaign,"Email, SMS",First Purchase Discount,Convert into repeat customers
82497.0,32,4894,1919,19,0.0,High Value Customers,"{'Strategy': 'Loyalty Rewards & Premium Offers', 'Channels': ['Email', 'Personal Calls'], 'Offers': ['Exclusive Discounts', 'Early Access'], 'Goal': 'Increase retention and lifetime value'}",Loyalty Rewards & Premium Offers,"Email, Personal Calls","Exclusive Discounts, Early Access",Increase retention and lifetime value
16626.0,76,4453,68,9,3.0,Budget Buyers,"{'Strategy': 'Price-Based Promotions', 'Channels': ['SMS', 'Ads'], 'Offers': ['Coupons', 'Seasonal Discounts'], 'Goal': 'Increase purchase frequency'}",Price-Based Promotions,"SMS, Ads","Coupons, Seasonal Discounts",Increase purchase frequency
29672.0,6,4762,25,4,0.0,High Value Customers,"{'Strategy': 'Loyalty Rewards & Premium Offers', 'Channels': ['Email', 'Personal Calls'], 'Offers': ['Exclusive Discounts', 'Early Access'], 'Goal': 'Increase retention and lifetime value'}",Loyalty Rewards & Premium Offers,"Email, Personal Calls","Exclusive Discounts, Early Access",Increase retention and lifetime value
55951.0,62,4963,1374,23,0.0,High Value Customers,"{'Strategy': 'Loyalty Rewards & Premium Offers', 'Channels': ['Email', 'Personal Calls'], 'Offers': ['Exclusive Discounts', 'Early Access'], 'Goal': 'Increase retention and lifetime value'}",Loyalty Rewards & Premium Offers,"Email, Personal Calls","Exclusive Discounts, Early Access",Increase retention and lifetime value
35388.0,20,4767,32,5,3.0,Budget Buyers,"{'Strategy': 'Price-Based Promotions', 'Channels': ['SMS', 'Ads'], 'Offers': ['Coupons', 'Seasonal Discounts'], 'Goal': 'Increase purchase frequency'}",Price-Based Promotions,"SMS, Ads","Coupons, Seasonal Discounts",Increase purchase frequency
42386.0,43,4820,100,7,2.0,At Risk Customers,"{'Strategy': 'Re-engagement Campaign', 'Channels': ['Email', 'Push Notifications'], 'Offers': ['Win-back Discounts'], 'Goal': 'Prevent churn'}",Re-engagement Campaign,"Email, Push Notifications",Win-back Discounts,Prevent churn
68627.0,45,4821,825,12,1.0,New Customers,"{'Strategy': 'Welcome Campaign', 'Channels': ['Email', 'SMS'], 'Offers': ['First Purchase Discount'], 'Goal': 'Convert into repeat customers'}",Welcome Campaign,"Email, SMS",First Purchase Discount,Convert into repeat customers
57912.0,34,4392,916,28,2.0,At Risk Customers,"{'Strategy': 'Re-engagement Campaign', 'Channels': ['Email', 'Push Notifications'], 'Offers': ['Win-back Discounts'], 'Goal': 'Prevent churn'}",Re-engagement Campaign,"Email, Push Notifications",Win-back Discounts,Prevent churn
35246.0,53,4362,62,11,1.0,New Customers,"{'Strategy': 'Welcome Campaign', 'Channels': ['Email', 'SMS'], 'Offers': ['First Purchase Discount'], 'Goal': 'Convert into repeat customers'}",Welcome Campaign,"Email, SMS",First Purchase Discount,Convert into repeat customers
58821.0,44,4548,728,21,1.0,New Customers,"{'Strategy': 'Welcome Campaign', 'Channels': ['Email', 'SMS'], 'Offers': ['First Purchase Discount'], 'Goal': 'Convert into repeat customers'}",Welcome Campaign,"Email, SMS",First Purchase Discount,Convert into repeat customers
46377.0,89,4408,90,7,1.0,New Customers,"{'Strategy': 'Welcome Campaign', 'Channels': ['Email', 'SMS'], 'Offers': ['First Purchase Discount'], 'Goal': 'Convert into repeat customers'}",Welcome Campaign,"Email, SMS",First Purchase Discount,Convert into repeat customers
39747.0,43,4365,273,13,2.0,At Risk Customers,"{'Strategy': 'Re-engagement Campaign', 'Channels': ['Email', 'Push Notifications'], 'Offers': ['Win-back Discounts'], 'Goal': 'Prevent churn'}",Re-engagement Campaign,"Email, Push Notifications",Win-back Discounts,Prevent churn
23976.0,68,4472,66,10,0.0,High Value Customers,"{'Strategy': 'Loyalty Rewards & Premium Offers', 'Channels': ['Email', 'Personal Calls'], 'Offers': ['Exclusive Discounts', 'Early Access'], 'Goal': 'Increase retention and lifetime value'}",Loyalty Rewards & Premium Offers,"Email, Personal Calls","Exclusive Discounts, Early Access",Increase retention and lifetime value
80950.0,44,4746,1213,23,3.0,Budget Buyers,"{'Strategy': 'Price-Based Promotions', 'Channels': ['SMS', 'Ads'], 'Offers': ['Coupons', 'Seasonal Discounts'], 'Goal': 'Increase purchase frequency'}",Price-Based Promotions,"SMS, Ads","Coupons, Seasonal Discounts",Increase purchase frequency
27038.0,64,4937,107,7,3.0,Budget Buyers,"{'Strategy': 'Price-Based Promotions', 'Channels': ['SMS', 'Ads'], 'Offers': ['Coupons', 'Seasonal Discounts'], 'Goal': 'Increase purchase frequency'}",Price-Based Promotions,"SMS, Ads","Coupons, Seasonal Discounts",Increase purchase frequency
77457.0,85,4404,1157,18,0.0,High Value Customers,"{'Strategy': 'Loyalty Rewards & Premium Offers', 'Channels': ['Email', 'Personal Calls'], 'Offers': ['Exclusive Discounts', 'Early Access'], 'Goal': 'Increase retention and lifetime value'}",Loyalty Rewards & Premium Offers,"Email, Personal Calls","Exclusive Discounts, Early Access",Increase retention and lifetime value
64100.0,93,4580,546,18,1.0,New Customers,"{'Strategy': 'Welcome Campaign', 'Channels': ['Email', 'SMS'], 'Offers': ['First Purchase Discount'], 'Goal': 'Convert into repeat customers'}",Welcome Campaign,"Email, SMS",First Purchase Discount,Convert into repeat customers
42670.0,12,4716,241,11,1.0,New Customers,"{'Strategy': 'Welcome Campaign', 'Channels': ['Email', 'SMS'], 'Offers': ['First Purchase Discount'], 'Goal': 'Convert into repeat customers'}",Welcome Campaign,"Email, SMS",First Purchase Discount,Convert into repeat customers
12571.0,86,4450,53,11,3.0,Budget Buyers,"{'Strategy': 'Price-Based Promotions', 'Channels': ['SMS', 'Ads'], 'Offers': ['Coupons', 'Seasonal Discounts'], 'Goal': 'Increase purchase frequency'}",Price-Based Promotions,"SMS, Ads","Coupons, Seasonal Discounts",Increase purchase frequency
22574.0,28,4532,37,7,2.0,At Risk Customers,"{'Strategy': 'Re-engagement Campaign', 'Channels': ['Email', 'Push Notifications'], 'Offers': ['Win-back Discounts'], 'Goal': 'Prevent churn'}",Re-engagement Campaign,"Email, Push Notifications",Win-back Discounts,Prevent churn
52247.25135379061,69,4679,1611,24,1.0,New Customers,"{'Strategy': 'Welcome Campaign', 'Channels': ['Email', 'SMS'], 'Offers': ['First Purchase Discount'], 'Goal': 'Convert into repeat customers'}",Welcome Campaign,"Email, SMS",First Purchase Discount,Convert into repeat customers
70893.0,42,4796,1508,23,1.0,New Customers,"{'Strategy': 'Welcome Campaign', 'Channels': ['Email', 'SMS'], 'Offers': ['First Purchase Discount'], 'Goal': 'Convert into repeat customers'}",Welcome Campaign,"Email, SMS",First Purchase Discount,Convert into repeat customers
54198.0,13,4482,235,16,1.0,New Customers,"{'Strategy': 'Welcome Campaign', 'Channels': ['Email', 'SMS'], 'Offers': ['First Purchase Discount'], 'Goal': 'Convert into repeat customers'}",Welcome Campaign,"Email, SMS",First Purchase Discount,Convert into repeat customers
28839.0,86,4398,32,7,0.0,High Value Customers,"{'Strategy': 'Loyalty Rewards & Premium Offers', 'Channels': ['Email', 'Personal Calls'], 'Offers': ['Exclusive Discounts', 'Early Access'], 'Goal': 'Increase retention and lifetime value'}",Loyalty Rewards & Premium Offers,"Email, Personal Calls","Exclusive Discounts, Early Access",Increase retention and lifetime value
40321.0,59,4623,102,8,0.0,High Value Customers,"{'Strategy': 'Loyalty Rewards & Premium Offers', 'Channels': ['Email', 'Personal Calls'], 'Offers': ['Exclusive Discounts', 'Early Access'], 'Goal': 'Increase retention and lifetime value'}",Loyalty Rewards & Premium Offers,"Email, Personal Calls","Exclusive Discounts, Early Access",Increase retention and lifetime value
66503.0,30,4972,401,15,3.0,Budget Buyers,"{'Strategy': 'Price-Based Promotions', 'Channels': ['SMS', 'Ads'], 'Offers': ['Coupons', 'Seasonal Discounts'], 'Goal': 'Increase purchase frequency'}",Price-Based Promotions,"SMS, Ads","Coupons, Seasonal Discounts",Increase purchase frequency
30833.0,33,4636,28,6,2.0,At Risk Customers,"{'Strategy': 'Re-engagement Campaign', 'Channels': ['Email', 'Push Notifications'], 'Offers': ['Win-back Discounts'], 'Goal': 'Prevent churn'}",Re-engagement Campaign,"Email, Push Notifications",Win-back Discounts,Prevent churn
52247.25135379061,67,4598,1052,21,1.0,New Customers,"{'Strategy': 'Welcome Campaign', 'Channels': ['Email', 'SMS'], 'Offers': ['First Purchase Discount'], 'Goal': 'Convert into repeat customers'}",Welcome Campaign,"Email, SMS",First Purchase Discount,Convert into repeat customers
64795.0,23,4816,680,21,1.0,New Customers,"{'Strategy': 'Welcome Campaign', 'Channels': ['Email', 'SMS'], 'Offers': ['First Purchase Discount'], 'Goal': 'Convert into repeat customers'}",Welcome Campaign,"Email, SMS",First Purchase Discount,Convert into repeat customers
34421.0,81,4651,30,4,2.0,At Risk Customers,"{'Strategy': 'Re-engagement Campaign', 'Channels': ['Email', 'Push Notifications'], 'Offers': ['Win-back Discounts'], 'Goal': 'Prevent churn'}",Re-engagement Campaign,"Email, Push Notifications",Win-back Discounts,Prevent churn
47025.0,6,4428,20,4,3.0,Budget Buyers,"{'Strategy': 'Price-Based Promotions', 'Channels': ['SMS', 'Ads'], 'Offers': ['Coupons', 'Seasonal Discounts'], 'Goal': 'Increase purchase frequency'}",Price-Based Promotions,"SMS, Ads","Coupons, Seasonal Discounts",Increase purchase frequency
64325.0,41,4795,1307,23,3.0,Budget Buyers,"{'Strategy': 'Price-Based Promotions', 'Channels': ['SMS', 'Ads'], 'Offers': ['Coupons', 'Seasonal Discounts'], 'Goal': 'Increase purchase frequency'}",Price-Based Promotions,"SMS, Ads","Coupons, Seasonal Discounts",Increase purchase frequency
40464.0,78,4822,630,24,0.0,High Value Customers,"{'Strategy': 'Loyalty Rewards & Premium Offers', 'Channels': ['Email', 'Personal Calls'], 'Offers': ['Exclusive Discounts', 'Early Access'], 'Goal': 'Increase retention and lifetime value'}",Loyalty Rewards & Premium Offers,"Email, Personal Calls","Exclusive Discounts, Early Access",Increase retention and lifetime value
62187.0,49,4647,1283,18,1.0,New Customers,"{'Strategy': 'Welcome Campaign', 'Channels': ['Email', 'SMS'], 'Offers': ['First Purchase Discount'], 'Goal': 'Convert into repeat customers'}",Welcome Campaign,"Email, SMS",First Purchase Discount,Convert into repeat customers
14849.0,39,4650,65,9,0.0,High Value Customers,"{'Strategy': 'Loyalty Rewards & Premium Offers', 'Channels': ['Email', 'Personal Calls'], 'Offers': ['Exclusive Discounts', 'Early Access'], 'Goal': 'Increase retention and lifetime value'}",Loyalty Rewards & Premium Offers,"Email, Personal Calls","Exclusive Discounts, Early Access",Increase retention and lifetime value
27255.0,3,4522,37,5,0.0,High Value Customers,"{'Strategy': 'Loyalty Rewards & Premium Offers', 'Channels': ['Email', 'Personal Calls'], 'Offers': ['Exclusive Discounts', 'Early Access'], 'Goal': 'Increase retention and lifetime value'}",Loyalty Rewards & Premium Offers,"Email, Personal Calls","Exclusive Discounts, Early Access",Increase retention and lifetime value
54432.0,37,4704,38,5,0.0,High Value Customers,"{'Strategy': 'Loyalty Rewards & Premium Offers', 'Channels': ['Email', 'Personal Calls'], 'Offers': ['Exclusive Discounts', 'Early Access'], 'Goal': 'Increase retention and lifetime value'}",Loyalty Rewards & Premium Offers,"Email, Personal Calls","Exclusive Discounts, Early Access",Increase retention and lifetime value
29999.0,22,4789,160,12,1.0,New Customers,"{'Strategy': 'Welcome Campaign', 'Channels': ['Email', 'SMS'], 'Offers': ['First Purchase Discount'], 'Goal': 'Convert into repeat customers'}",Welcome Campaign,"Email, SMS",First Purchase Discount,Convert into repeat customers
24072.0,79,4727,23,4,3.0,Budget Buyers,"{'Strategy': 'Price-Based Promotions', 'Channels': ['SMS', 'Ads'], 'Offers': ['Coupons', 'Seasonal Discounts'], 'Goal': 'Increase purchase frequency'}",Price-Based Promotions,"SMS, Ads","Coupons, Seasonal Discounts",Increase purchase frequency
33996.0,46,4579,71,6,0.0,High Value Customers,"{'Strategy': 'Loyalty Rewards & Premium Offers', 'Channels': ['Email', 'Personal Calls'], 'Offers': ['Exclusive Discounts', 'Early Access'], 'Goal': 'Increase retention and lifetime value'}",Loyalty Rewards & Premium Offers,"Email, Personal Calls","Exclusive Discounts, Early Access",Increase retention and lifetime value
66334.0,82,4740,1161,19,0.0,High Value Customers,"{'Strategy': 'Loyalty Rewards & Premium Offers', 'Channels': ['Email', 'Personal Calls'], 'Offers': ['Exclusive Discounts', 'Early Access'], 'Goal': 'Increase retention and lifetime value'}",Loyalty Rewards & Premium Offers,"Email, Personal Calls","Exclusive Discounts, Early Access",Increase retention and lifetime value
35178.0,10,4823,59,5,2.0,At Risk Customers,"{'Strategy': 'Re-engagement Campaign', 'Channels': ['Email', 'Push Notifications'], 'Offers': ['Win-back Discounts'], 'Goal': 'Prevent churn'}",Re-engagement Campaign,"Email, Push Notifications",Win-back Discounts,Prevent churn
22010.0,51,4652,33,7,2.0,At Risk Customers,"{'Strategy': 'Re-engagement Campaign', 'Channels': ['Email', 'Push Notifications'], 'Offers': ['Win-back Discounts'], 'Goal': 'Prevent churn'}",Re-engagement Campaign,"Email, Push Notifications",Win-back Discounts,Prevent churn
62204.0,38,4943,946,22,0.0,High Value Customers,"{'Strategy': 'Loyalty Rewards & Premium Offers', 'Channels': ['Email', 'Personal Calls'], 'Offers': ['Exclusive Discounts', 'Early Access'], 'Goal': 'Increase retention and lifetime value'}",Loyalty Rewards & Premium Offers,"Email, Personal Calls","Exclusive Discounts, Early Access",Increase retention and lifetime value
75693.0,10,4858,1442,22,2.0,At Risk Customers,"{'Strategy': 'Re-engagement Campaign', 'Channels': ['Email', 'Push Notifications'], 'Offers': ['Win-back Discounts'], 'Goal': 'Prevent churn'}",Re-engagement Campaign,"Email, Push Notifications",Win-back Discounts,Prevent churn
30675.0,14,4882,62,5,3.0,Budget Buyers,"{'Strategy': 'Price-Based Promotions', 'Channels': ['SMS', 'Ads'], 'Offers': ['Coupons', 'Seasonal Discounts'], 'Goal': 'Increase purchase frequency'}",Price-Based Promotions,"SMS, Ads","Coupons, Seasonal Discounts",Increase purchase frequency
83003.0,18,4771,1674,22,1.0,New Customers,"{'Strategy': 'Welcome Campaign', 'Channels': ['Email', 'SMS'], 'Offers': ['First Purchase Discount'], 'Goal': 'Convert into repeat customers'}",Welcome Campaign,"Email, SMS",First Purchase Discount,Convert into repeat customers
83532.0,36,4564,1853,15,3.0,Budget Buyers,"{'Strategy': 'Price-Based Promotions', 'Channels': ['SMS', 'Ads'], 'Offers': ['Coupons', 'Seasonal Discounts'], 'Goal': 'Increase purchase frequency'}",Price-Based Promotions,"SMS, Ads","Coupons, Seasonal Discounts",Increase purchase frequency
68655.0,95,4976,1538,21,3.0,Budget Buyers,"{'Strategy': 'Price-Based Promotions', 'Channels': ['SMS', 'Ads'], 'Offers': ['Coupons', 'Seasonal Discounts'], 'Goal': 'Increase purchase frequency'}",Price-Based Promotions,"SMS, Ads","Coupons, Seasonal Discounts",Increase purchase frequency
41411.0,11,4492,139,8,1.0,New Customers,"{'Strategy': 'Welcome Campaign', 'Channels': ['Email', 'SMS'], 'Offers': ['First Purchase Discount'], 'Goal': 'Convert into repeat customers'}",Welcome Campaign,"Email, SMS",First Purchase Discount,Convert into repeat customers
55212.0,65,4871,1182,20,3.0,Budget Buyers,"{'Strategy': 'Price-Based Promotions', 'Channels': ['SMS', 'Ads'], 'Offers': ['Coupons', 'Seasonal Discounts'], 'Goal': 'Increase purchase frequency'}",Price-Based Promotions,"SMS, Ads","Coupons, Seasonal Discounts",Increase purchase frequency
59292.0,71,4669,507,18,1.0,New Customers,"{'Strategy': 'Welcome Campaign', 'Channels': ['Email', 'SMS'], 'Offers': ['First Purchase Discount'], 'Goal': 'Convert into repeat customers'}",Welcome Campaign,"Email, SMS",First Purchase Discount,Convert into repeat customers
27190.0,13,4606,18,4,2.0,At Risk Customers,"{'Strategy': 'Re-engagement Campaign', 'Channels': ['Email', 'Push Notifications'], 'Offers': ['Win-back Discounts'], 'Goal': 'Prevent churn'}",Re-engagement Campaign,"Email, Push Notifications",Win-back Discounts,Prevent churn
82623.0,58,4519,940,16,0.0,High Value Customers,"{'Strategy': 'Loyalty Rewards & Premium Offers', 'Channels': ['Email', 'Personal Calls'], 'Offers': ['Exclusive Discounts', 'Early Access'], 'Goal': 'Increase retention and lifetime value'}",Loyalty Rewards & Premium Offers,"Email, Personal Calls","Exclusive Discounts, Early Access",Increase retention and lifetime value
44300.0,65,4659,42,6,1.0,New Customers,"{'Strategy': 'Welcome Campaign', 'Channels': ['Email', 'SMS'], 'Offers': ['First Purchase Discount'], 'Goal': 'Convert into repeat customers'}",Welcome Campaign,"Email, SMS",First Purchase Discount,Convert into repeat customers
84835.0,0,4301,1190,15,3.0,Budget Buyers,"{'Strategy': 'Price-Based Promotions', 'Channels': ['SMS', 'Ads'], 'Offers': ['Coupons', 'Seasonal Discounts'], 'Goal': 'Increase purchase frequency'}",Price-Based Promotions,"SMS, Ads","Coupons, Seasonal Discounts",Increase purchase frequency
30372.0,33,4839,44,8,3.0,Budget Buyers,"{'Strategy': 'Price-Based Promotions', 'Channels': ['SMS', 'Ads'], 'Offers': ['Coupons', 'Seasonal Discounts'], 'Goal': 'Increase purchase frequency'}",Price-Based Promotions,"SMS, Ads","Coupons, Seasonal Discounts",Increase purchase frequency
33181.0,90,4465,16,4,2.0,At Risk Customers,"{'Strategy': 'Re-engagement Campaign', 'Channels': ['Email', 'Push Notifications'], 'Offers': ['Win-back Discounts'], 'Goal': 'Prevent churn'}",Re-engagement Campaign,"Email, Push Notifications",Win-back Discounts,Prevent churn
71113.0,95,4482,835,26,2.0,At Risk Customers,"{'Strategy': 'Re-engagement Campaign', 'Channels': ['Email', 'Push Notifications'], 'Offers': ['Win-back Discounts'], 'Goal': 'Prevent churn'}",Re-engagement Campaign,"Email, Push Notifications",Win-back Discounts,Prevent churn
71952.0,93,4823,1443,22,3.0,Budget Buyers,"{'Strategy': 'Price-Based Promotions', 'Channels': ['SMS', 'Ads'], 'Offers': ['Coupons', 'Seasonal Discounts'], 'Goal': 'Increase purchase frequency'}",Price-Based Promotions,"SMS, Ads","Coupons, Seasonal Discounts",Increase purchase frequency
69759.0,38,4532,1029,18,1.0,New Customers,"{'Strategy': 'Welcome Campaign', 'Channels': ['Email', 'SMS'], 'Offers': ['First Purchase Discount'], 'Goal': 'Convert into repeat customers'}",Welcome Campaign,"Email, SMS",First Purchase Discount,Convert into repeat customers
72099.0,18,4898,1188,18,0.0,High Value Customers,"{'Strategy': 'Loyalty Rewards & Premium Offers', 'Channels': ['Email', 'Personal Calls'], 'Offers': ['Exclusive Discounts', 'Early Access'], 'Goal': 'Increase retention and lifetime value'}",Loyalty Rewards & Premium Offers,"Email, Personal Calls","Exclusive Discounts, Early Access",Increase retention and lifetime value
60000.0,57,4842,1277,24,2.0,At Risk Customers,"{'Strategy': 'Re-engagement Campaign', 'Channels': ['Email', 'Push Notifications'], 'Offers': ['Win-back Discounts'], 'Goal': 'Prevent churn'}",Re-engagement Campaign,"Email, Push Notifications",Win-back Discounts,Prevent churn
38643.0,45,4500,49,7,3.0,Budget Buyers,"{'Strategy': 'Price-Based Promotions', 'Channels': ['SMS', 'Ads'], 'Offers': ['Coupons', 'Seasonal Discounts'], 'Goal': 'Increase purchase frequency'}",Price-Based Promotions,"SMS, Ads","Coupons, Seasonal Discounts",Increase purchase frequency
50737.0,61,4702,99,7,1.0,New Customers,"{'Strategy': 'Welcome Campaign', 'Channels': ['Email', 'SMS'], 'Offers': ['First Purchase Discount'], 'Goal': 'Convert into repeat customers'}",Welcome Campaign,"Email, SMS",First Purchase Discount,Convert into repeat customers
68462.0,6,4852,1670,15,3.0,Budget Buyers,"{'Strategy': 'Price-Based Promotions', 'Channels': ['SMS', 'Ads'], 'Offers': ['Coupons', 'Seasonal Discounts'], 'Goal': 'Increase purchase frequency'}",Price-Based Promotions,"SMS, Ads","Coupons, Seasonal Discounts",Increase purchase frequency
65073.0,65,4601,900,14,2.0,At Risk Customers,"{'Strategy': 'Re-engagement Campaign', 'Channels': ['Email', 'Push Notifications'], 'Offers': ['Win-back Discounts'], 'Goal': 'Prevent churn'}",Re-engagement Campaign,"Email, Push Notifications",Win-back Discounts,Prevent churn
46681.0,52,4552,425,16,1.0,New Customers,"{'Strategy': 'Welcome Campaign', 'Channels': ['Email', 'SMS'], 'Offers': ['First Purchase Discount'], 'Goal': 'Convert into repeat customers'}",Welcome Campaign,"Email, SMS",First Purchase Discount,Convert into repeat customers
78618.0,87,4927,2153,22,0.0,High Value Customers,"{'Strategy': 'Loyalty Rewards & Premium Offers', 'Channels': ['Email', 'Personal Calls'], 'Offers': ['Exclusive Discounts', 'Early Access'], 'Goal': 'Increase retention and lifetime value'}",Loyalty Rewards & Premium Offers,"Email, Personal Calls","Exclusive Discounts, Early Access",Increase retention and lifetime value
62187.0,38,4387,636,21,3.0,Budget Buyers,"{'Strategy': 'Price-Based Promotions', 'Channels': ['SMS', 'Ads'], 'Offers': ['Coupons', 'Seasonal Discounts'], 'Goal': 'Increase purchase frequency'}",Price-Based Promotions,"SMS, Ads","Coupons, Seasonal Discounts",Increase purchase frequency
28442.0,53,4413,57,10,3.0,Budget Buyers,"{'Strategy': 'Price-Based Promotions', 'Channels': ['SMS', 'Ads'], 'Offers': ['Coupons', 'Seasonal Discounts'], 'Goal': 'Increase purchase frequency'}",Price-Based Promotions,"SMS, Ads","Coupons, Seasonal Discounts",Increase purchase frequency
37717.0,31,4871,25,4,3.0,Budget Buyers,"{'Strategy': 'Price-Based Promotions', 'Channels': ['SMS', 'Ads'], 'Offers': ['Coupons', 'Seasonal Discounts'], 'Goal': 'Increase purchase frequency'}",Price-Based Promotions,"SMS, Ads","Coupons, Seasonal Discounts",Increase purchase frequency
51479.0,67,4836,494,22,0.0,High Value Customers,"{'Strategy': 'Loyalty Rewards & Premium Offers', 'Channels': ['Email', 'Personal Calls'], 'Offers': ['Exclusive Discounts', 'Early Access'], 'Goal': 'Increase retention and lifetime value'}",Loyalty Rewards & Premium Offers,"Email, Personal Calls","Exclusive Discounts, Early Access",Increase retention and lifetime value
54803.0,65,4965,693,19,2.0,At Risk Customers,"{'Strategy': 'Re-engagement Campaign', 'Channels': ['Email', 'Push Notifications'], 'Offers': ['Win-back Discounts'], 'Goal': 'Prevent churn'}",Re-engagement Campaign,"Email, Push Notifications",Win-back Discounts,Prevent churn
79530.0,64,4696,1348,26,3.0,Budget Buyers,"{'Strategy': 'Price-Based Promotions', 'Channels': ['SMS', 'Ads'], 'Offers': ['Coupons', 'Seasonal Discounts'], 'Goal': 'Increase purchase frequency'}",Price-Based Promotions,"SMS, Ads","Coupons, Seasonal Discounts",Increase purchase frequency
31615.0,82,4758,51,7,1.0,New Customers,"{'Strategy': 'Welcome Campaign', 'Channels': ['Email', 'SMS'], 'Offers': ['First Purchase Discount'], 'Goal': 'Convert into repeat customers'}",Welcome Campaign,"Email, SMS",First Purchase Discount,Convert into repeat customers
72025.0,27,4877,1932,16,0.0,High Value Customers,"{'Strategy': 'Loyalty Rewards & Premium Offers', 'Channels': ['Email', 'Personal Calls'], 'Offers': ['Exclusive Discounts', 'Early Access'], 'Goal': 'Increase retention and lifetime value'}",Loyalty Rewards & Premium Offers,"Email, Personal Calls","Exclusive Discounts, Early Access",Increase retention and lifetime value
52614.0,63,4863,990,16,1.0,New Customers,"{'Strategy': 'Welcome Campaign', 'Channels': ['Email', 'SMS'], 'Offers': ['First Purchase Discount'], 'Goal': 'Convert into repeat customers'}",Welcome Campaign,"Email, SMS",First Purchase Discount,Convert into repeat customers
35684.0,66,4356,30,5,3.0,Budget Buyers,"{'Strategy': 'Price-Based Promotions', 'Channels': ['SMS', 'Ads'], 'Offers': ['Coupons', 'Seasonal Discounts'], 'Goal': 'Increase purchase frequency'}",Price-Based Promotions,"SMS, Ads","Coupons, Seasonal Discounts",Increase purchase frequency
48178.0,69,4897,254,16,0.0,High Value Customers,"{'Strategy': 'Loyalty Rewards & Premium Offers', 'Channels': ['Email', 'Personal Calls'], 'Offers': ['Exclusive Discounts', 'Early Access'], 'Goal': 'Increase retention and lifetime value'}",Loyalty Rewards & Premium Offers,"Email, Personal Calls","Exclusive Discounts, Early Access",Increase retention and lifetime value
29548.0,52,4592,29,5,0.0,High Value Customers,"{'Strategy': 'Loyalty Rewards & Premium Offers', 'Channels': ['Email', 'Personal Calls'], 'Offers': ['Exclusive Discounts', 'Early Access'], 'Goal': 'Increase retention and lifetime value'}",Loyalty Rewards & Premium Offers,"Email, Personal Calls","Exclusive Discounts, Early Access",Increase retention and lifetime value
63810.0,45,4883,1371,23,0.0,High Value Customers,"{'Strategy': 'Loyalty Rewards & Premium Offers', 'Channels': ['Email', 'Personal Calls'], 'Offers': ['Exclusive Discounts', 'Early Access'], 'Goal': 'Increase retention and lifetime value'}",Loyalty Rewards & Premium Offers,"Email, Personal Calls","Exclusive Discounts, Early Access",Increase retention and lifetime value
38578.0,2,4660,73,9,0.0,High Value Customers,"{'Strategy': 'Loyalty Rewards & Premium Offers', 'Channels': ['Email', 'Personal Calls'], 'Offers': ['Exclusive Discounts', 'Early Access'], 'Goal': 'Increase retention and lifetime value'}",Loyalty Rewards & Premium Offers,"Email, Personal Calls","Exclusive Discounts, Early Access",Increase retention and lifetime value
46098.0,86,4968,120,11,2.0,At Risk Customers,"{'Strategy': 'Re-engagement Campaign', 'Channels': ['Email', 'Push Notifications'], 'Offers': ['Win-back Discounts'], 'Goal': 'Prevent churn'}",Re-engagement Campaign,"Email, Push Notifications",Win-back Discounts,Prevent churn
22585.0,23,4756,81,5,1.0,New Customers,"{'Strategy': 'Welcome Campaign', 'Channels': ['Email', 'SMS'], 'Offers': ['First Purchase Discount'], 'Goal': 'Convert into repeat customers'}",Welcome Campaign,"Email, SMS",First Purchase Discount,Convert into repeat customers
30279.0,13,4834,37,5,0.0,High Value Customers,"{'Strategy': 'Loyalty Rewards & Premium Offers', 'Channels': ['Email', 'Personal Calls'], 'Offers': ['Exclusive Discounts', 'Early Access'], 'Goal': 'Increase retention and lifetime value'}",Loyalty Rewards & Premium Offers,"Email, Personal Calls","Exclusive Discounts, Early Access",Increase retention and lifetime value
66426.0,14,4558,1377,20,1.0,New Customers,"{'Strategy': 'Welcome Campaign', 'Channels': ['Email', 'SMS'], 'Offers': ['First Purchase Discount'], 'Goal': 'Convert into repeat customers'}",Welcome Campaign,"Email, SMS",First Purchase Discount,Convert into repeat customers
30822.0,92,4668,51,5,0.0,High Value Customers,"{'Strategy': 'Loyalty Rewards & Premium Offers', 'Channels': ['Email', 'Personal Calls'], 'Offers': ['Exclusive Discounts', 'Early Access'], 'Goal': 'Increase retention and lifetime value'}",Loyalty Rewards & Premium Offers,"Email, Personal Calls","Exclusive Discounts, Early Access",Increase retention and lifetime value
33581.0,38,4825,17,4,0.0,High Value Customers,"{'Strategy': 'Loyalty Rewards & Premium Offers', 'Channels': ['Email', 'Personal Calls'], 'Offers': ['Exclusive Discounts', 'Early Access'], 'Goal': 'Increase retention and lifetime value'}",Loyalty Rewards & Premium Offers,"Email, Personal Calls","Exclusive Discounts, Early Access",Increase retention and lifetime value
19986.0,74,4515,22,4,1.0,New Customers,"{'Strategy': 'Welcome Campaign', 'Channels': ['Email', 'SMS'], 'Offers': ['First Purchase Discount'], 'Goal': 'Convert into repeat customers'}",Welcome Campaign,"Email, SMS",First Purchase Discount,Convert into repeat customers
27421.0,14,4852,324,14,0.0,High Value Customers,"{'Strategy': 'Loyalty Rewards & Premium Offers', 'Channels': ['Email', 'Personal Calls'], 'Offers': ['Exclusive Discounts', 'Early Access'], 'Goal': 'Increase retention and lifetime value'}",Loyalty Rewards & Premium Offers,"Email, Personal Calls","Exclusive Discounts, Early Access",Increase retention and lifetime value
35688.0,94,4964,211,16,2.0,At Risk Customers,"{'Strategy': 'Re-engagement Campaign', 'Channels': ['Email', 'Push Notifications'], 'Offers': ['Win-back Discounts'], 'Goal': 'Prevent churn'}",Re-engagement Campaign,"Email, Push Notifications",Win-back Discounts,Prevent churn
36143.0,33,4379,19,4,3.0,Budget Buyers,"{'Strategy': 'Price-Based Promotions', 'Channels': ['SMS', 'Ads'], 'Offers': ['Coupons', 'Seasonal Discounts'], 'Goal': 'Increase purchase frequency'}",Price-Based Promotions,"SMS, Ads","Coupons, Seasonal Discounts",Increase purchase frequency
10245.0,32,4698,41,8,0.0,High Value Customers,"{'Strategy': 'Loyalty Rewards & Premium Offers', 'Channels': ['Email', 'Personal Calls'], 'Offers': ['Exclusive Discounts', 'Early Access'], 'Goal': 'Increase retention and lifetime value'}",Loyalty Rewards & Premium Offers,"Email, Personal Calls","Exclusive Discounts, Early Access",Increase retention and lifetime value
43795.0,11,4544,492,17,3.0,Budget Buyers,"{'Strategy': 'Price-Based Promotions', 'Channels': ['SMS', 'Ads'], 'Offers': ['Coupons', 'Seasonal Discounts'], 'Goal': 'Increase purchase frequency'}",Price-Based Promotions,"SMS, Ads","Coupons, Seasonal Discounts",Increase purchase frequency
63381.0,78,4920,1005,26,2.0,At Risk Customers,"{'Strategy': 'Re-engagement Campaign', 'Channels': ['Email', 'Push Notifications'], 'Offers': ['Win-back Discounts'], 'Goal': 'Prevent churn'}",Re-engagement Campaign,"Email, Push Notifications",Win-back Discounts,Prevent churn
38823.0,56,4956,114,7,1.0,New Customers,"{'Strategy': 'Welcome Campaign', 'Channels': ['Email', 'SMS'], 'Offers': ['First Purchase Discount'], 'Goal': 'Convert into repeat customers'}",Welcome Campaign,"Email, SMS",First Purchase Discount,Convert into repeat customers
83664.0,57,4705,1173,19,3.0,Budget Buyers,"{'Strategy': 'Price-Based Promotions', 'Channels': ['SMS', 'Ads'], 'Offers': ['Coupons', 'Seasonal Discounts'], 'Goal': 'Increase purchase frequency'}",Price-Based Promotions,"SMS, Ads","Coupons, Seasonal Discounts",Increase purchase frequency
90300.0,7,4465,1738,19,0.0,High Value Customers,"{'Strategy': 'Loyalty Rewards & Premium Offers', 'Channels': ['Email', 'Personal Calls'], 'Offers': ['Exclusive Discounts', 'Early Access'], 'Goal': 'Increase retention and lifetime value'}",Loyalty Rewards & Premium Offers,"Email, Personal Calls","Exclusive Discounts, Early Access",Increase retention and lifetime value
62499.0,0,4490,222,12,3.0,Budget Buyers,"{'Strategy': 'Price-Based Promotions', 'Channels': ['SMS', 'Ads'], 'Offers': ['Coupons', 'Seasonal Discounts'], 'Goal': 'Increase purchase frequency'}",Price-Based Promotions,"SMS, Ads","Coupons, Seasonal Discounts",Increase purchase frequency
74293.0,66,4344,1127,16,3.0,Budget Buyers,"{'Strategy': 'Price-Based Promotions', 'Channels': ['SMS', 'Ads'], 'Offers': ['Coupons', 'Seasonal Discounts'], 'Goal': 'Increase purchase frequency'}",Price-Based Promotions,"SMS, Ads","Coupons, Seasonal Discounts",Increase purchase frequency
51012.0,86,4725,209,10,0.0,High Value Customers,"{'Strategy': 'Loyalty Rewards & Premium Offers', 'Channels': ['Email', 'Personal Calls'], 'Offers': ['Exclusive Discounts', 'Early Access'], 'Goal': 'Increase retention and lifetime value'}",Loyalty Rewards & Premium Offers,"Email, Personal Calls","Exclusive Discounts, Early Access",Increase retention and lifetime value
70777.0,80,4412,787,23,0.0,High Value Customers,"{'Strategy': 'Loyalty Rewards & Premium Offers', 'Channels': ['Email', 'Personal Calls'], 'Offers': ['Exclusive Discounts', 'Early Access'], 'Goal': 'Increase retention and lifetime value'}",Loyalty Rewards & Premium Offers,"Email, Personal Calls","Exclusive Discounts, Early Access",Increase retention and lifetime value
68682.0,56,4554,1598,24,0.0,High Value Customers,"{'Strategy': 'Loyalty Rewards & Premium Offers', 'Channels': ['Email', 'Personal Calls'], 'Offers': ['Exclusive Discounts', 'Early Access'], 'Goal': 'Increase retention and lifetime value'}",Loyalty Rewards & Premium Offers,"Email, Personal Calls","Exclusive Discounts, Early Access",Increase retention and lifetime value
43824.0,18,4940,186,12,0.0,High Value Customers,"{'Strategy': 'Loyalty Rewards & Premium Offers', 'Channels': ['Email', 'Personal Calls'], 'Offers': ['Exclusive Discounts', 'Early Access'], 'Goal': 'Increase retention and lifetime value'}",Loyalty Rewards & Premium Offers,"Email, Personal Calls","Exclusive Discounts, Early Access",Increase retention and lifetime value
15345.0,51,4955,47,6,0.0,High Value Customers,"{'Strategy': 'Loyalty Rewards & Premium Offers', 'Channels': ['Email', 'Personal Calls'], 'Offers': ['Exclusive Discounts', 'Early Access'], 'Goal': 'Increase retention and lifetime value'}",Loyalty Rewards & Premium Offers,"Email, Personal Calls","Exclusive Discounts, Early Access",Increase retention and lifetime value
23442.0,71,4840,27,5,2.0,At Risk Customers,"{'Strategy': 'Re-engagement Campaign', 'Channels': ['Email', 'Push Notifications'], 'Offers': ['Win-back Discounts'], 'Goal': 'Prevent churn'}",Re-engagement Campaign,"Email, Push Notifications",Win-back Discounts,Prevent churn
14515.0,71,4885,96,11,1.0,New Customers,"{'Strategy': 'Welcome Campaign', 'Channels': ['Email', 'SMS'], 'Offers': ['First Purchase Discount'], 'Goal': 'Convert into repeat customers'}",Welcome Campaign,"Email, SMS",First Purchase Discount,Convert into repeat customers
31395.0,80,4751,64,10,0.0,High Value Customers,"{'Strategy': 'Loyalty Rewards & Premium Offers', 'Channels': ['Email', 'Personal Calls'], 'Offers': ['Exclusive Discounts', 'Early Access'], 'Goal': 'Increase retention and lifetime value'}",Loyalty Rewards & Premium Offers,"Email, Personal Calls","Exclusive Discounts, Early Access",Increase retention and lifetime value
75276.0,2,4928,1040,23,2.0,At Risk Customers,"{'Strategy': 'Re-engagement Campaign', 'Channels': ['Email', 'Push Notifications'], 'Offers': ['Win-back Discounts'], 'Goal': 'Prevent churn'}",Re-engagement Campaign,"Email, Push Notifications",Win-back Discounts,Prevent churn
42373.0,83,4606,163,13,1.0,New Customers,"{'Strategy': 'Welcome Campaign', 'Channels': ['Email', 'SMS'], 'Offers': ['First Purchase Discount'], 'Goal': 'Convert into repeat customers'}",Welcome Campaign,"Email, SMS",First Purchase Discount,Convert into repeat customers
30507.0,29,4763,343,11,0.0,High Value Customers,"{'Strategy': 'Loyalty Rewards & Premium Offers', 'Channels': ['Email', 'Personal Calls'], 'Offers': ['Exclusive Discounts', 'Early Access'], 'Goal': 'Increase retention and lifetime value'}",Loyalty Rewards & Premium Offers,"Email, Personal Calls","Exclusive Discounts, Early Access",Increase retention and lifetime value
55521.0,11,4538,446,24,1.0,New Customers,"{'Strategy': 'Welcome Campaign', 'Channels': ['Email', 'SMS'], 'Offers': ['First Purchase Discount'], 'Goal': 'Convert into repeat customers'}",Welcome Campaign,"Email, SMS",First Purchase Discount,Convert into repeat customers
48006.0,55,4308,41,5,0.0,High Value Customers,"{'Strategy': 'Loyalty Rewards & Premium Offers', 'Channels': ['Email', 'Personal Calls'], 'Offers': ['Exclusive Discounts', 'Early Access'], 'Goal': 'Increase retention and lifetime value'}",Loyalty Rewards & Premium Offers,"Email, Personal Calls","Exclusive Discounts, Early Access",Increase retention and lifetime value
27213.0,19,4956,70,9,0.0,High Value Customers,"{'Strategy': 'Loyalty Rewards & Premium Offers', 'Channels': ['Email', 'Personal Calls'], 'Offers': ['Exclusive Discounts', 'Early Access'], 'Goal': 'Increase retention and lifetime value'}",Loyalty Rewards & Premium Offers,"Email, Personal Calls","Exclusive Discounts, Early Access",Increase retention and lifetime value
65808.0,1,4318,272,14,0.0,High Value Customers,"{'Strategy': 'Loyalty Rewards & Premium Offers', 'Channels': ['Email', 'Personal Calls'], 'Offers': ['Exclusive Discounts', 'Early Access'], 'Goal': 'Increase retention and lifetime value'}",Loyalty Rewards & Premium Offers,"Email, Personal Calls","Exclusive Discounts, Early Access",Increase retention and lifetime value
30351.0,19,4676,46,6,3.0,Budget Buyers,"{'Strategy': 'Price-Based Promotions', 'Channels': ['SMS', 'Ads'], 'Offers': ['Coupons', 'Seasonal Discounts'], 'Goal': 'Increase purchase frequency'}",Price-Based Promotions,"SMS, Ads","Coupons, Seasonal Discounts",Increase purchase frequency
50437.0,28,4908,490,19,2.0,At Risk Customers,"{'Strategy': 'Re-engagement Campaign', 'Channels': ['Email', 'Push Notifications'], 'Offers': ['Win-back Discounts'], 'Goal': 'Prevent churn'}",Re-engagement Campaign,"Email, Push Notifications",Win-back Discounts,Prevent churn
23616.0,76,4877,79,8,0.0,High Value Customers,"{'Strategy': 'Loyalty Rewards & Premium Offers', 'Channels': ['Email', 'Personal Calls'], 'Offers': ['Exclusive Discounts', 'Early Access'], 'Goal': 'Increase retention and lifetime value'}",Loyalty Rewards & Premium Offers,"Email, Personal Calls","Exclusive Discounts, Early Access",Increase retention and lifetime value
53858.0,50,4885,915,17,3.0,Budget Buyers,"{'Strategy': 'Price-Based Promotions', 'Channels': ['SMS', 'Ads'], 'Offers': ['Coupons', 'Seasonal Discounts'], 'Goal': 'Increase purchase frequency'}",Price-Based Promotions,"SMS, Ads","Coupons, Seasonal Discounts",Increase purchase frequency
66465.0,1,4744,1485,35,3.0,Budget Buyers,"{'Strategy': 'Price-Based Promotions', 'Channels': ['SMS', 'Ads'], 'Offers': ['Coupons', 'Seasonal Discounts'], 'Goal': 'Increase purchase frequency'}",Price-Based Promotions,"SMS, Ads","Coupons, Seasonal Discounts",Increase purchase frequency
46923.0,90,4964,369,16,1.0,New Customers,"{'Strategy': 'Welcome Campaign', 'Channels': ['Email', 'SMS'], 'Offers': ['First Purchase Discount'], 'Goal': 'Convert into repeat customers'}",Welcome Campaign,"Email, SMS",First Purchase Discount,Convert into repeat customers
75072.0,83,4810,1073,19,2.0,At Risk Customers,"{'Strategy': 'Re-engagement Campaign', 'Channels': ['Email', 'Push Notifications'], 'Offers': ['Win-back Discounts'], 'Goal': 'Prevent churn'}",Re-engagement Campaign,"Email, Push Notifications",Win-back Discounts,Prevent churn
75865.0,73,4378,1242,19,2.0,At Risk Customers,"{'Strategy': 'Re-engagement Campaign', 'Channels': ['Email', 'Push Notifications'], 'Offers': ['Win-back Discounts'], 'Goal': 'Prevent churn'}",Re-engagement Campaign,"Email, Push Notifications",Win-back Discounts,Prevent churn
19789.0,24,4509,78,9,2.0,At Risk Customers,"{'Strategy': 'Re-engagement Campaign', 'Channels': ['Email', 'Push Notifications'], 'Offers': ['Win-back Discounts'], 'Goal': 'Prevent churn'}",Re-engagement Campaign,"Email, Push Notifications",Win-back Discounts,Prevent churn
80134.0,11,4423,1378,21,1.0,New Customers,"{'Strategy': 'Welcome Campaign', 'Channels': ['Email', 'SMS'], 'Offers': ['First Purchase Discount'], 'Goal': 'Convert into repeat customers'}",Welcome Campaign,"Email, SMS",First Purchase Discount,Convert into repeat customers
91065.0,33,4780,1474,26,1.0,New Customers,"{'Strategy': 'Welcome Campaign', 'Channels': ['Email', 'SMS'], 'Offers': ['First Purchase Discount'], 'Goal': 'Convert into repeat customers'}",Welcome Campaign,"Email, SMS",First Purchase Discount,Convert into repeat customers
49505.0,4,4769,751,29,1.0,New Customers,"{'Strategy': 'Welcome Campaign', 'Channels': ['Email', 'SMS'], 'Offers': ['First Purchase Discount'], 'Goal': 'Convert into repeat customers'}",Welcome Campaign,"Email, SMS",First Purchase Discount,Convert into repeat customers
37401.0,14,4342,48,7,2.0,At Risk Customers,"{'Strategy': 'Re-engagement Campaign', 'Channels': ['Email', 'Push Notifications'], 'Offers': ['Win-back Discounts'], 'Goal': 'Prevent churn'}",Re-engagement Campaign,"Email, Push Notifications",Win-back Discounts,Prevent churn
30096.0,30,4326,45,6,3.0,Budget Buyers,"{'Strategy': 'Price-Based Promotions', 'Channels': ['SMS', 'Ads'], 'Offers': ['Coupons', 'Seasonal Discounts'], 'Goal': 'Increase purchase frequency'}",Price-Based Promotions,"SMS, Ads","Coupons, Seasonal Discounts",Increase purchase frequency
18492.0,75,4312,10,4,1.0,New Customers,"{'Strategy': 'Welcome Campaign', 'Channels': ['Email', 'SMS'], 'Offers': ['First Purchase Discount'], 'Goal': 'Convert into repeat customers'}",Welcome Campaign,"Email, SMS",First Purchase Discount,Convert into repeat customers
82584.0,26,4678,1435,16,2.0,At Risk Customers,"{'Strategy': 'Re-engagement Campaign', 'Channels': ['Email', 'Push Notifications'], 'Offers': ['Win-back Discounts'], 'Goal': 'Prevent churn'}",Re-engagement Campaign,"Email, Push Notifications",Win-back Discounts,Prevent churn
93027.0,77,4730,2119,22,2.0,At Risk Customers,"{'Strategy': 'Re-engagement Campaign', 'Channels': ['Email', 'Push Notifications'], 'Offers': ['Win-back Discounts'], 'Goal': 'Prevent churn'}",Re-engagement Campaign,"Email, Push Notifications",Win-back Discounts,Prevent churn
48686.0,8,4495,20,4,1.0,New Customers,"{'Strategy': 'Welcome Campaign', 'Channels': ['Email', 'SMS'], 'Offers': ['First Purchase Discount'], 'Goal': 'Convert into repeat customers'}",Welcome Campaign,"Email, SMS",First Purchase Discount,Convert into repeat customers
92910.0,42,4354,1795,27,2.0,At Risk Customers,"{'Strategy': 'Re-engagement Campaign', 'Channels': ['Email', 'Push Notifications'], 'Offers': ['Win-back Discounts'], 'Goal': 'Prevent churn'}",Re-engagement Campaign,"Email, Push Notifications",Win-back Discounts,Prevent churn
75433.0,28,4373,1188,19,2.0,At Risk Customers,"{'Strategy': 'Re-engagement Campaign', 'Channels': ['Email', 'Push Notifications'], 'Offers': ['Win-back Discounts'], 'Goal': 'Prevent churn'}",Re-engagement Campaign,"Email, Push Notifications",Win-back Discounts,Prevent churn
10404.0,52,4344,43,7,0.0,High Value Customers,"{'Strategy': 'Loyalty Rewards & Premium Offers', 'Channels': ['Email', 'Personal Calls'], 'Offers': ['Exclusive Discounts', 'Early Access'], 'Goal': 'Increase retention and lifetime value'}",Loyalty Rewards & Premium Offers,"Email, Personal Calls","Exclusive Discounts, Early Access",Increase retention and lifetime value
61314.0,1,4718,1008,24,3.0,Budget Buyers,"{'Strategy': 'Price-Based Promotions', 'Channels': ['SMS', 'Ads'], 'Offers': ['Coupons', 'Seasonal Discounts'], 'Goal': 'Increase purchase frequency'}",Price-Based Promotions,"SMS, Ads","Coupons, Seasonal Discounts",Increase purchase frequency
84865.0,1,4704,1688,16,2.0,At Risk Customers,"{'Strategy': 'Re-engagement Campaign', 'Channels': ['Email', 'Push Notifications'], 'Offers': ['Win-back Discounts'], 'Goal': 'Prevent churn'}",Re-engagement Campaign,"Email, Push Notifications",Win-back Discounts,Prevent churn
42387.0,42,4896,684,21,1.0,New Customers,"{'Strategy': 'Welcome Campaign', 'Channels': ['Email', 'SMS'], 'Offers': ['First Purchase Discount'], 'Goal': 'Convert into repeat customers'}",Welcome Campaign,"Email, SMS",First Purchase Discount,Convert into repeat customers
67309.0,76,4810,1082,39,1.0,New Customers,"{'Strategy': 'Welcome Campaign', 'Channels': ['Email', 'SMS'], 'Offers': ['First Purchase Discount'], 'Goal': 'Convert into repeat customers'}",Welcome Campaign,"Email, SMS",First Purchase Discount,Convert into repeat customers
75236.0,27,4504,1068,25,2.0,At Risk Customers,"{'Strategy': 'Re-engagement Campaign', 'Channels': ['Email', 'Push Notifications'], 'Offers': ['Win-back Discounts'], 'Goal': 'Prevent churn'}",Re-engagement Campaign,"Email, Push Notifications",Win-back Discounts,Prevent churn
30015.0,28,4435,57,7,2.0,At Risk Customers,"{'Strategy': 'Re-engagement Campaign', 'Channels': ['Email', 'Push Notifications'], 'Offers': ['Win-back Discounts'], 'Goal': 'Prevent churn'}",Re-engagement Campaign,"Email, Push Notifications",Win-back Discounts,Prevent churn
50943.0,49,4661,46,5,1.0,New Customers,"{'Strategy': 'Welcome Campaign', 'Channels': ['Email', 'SMS'], 'Offers': ['First Purchase Discount'], 'Goal': 'Convert into repeat customers'}",Welcome Campaign,"Email, SMS",First Purchase Discount,Convert into repeat customers
67272.0,12,4478,733,23,0.0,High Value Customers,"{'Strategy': 'Loyalty Rewards & Premium Offers', 'Channels': ['Email', 'Personal Calls'], 'Offers': ['Exclusive Discounts', 'Early Access'], 'Goal': 'Increase retention and lifetime value'}",Loyalty Rewards & Premium Offers,"Email, Personal Calls","Exclusive Discounts, Early Access",Increase retention and lifetime value
51529.0,14,4583,467,17,1.0,New Customers,"{'Strategy': 'Welcome Campaign', 'Channels': ['Email', 'SMS'], 'Offers': ['First Purchase Discount'], 'Goal': 'Convert into repeat customers'}",Welcome Campaign,"Email, SMS",First Purchase Discount,Convert into repeat customers
32011.0,89,4599,122,10,1.0,New Customers,"{'Strategy': 'Welcome Campaign', 'Channels': ['Email', 'SMS'], 'Offers': ['First Purchase Discount'], 'Goal': 'Convert into repeat customers'}",Welcome Campaign,"Email, SMS",First Purchase Discount,Convert into repeat customers
7500.0,96,4795,36,7,0.0,High Value Customers,"{'Strategy': 'Loyalty Rewards & Premium Offers', 'Channels': ['Email', 'Personal Calls'], 'Offers': ['Exclusive Discounts', 'Early Access'], 'Goal': 'Increase retention and lifetime value'}",Loyalty Rewards & Premium Offers,"Email, Personal Calls","Exclusive Discounts, Early Access",Increase retention and lifetime value
28691.0,56,4648,34,5,0.0,High Value Customers,"{'Strategy': 'Loyalty Rewards & Premium Offers', 'Channels': ['Email', 'Personal Calls'], 'Offers': ['Exclusive Discounts', 'Early Access'], 'Goal': 'Increase retention and lifetime value'}",Loyalty Rewards & Premium Offers,"Email, Personal Calls","Exclusive Discounts, Early Access",Increase retention and lifetime value
56223.0,72,4479,156,10,1.0,New Customers,"{'Strategy': 'Welcome Campaign', 'Channels': ['Email', 'SMS'], 'Offers': ['First Purchase Discount'], 'Goal': 'Convert into repeat customers'}",Welcome Campaign,"Email, SMS",First Purchase Discount,Convert into repeat customers
18100.0,14,4615,14,4,1.0,New Customers,"{'Strategy': 'Welcome Campaign', 'Channels': ['Email', 'SMS'], 'Offers': ['First Purchase Discount'], 'Goal': 'Convert into repeat customers'}",Welcome Campaign,"Email, SMS",First Purchase Discount,Convert into repeat customers
30279.0,13,4834,37,5,1.0,New Customers,"{'Strategy': 'Welcome Campaign', 'Channels': ['Email', 'SMS'], 'Offers': ['First Purchase Discount'], 'Goal': 'Convert into repeat customers'}",Welcome Campaign,"Email, SMS",First Purchase Discount,Convert into repeat customers
20130.0,99,4392,34,5,3.0,Budget Buyers,"{'Strategy': 'Price-Based Promotions', 'Channels': ['SMS', 'Ads'], 'Offers': ['Coupons', 'Seasonal Discounts'], 'Goal': 'Increase purchase frequency'}",Price-Based Promotions,"SMS, Ads","Coupons, Seasonal Discounts",Increase purchase frequency
23295.0,72,4639,20,4,0.0,High Value Customers,"{'Strategy': 'Loyalty Rewards & Premium Offers', 'Channels': ['Email', 'Personal Calls'], 'Offers': ['Exclusive Discounts', 'Early Access'], 'Goal': 'Increase retention and lifetime value'}",Loyalty Rewards & Premium Offers,"Email, Personal Calls","Exclusive Discounts, Early Access",Increase retention and lifetime value
42618.0,92,4551,192,11,3.0,Budget Buyers,"{'Strategy': 'Price-Based Promotions', 'Channels': ['SMS', 'Ads'], 'Offers': ['Coupons', 'Seasonal Discounts'], 'Goal': 'Increase purchase frequency'}",Price-Based Promotions,"SMS, Ads","Coupons, Seasonal Discounts",Increase purchase frequency
81246.0,87,4470,1379,17,3.0,Budget Buyers,"{'Strategy': 'Price-Based Promotions', 'Channels': ['SMS', 'Ads'], 'Offers': ['Coupons', 'Seasonal Discounts'], 'Goal': 'Increase purchase frequency'}",Price-Based Promotions,"SMS, Ads","Coupons, Seasonal Discounts",Increase purchase frequency
24027.0,7,4673,48,7,2.0,At Risk Customers,"{'Strategy': 'Re-engagement Campaign', 'Channels': ['Email', 'Push Notifications'], 'Offers': ['Win-back Discounts'], 'Goal': 'Prevent churn'}",Re-engagement Campaign,"Email, Push Notifications",Win-back Discounts,Prevent churn
55707.0,91,4477,428,16,1.0,New Customers,"{'Strategy': 'Welcome Campaign', 'Channels': ['Email', 'SMS'], 'Offers': ['First Purchase Discount'], 'Goal': 'Convert into repeat customers'}",Welcome Campaign,"Email, SMS",First Purchase Discount,Convert into repeat customers
57959.0,71,4711,868,27,3.0,Budget Buyers,"{'Strategy': 'Price-Based Promotions', 'Channels': ['SMS', 'Ads'], 'Offers': ['Coupons', 'Seasonal Discounts'], 'Goal': 'Increase purchase frequency'}",Price-Based Promotions,"SMS, Ads","Coupons, Seasonal Discounts",Increase purchase frequency
56796.0,24,4786,1001,27,2.0,At Risk Customers,"{'Strategy': 'Re-engagement Campaign', 'Channels': ['Email', 'Push Notifications'], 'Offers': ['Win-back Discounts'], 'Goal': 'Prevent churn'}",Re-engagement Campaign,"Email, Push Notifications",Win-back Discounts,Prevent churn
36230.0,17,4543,59,7,0.0,High Value Customers,"{'Strategy': 'Loyalty Rewards & Premium Offers', 'Channels': ['Email', 'Personal Calls'], 'Offers': ['Exclusive Discounts', 'Early Access'], 'Goal': 'Increase retention and lifetime value'}",Loyalty Rewards & Premium Offers,"Email, Personal Calls","Exclusive Discounts, Early Access",Increase retention and lifetime value
70829.0,87,4498,431,16,3.0,Budget Buyers,"{'Strategy': 'Price-Based Promotions', 'Channels': ['SMS', 'Ads'], 'Offers': ['Coupons', 'Seasonal Discounts'], 'Goal': 'Increase purchase frequency'}",Price-Based Promotions,"SMS, Ads","Coupons, Seasonal Discounts",Increase purchase frequency
65991.0,21,4948,971,27,0.0,High Value Customers,"{'Strategy': 'Loyalty Rewards & Premium Offers', 'Channels': ['Email', 'Personal Calls'], 'Offers': ['Exclusive Discounts', 'Early Access'], 'Goal': 'Increase retention and lifetime value'}",Loyalty Rewards & Premium Offers,"Email, Personal Calls","Exclusive Discounts, Early Access",Increase retention and lifetime value
38988.0,90,4966,348,19,1.0,New Customers,"{'Strategy': 'Welcome Campaign', 'Channels': ['Email', 'SMS'], 'Offers': ['First Purchase Discount'], 'Goal': 'Convert into repeat customers'}",Welcome Campaign,"Email, SMS",First Purchase Discount,Convert into repeat customers
89572.0,44,4940,2059,24,3.0,Budget Buyers,"{'Strategy': 'Price-Based Promotions', 'Channels': ['SMS', 'Ads'], 'Offers': ['Coupons', 'Seasonal Discounts'], 'Goal': 'Increase purchase frequency'}",Price-Based Promotions,"SMS, Ads","Coupons, Seasonal Discounts",Increase purchase frequency
42207.0,71,4742,265,14,2.0,At Risk Customers,"{'Strategy': 'Re-engagement Campaign', 'Channels': ['Email', 'Push Notifications'], 'Offers': ['Win-back Discounts'], 'Goal': 'Prevent churn'}",Re-engagement Campaign,"Email, Push Notifications",Win-back Discounts,Prevent churn
50300.0,52,4323,270,13,3.0,Budget Buyers,"{'Strategy': 'Price-Based Promotions', 'Channels': ['SMS', 'Ads'], 'Offers': ['Coupons', 'Seasonal Discounts'], 'Goal': 'Increase purchase frequency'}",Price-Based Promotions,"SMS, Ads","Coupons, Seasonal Discounts",Increase purchase frequency
66664.0,78,4930,1289,19,1.0,New Customers,"{'Strategy': 'Welcome Campaign', 'Channels': ['Email', 'SMS'], 'Offers': ['First Purchase Discount'], 'Goal': 'Convert into repeat customers'}",Welcome Campaign,"Email, SMS",First Purchase Discount,Convert into repeat customers
60597.0,2,4467,893,16,2.0,At Risk Customers,"{'Strategy': 'Re-engagement Campaign', 'Channels': ['Email', 'Push Notifications'], 'Offers': ['Win-back Discounts'], 'Goal': 'Prevent churn'}",Re-engagement Campaign,"Email, Push Notifications",Win-back Discounts,Prevent churn
70165.0,60,4568,926,22,1.0,New Customers,"{'Strategy': 'Welcome Campaign', 'Channels': ['Email', 'SMS'], 'Offers': ['First Purchase Discount'], 'Goal': 'Convert into repeat customers'}",Welcome Campaign,"Email, SMS",First Purchase Discount,Convert into repeat customers
50520.0,25,4440,135,9,3.0,Budget Buyers,"{'Strategy': 'Price-Based Promotions', 'Channels': ['SMS', 'Ads'], 'Offers': ['Coupons', 'Seasonal Discounts'], 'Goal': 'Increase purchase frequency'}",Price-Based Promotions,"SMS, Ads","Coupons, Seasonal Discounts",Increase purchase frequency
80124.0,47,4291,1495,19,2.0,At Risk Customers,"{'Strategy': 'Re-engagement Campaign', 'Channels': ['Email', 'Push Notifications'], 'Offers': ['Win-back Discounts'], 'Goal': 'Prevent churn'}",Re-engagement Campaign,"Email, Push Notifications",Win-back Discounts,Prevent churn
33183.0,46,4413,120,9,0.0,High Value Customers,"{'Strategy': 'Loyalty Rewards & Premium Offers', 'Channels': ['Email', 'Personal Calls'], 'Offers': ['Exclusive Discounts', 'Early Access'], 'Goal': 'Increase retention and lifetime value'}",Loyalty Rewards & Premium Offers,"Email, Personal Calls","Exclusive Discounts, Early Access",Increase retention and lifetime value
66582.0,83,4406,1288,20,3.0,Budget Buyers,"{'Strategy': 'Price-Based Promotions', 'Channels': ['SMS', 'Ads'], 'Offers': ['Coupons', 'Seasonal Discounts'], 'Goal': 'Increase purchase frequency'}",Price-Based Promotions,"SMS, Ads","Coupons, Seasonal Discounts",Increase purchase frequency
75261.0,17,4720,1743,17,3.0,Budget Buyers,"{'Strategy': 'Price-Based Promotions', 'Channels': ['SMS', 'Ads'], 'Offers': ['Coupons', 'Seasonal Discounts'], 'Goal': 'Increase purchase frequency'}",Price-Based Promotions,"SMS, Ads","Coupons, Seasonal Discounts",Increase purchase frequency
31880.0,13,4894,15,4,3.0,Budget Buyers,"{'Strategy': 'Price-Based Promotions', 'Channels': ['SMS', 'Ads'], 'Offers': ['Coupons', 'Seasonal Discounts'], 'Goal': 'Increase purchase frequency'}",Price-Based Promotions,"SMS, Ads","Coupons, Seasonal Discounts",Increase purchase frequency
53790.0,86,4403,542,20,1.0,New Customers,"{'Strategy': 'Welcome Campaign', 'Channels': ['Email', 'SMS'], 'Offers': ['First Purchase Discount'], 'Goal': 'Convert into repeat customers'}",Welcome Campaign,"Email, SMS",First Purchase Discount,Convert into repeat customers
49269.0,92,4971,890,25,3.0,Budget Buyers,"{'Strategy': 'Price-Based Promotions', 'Channels': ['SMS', 'Ads'], 'Offers': ['Coupons', 'Seasonal Discounts'], 'Goal': 'Increase purchase frequency'}",Price-Based Promotions,"SMS, Ads","Coupons, Seasonal Discounts",Increase purchase frequency
61456.0,47,4747,1388,33,0.0,High Value Customers,"{'Strategy': 'Loyalty Rewards & Premium Offers', 'Channels': ['Email', 'Personal Calls'], 'Offers': ['Exclusive Discounts', 'Early Access'], 'Goal': 'Increase retention and lifetime value'}",Loyalty Rewards & Premium Offers,"Email, Personal Calls","Exclusive Discounts, Early Access",Increase retention and lifetime value
37406.0,18,4550,17,4,1.0,New Customers,"{'Strategy': 'Welcome Campaign', 'Channels': ['Email', 'SMS'], 'Offers': ['First Purchase Discount'], 'Goal': 'Convert into repeat customers'}",Welcome Campaign,"Email, SMS",First Purchase Discount,Convert into repeat customers
56937.0,81,4982,906,30,2.0,At Risk Customers,"{'Strategy': 'Re-engagement Campaign', 'Channels': ['Email', 'Push Notifications'], 'Offers': ['Win-back Discounts'], 'Goal': 'Prevent churn'}",Re-engagement Campaign,"Email, Push Notifications",Win-back Discounts,Prevent churn
38415.0,91,4831,44,6,1.0,New Customers,"{'Strategy': 'Welcome Campaign', 'Channels': ['Email', 'SMS'], 'Offers': ['First Purchase Discount'], 'Goal': 'Convert into repeat customers'}",Welcome Campaign,"Email, SMS",First Purchase Discount,Convert into repeat customers
20518.0,58,4330,25,5,2.0,At Risk Customers,"{'Strategy': 'Re-engagement Campaign', 'Channels': ['Email', 'Push Notifications'], 'Offers': ['Win-back Discounts'], 'Goal': 'Prevent churn'}",Re-engagement Campaign,"Email, Push Notifications",Win-back Discounts,Prevent churn
62503.0,40,4784,973,26,3.0,Budget Buyers,"{'Strategy': 'Price-Based Promotions', 'Channels': ['SMS', 'Ads'], 'Offers': ['Coupons', 'Seasonal Discounts'], 'Goal': 'Increase purchase frequency'}",Price-Based Promotions,"SMS, Ads","Coupons, Seasonal Discounts",Increase purchase frequency
41644.0,67,4339,31,6,0.0,High Value Customers,"{'Strategy': 'Loyalty Rewards & Premium Offers', 'Channels': ['Email', 'Personal Calls'], 'Offers': ['Exclusive Discounts', 'Early Access'], 'Goal': 'Increase retention and lifetime value'}",Loyalty Rewards & Premium Offers,"Email, Personal Calls","Exclusive Discounts, Early Access",Increase retention and lifetime value
55842.0,19,4325,518,17,1.0,New Customers,"{'Strategy': 'Welcome Campaign', 'Channels': ['Email', 'SMS'], 'Offers': ['First Purchase Discount'], 'Goal': 'Convert into repeat customers'}",Welcome Campaign,"Email, SMS",First Purchase Discount,Convert into repeat customers
62010.0,93,4902,530,19,1.0,New Customers,"{'Strategy': 'Welcome Campaign', 'Channels': ['Email', 'SMS'], 'Offers': ['First Purchase Discount'], 'Goal': 'Convert into repeat customers'}",Welcome Campaign,"Email, SMS",First Purchase Discount,Convert into repeat customers
41124.0,41,4894,506,21,0.0,High Value Customers,"{'Strategy': 'Loyalty Rewards & Premium Offers', 'Channels': ['Email', 'Personal Calls'], 'Offers': ['Exclusive Discounts', 'Early Access'], 'Goal': 'Increase retention and lifetime value'}",Loyalty Rewards & Premium Offers,"Email, Personal Calls","Exclusive Discounts, Early Access",Increase retention and lifetime value
38961.0,60,4469,70,6,1.0,New Customers,"{'Strategy': 'Welcome Campaign', 'Channels': ['Email', 'SMS'], 'Offers': ['First Purchase Discount'], 'Goal': 'Convert into repeat customers'}",Welcome Campaign,"Email, SMS",First Purchase Discount,Convert into repeat customers
37760.0,54,4610,54,6,3.0,Budget Buyers,"{'Strategy': 'Price-Based Promotions', 'Channels': ['SMS', 'Ads'], 'Offers': ['Coupons', 'Seasonal Discounts'], 'Goal': 'Increase purchase frequency'}",Price-Based Promotions,"SMS, Ads","Coupons, Seasonal Discounts",Increase purchase frequency
32233.0,26,4967,296,12,2.0,At Risk Customers,"{'Strategy': 'Re-engagement Campaign', 'Channels': ['Email', 'Push Notifications'], 'Offers': ['Win-back Discounts'], 'Goal': 'Prevent churn'}",Re-engagement Campaign,"Email, Push Notifications",Win-back Discounts,Prevent churn
43057.0,30,4530,266,15,2.0,At Risk Customers,"{'Strategy': 'Re-engagement Campaign', 'Channels': ['Email', 'Push Notifications'], 'Offers': ['Win-back Discounts'], 'Goal': 'Prevent churn'}",Re-engagement Campaign,"Email, Push Notifications",Win-back Discounts,Prevent churn
83151.0,93,4915,747,19,3.0,Budget Buyers,"{'Strategy': 'Price-Based Promotions', 'Channels': ['SMS', 'Ads'], 'Offers': ['Coupons', 'Seasonal Discounts'], 'Goal': 'Increase purchase frequency'}",Price-Based Promotions,"SMS, Ads","Coupons, Seasonal Discounts",Increase purchase frequency
78825.0,35,4941,895,29,1.0,New Customers,"{'Strategy': 'Welcome Campaign', 'Channels': ['Email', 'SMS'], 'Offers': ['First Purchase Discount'], 'Goal': 'Convert into repeat customers'}",Welcome Campaign,"Email, SMS",First Purchase Discount,Convert into repeat customers
65104.0,4,4515,1053,17,0.0,High Value Customers,"{'Strategy': 'Loyalty Rewards & Premium Offers', 'Channels': ['Email', 'Personal Calls'], 'Offers': ['Exclusive Discounts', 'Early Access'], 'Goal': 'Increase retention and lifetime value'}",Loyalty Rewards & Premium Offers,"Email, Personal Calls","Exclusive Discounts, Early Access",Increase retention and lifetime value
60093.0,92,4656,735,21,2.0,At Risk Customers,"{'Strategy': 'Re-engagement Campaign', 'Channels': ['Email', 'Push Notifications'], 'Offers': ['Win-back Discounts'], 'Goal': 'Prevent churn'}",Re-engagement Campaign,"Email, Push Notifications",Win-back Discounts,Prevent churn
14045.0,24,4442,20,5,0.0,High Value Customers,"{'Strategy': 'Loyalty Rewards & Premium Offers', 'Channels': ['Email', 'Personal Calls'], 'Offers': ['Exclusive Discounts', 'Early Access'], 'Goal': 'Increase retention and lifetime value'}",Loyalty Rewards & Premium Offers,"Email, Personal Calls","Exclusive Discounts, Early Access",Increase retention and lifetime value
28457.0,96,4897,205,10,3.0,Budget Buyers,"{'Strategy': 'Price-Based Promotions', 'Channels': ['SMS', 'Ads'], 'Offers': ['Coupons', 'Seasonal Discounts'], 'Goal': 'Increase purchase frequency'}",Price-Based Promotions,"SMS, Ads","Coupons, Seasonal Discounts",Increase purchase frequency
78952.0,11,4931,2092,21,3.0,Budget Buyers,"{'Strategy': 'Price-Based Promotions', 'Channels': ['SMS', 'Ads'], 'Offers': ['Coupons', 'Seasonal Discounts'], 'Goal': 'Increase purchase frequency'}",Price-Based Promotions,"SMS, Ads","Coupons, Seasonal Discounts",Increase purchase frequency
46310.0,99,4861,309,14,3.0,Budget Buyers,"{'Strategy': 'Price-Based Promotions', 'Channels': ['SMS', 'Ads'], 'Offers': ['Coupons', 'Seasonal Discounts'], 'Goal': 'Increase purchase frequency'}",Price-Based Promotions,"SMS, Ads","Coupons, Seasonal Discounts",Increase purchase frequency
76005.0,72,4780,1722,22,3.0,Budget Buyers,"{'Strategy': 'Price-Based Promotions', 'Channels': ['SMS', 'Ads'], 'Offers': ['Coupons', 'Seasonal Discounts'], 'Goal': 'Increase purchase frequency'}",Price-Based Promotions,"SMS, Ads","Coupons, Seasonal Discounts",Increase purchase frequency
58308.0,77,4821,900,15,1.0,New Customers,"{'Strategy': 'Welcome Campaign', 'Channels': ['Email', 'SMS'], 'Offers': ['First Purchase Discount'], 'Goal': 'Convert into repeat customers'}",Welcome Campaign,"Email, SMS",First Purchase Discount,Convert into repeat customers
55614.0,85,4502,682,20,3.0,Budget Buyers,"{'Strategy': 'Price-Based Promotions', 'Channels': ['SMS', 'Ads'], 'Offers': ['Coupons', 'Seasonal Discounts'], 'Goal': 'Increase purchase frequency'}",Price-Based Promotions,"SMS, Ads","Coupons, Seasonal Discounts",Increase purchase frequency
59432.0,88,4730,663,22,3.0,Budget Buyers,"{'Strategy': 'Price-Based Promotions', 'Channels': ['SMS', 'Ads'], 'Offers': ['Coupons', 'Seasonal Discounts'], 'Goal': 'Increase purchase frequency'}",Price-Based Promotions,"SMS, Ads","Coupons, Seasonal Discounts",Increase purchase frequency
55563.0,22,4373,43,6,2.0,At Risk Customers,"{'Strategy': 'Re-engagement Campaign', 'Channels': ['Email', 'Push Notifications'], 'Offers': ['Win-back Discounts'], 'Goal': 'Prevent churn'}",Re-engagement Campaign,"Email, Push Notifications",Win-back Discounts,Prevent churn
78642.0,83,4722,1816,18,0.0,High Value Customers,"{'Strategy': 'Loyalty Rewards & Premium Offers', 'Channels': ['Email', 'Personal Calls'], 'Offers': ['Exclusive Discounts', 'Early Access'], 'Goal': 'Increase retention and lifetime value'}",Loyalty Rewards & Premium Offers,"Email, Personal Calls","Exclusive Discounts, Early Access",Increase retention and lifetime value
67911.0,63,4326,976,27,1.0,New Customers,"{'Strategy': 'Welcome Campaign', 'Channels': ['Email', 'SMS'], 'Offers': ['First Purchase Discount'], 'Goal': 'Convert into repeat customers'}",Welcome Campaign,"Email, SMS",First Purchase Discount,Convert into repeat customers
65275.0,9,4740,746,21,0.0,High Value Customers,"{'Strategy': 'Loyalty Rewards & Premium Offers', 'Channels': ['Email', 'Personal Calls'], 'Offers': ['Exclusive Discounts', 'Early Access'], 'Goal': 'Increase retention and lifetime value'}",Loyalty Rewards & Premium Offers,"Email, Personal Calls","Exclusive Discounts, Early Access",Increase retention and lifetime value
27203.0,92,4980,64,6,3.0,Budget Buyers,"{'Strategy': 'Price-Based Promotions', 'Channels': ['SMS', 'Ads'], 'Offers': ['Coupons', 'Seasonal Discounts'], 'Goal': 'Increase purchase frequency'}",Price-Based Promotions,"SMS, Ads","Coupons, Seasonal Discounts",Increase purchase frequency
48330.0,2,4514,32,5,1.0,New Customers,"{'Strategy': 'Welcome Campaign', 'Channels': ['Email', 'SMS'], 'Offers': ['First Purchase Discount'], 'Goal': 'Convert into repeat customers'}",Welcome Campaign,"Email, SMS",First Purchase Discount,Convert into repeat customers
24279.0,6,4835,263,9,2.0,At Risk Customers,"{'Strategy': 'Re-engagement Campaign', 'Channels': ['Email', 'Push Notifications'], 'Offers': ['Win-back Discounts'], 'Goal': 'Prevent churn'}",Re-engagement Campaign,"Email, Push Notifications",Win-back Discounts,Prevent churn
64355.0,66,4962,1445,21,3.0,Budget Buyers,"{'Strategy': 'Price-Based Promotions', 'Channels': ['SMS', 'Ads'], 'Offers': ['Coupons', 'Seasonal Discounts'], 'Goal': 'Increase purchase frequency'}",Price-Based Promotions,"SMS, Ads","Coupons, Seasonal Discounts",Increase purchase frequency
50943.0,49,4661,46,5,3.0,Budget Buyers,"{'Strategy': 'Price-Based Promotions', 'Channels': ['SMS', 'Ads'], 'Offers': ['Coupons', 'Seasonal Discounts'], 'Goal': 'Increase purchase frequency'}",Price-Based Promotions,"SMS, Ads","Coupons, Seasonal Discounts",Increase purchase frequency
53653.0,29,4887,1210,28,0.0,High Value Customers,"{'Strategy': 'Loyalty Rewards & Premium Offers', 'Channels': ['Email', 'Personal Calls'], 'Offers': ['Exclusive Discounts', 'Early Access'], 'Goal': 'Increase retention and lifetime value'}",Loyalty Rewards & Premium Offers,"Email, Personal Calls","Exclusive Discounts, Early Access",Increase retention and lifetime value
65665.0,77,4497,945,24,3.0,Budget Buyers,"{'Strategy': 'Price-Based Promotions', 'Channels': ['SMS', 'Ads'], 'Offers': ['Coupons', 'Seasonal Discounts'], 'Goal': 'Increase purchase frequency'}",Price-Based Promotions,"SMS, Ads","Coupons, Seasonal Discounts",Increase purchase frequency
81217.0,77,4633,1157,22,0.0,High Value Customers,"{'Strategy': 'Loyalty Rewards & Premium Offers', 'Channels': ['Email', 'Personal Calls'], 'Offers': ['Exclusive Discounts', 'Early Access'], 'Goal': 'Increase retention and lifetime value'}",Loyalty Rewards & Premium Offers,"Email, Personal Calls","Exclusive Discounts, Early Access",Increase retention and lifetime value
34935.0,71,4661,137,8,2.0,At Risk Customers,"{'Strategy': 'Re-engagement Campaign', 'Channels': ['Email', 'Push Notifications'], 'Offers': ['Win-back Discounts'], 'Goal': 'Prevent churn'}",Re-engagement Campaign,"Email, Push Notifications",Win-back Discounts,Prevent churn
61250.0,49,4848,730,25,1.0,New Customers,"{'Strategy': 'Welcome Campaign', 'Channels': ['Email', 'SMS'], 'Offers': ['First Purchase Discount'], 'Goal': 'Convert into repeat customers'}",Welcome Campaign,"Email, SMS",First Purchase Discount,Convert into repeat customers
39665.0,97,4688,216,12,3.0,Budget Buyers,"{'Strategy': 'Price-Based Promotions', 'Channels': ['SMS', 'Ads'], 'Offers': ['Coupons', 'Seasonal Discounts'], 'Goal': 'Increase purchase frequency'}",Price-Based Promotions,"SMS, Ads","Coupons, Seasonal Discounts",Increase purchase frequency
60152.0,6,4746,943,23,0.0,High Value Customers,"{'Strategy': 'Loyalty Rewards & Premium Offers', 'Channels': ['Email', 'Personal Calls'], 'Offers': ['Exclusive Discounts', 'Early Access'], 'Goal': 'Increase retention and lifetime value'}",Loyalty Rewards & Premium Offers,"Email, Personal Calls","Exclusive Discounts, Early Access",Increase retention and lifetime value
48920.0,93,4540,347,16,2.0,At Risk Customers,"{'Strategy': 'Re-engagement Campaign', 'Channels': ['Email', 'Push Notifications'], 'Offers': ['Win-back Discounts'], 'Goal': 'Prevent churn'}",Re-engagement Campaign,"Email, Push Notifications",Win-back Discounts,Prevent churn
89120.0,78,4392,1924,19,0.0,High Value Customers,"{'Strategy': 'Loyalty Rewards & Premium Offers', 'Channels': ['Email', 'Personal Calls'], 'Offers': ['Exclusive Discounts', 'Early Access'], 'Goal': 'Increase retention and lifetime value'}",Loyalty Rewards & Premium Offers,"Email, Personal Calls","Exclusive Discounts, Early Access",Increase retention and lifetime value
44124.0,62,4702,397,17,1.0,New Customers,"{'Strategy': 'Welcome Campaign', 'Channels': ['Email', 'SMS'], 'Offers': ['First Purchase Discount'], 'Goal': 'Convert into repeat customers'}",Welcome Campaign,"Email, SMS",First Purchase Discount,Convert into repeat customers
81169.0,47,4729,2089,22,2.0,At Risk Customers,"{'Strategy': 'Re-engagement Campaign', 'Channels': ['Email', 'Push Notifications'], 'Offers': ['Win-back Discounts'], 'Goal': 'Prevent churn'}",Re-engagement Campaign,"Email, Push Notifications",Win-back Discounts,Prevent churn
36443.0,9,4799,138,11,2.0,At Risk Customers,"{'Strategy': 'Re-engagement Campaign', 'Channels': ['Email', 'Push Notifications'], 'Offers': ['Win-back Discounts'], 'Goal': 'Prevent churn'}",Re-engagement Campaign,"Email, Push Notifications",Win-back Discounts,Prevent churn
26095.0,77,4652,42,5,1.0,New Customers,"{'Strategy': 'Welcome Campaign', 'Channels': ['Email', 'SMS'], 'Offers': ['First Purchase Discount'], 'Goal': 'Convert into repeat customers'}",Welcome Campaign,"Email, SMS",First Purchase Discount,Convert into repeat customers
71367.0,24,4598,777,17,3.0,Budget Buyers,"{'Strategy': 'Price-Based Promotions', 'Channels': ['SMS', 'Ads'], 'Offers': ['Coupons', 'Seasonal Discounts'], 'Goal': 'Increase purchase frequency'}",Price-Based Promotions,"SMS, Ads","Coupons, Seasonal Discounts",Increase purchase frequency
80184.0,19,4408,1902,20,1.0,New Customers,"{'Strategy': 'Welcome Campaign', 'Channels': ['Email', 'SMS'], 'Offers': ['First Purchase Discount'], 'Goal': 'Convert into repeat customers'}",Welcome Campaign,"Email, SMS",First Purchase Discount,Convert into repeat customers
30630.0,67,4441,52,7,3.0,Budget Buyers,"{'Strategy': 'Price-Based Promotions', 'Channels': ['SMS', 'Ads'], 'Offers': ['Coupons', 'Seasonal Discounts'], 'Goal': 'Increase purchase frequency'}",Price-Based Promotions,"SMS, Ads","Coupons, Seasonal Discounts",Increase purchase frequency
73454.0,95,4408,1651,13,0.0,High Value Customers,"{'Strategy': 'Loyalty Rewards & Premium Offers', 'Channels': ['Email', 'Personal Calls'], 'Offers': ['Exclusive Discounts', 'Early Access'], 'Goal': 'Increase retention and lifetime value'}",Loyalty Rewards & Premium Offers,"Email, Personal Calls","Exclusive Discounts, Early Access",Increase retention and lifetime value
42691.0,48,4605,358,13,0.0,High Value Customers,"{'Strategy': 'Loyalty Rewards & Premium Offers', 'Channels': ['Email', 'Personal Calls'], 'Offers': ['Exclusive Discounts', 'Early Access'], 'Goal': 'Increase retention and lifetime value'}",Loyalty Rewards & Premium Offers,"Email, Personal Calls","Exclusive Discounts, Early Access",Increase retention and lifetime value
70503.0,73,4925,1727,16,2.0,At Risk Customers,"{'Strategy': 'Re-engagement Campaign', 'Channels': ['Email', 'Push Notifications'], 'Offers': ['Win-back Discounts'], 'Goal': 'Prevent churn'}",Re-engagement Campaign,"Email, Push Notifications",Win-back Discounts,Prevent churn
25545.0,35,4947,210,10,1.0,New Customers,"{'Strategy': 'Welcome Campaign', 'Channels': ['Email', 'SMS'], 'Offers': ['First Purchase Discount'], 'Goal': 'Convert into repeat customers'}",Welcome Campaign,"Email, SMS",First Purchase Discount,Convert into repeat customers
32880.0,76,4860,42,5,2.0,At Risk Customers,"{'Strategy': 'Re-engagement Campaign', 'Channels': ['Email', 'Push Notifications'], 'Offers': ['Win-back Discounts'], 'Goal': 'Prevent churn'}",Re-engagement Campaign,"Email, Push Notifications",Win-back Discounts,Prevent churn
77863.0,20,4502,1291,20,1.0,New Customers,"{'Strategy': 'Welcome Campaign', 'Channels': ['Email', 'SMS'], 'Offers': ['First Purchase Discount'], 'Goal': 'Convert into repeat customers'}",Welcome Campaign,"Email, SMS",First Purchase Discount,Convert into repeat customers
50353.0,72,4309,442,15,3.0,Budget Buyers,"{'Strategy': 'Price-Based Promotions', 'Channels': ['SMS', 'Ads'], 'Offers': ['Coupons', 'Seasonal Discounts'], 'Goal': 'Increase purchase frequency'}",Price-Based Promotions,"SMS, Ads","Coupons, Seasonal Discounts",Increase purchase frequency
61839.0,20,4974,1895,17,3.0,Budget Buyers,"{'Strategy': 'Price-Based Promotions', 'Channels': ['SMS', 'Ads'], 'Offers': ['Coupons', 'Seasonal Discounts'], 'Goal': 'Increase purchase frequency'}",Price-Based Promotions,"SMS, Ads","Coupons, Seasonal Discounts",Increase purchase frequency
49154.0,69,4526,411,19,2.0,At Risk Customers,"{'Strategy': 'Re-engagement Campaign', 'Channels': ['Email', 'Push Notifications'], 'Offers': ['Win-back Discounts'], 'Goal': 'Prevent churn'}",Re-engagement Campaign,"Email, Push Notifications",Win-back Discounts,Prevent churn
47682.0,80,4787,521,19,0.0,High Value Customers,"{'Strategy': 'Loyalty Rewards & Premium Offers', 'Channels': ['Email', 'Personal Calls'], 'Offers': ['Exclusive Discounts', 'Early Access'], 'Goal': 'Increase retention and lifetime value'}",Loyalty Rewards & Premium Offers,"Email, Personal Calls","Exclusive Discounts, Early Access",Increase retention and lifetime value
72679.0,65,4572,1168,17,0.0,High Value Customers,"{'Strategy': 'Loyalty Rewards & Premium Offers', 'Channels': ['Email', 'Personal Calls'], 'Offers': ['Exclusive Discounts', 'Early Access'], 'Goal': 'Increase retention and lifetime value'}",Loyalty Rewards & Premium Offers,"Email, Personal Calls","Exclusive Discounts, Early Access",Increase retention and lifetime value
57954.0,52,4299,493,23,0.0,High Value Customers,"{'Strategy': 'Loyalty Rewards & Premium Offers', 'Channels': ['Email', 'Personal Calls'], 'Offers': ['Exclusive Discounts', 'Early Access'], 'Goal': 'Increase retention and lifetime value'}",Loyalty Rewards & Premium Offers,"Email, Personal Calls","Exclusive Discounts, Early Access",Increase retention and lifetime value
65316.0,65,4719,260,12,1.0,New Customers,"{'Strategy': 'Welcome Campaign', 'Channels': ['Email', 'SMS'], 'Offers': ['First Purchase Discount'], 'Goal': 'Convert into repeat customers'}",Welcome Campaign,"Email, SMS",First Purchase Discount,Convert into repeat customers
28567.0,57,4665,46,7,2.0,At Risk Customers,"{'Strategy': 'Re-engagement Campaign', 'Channels': ['Email', 'Push Notifications'], 'Offers': ['Win-back Discounts'], 'Goal': 'Prevent churn'}",Re-engagement Campaign,"Email, Push Notifications",Win-back Discounts,Prevent churn
47352.0,70,4732,319,16,1.0,New Customers,"{'Strategy': 'Welcome Campaign', 'Channels': ['Email', 'SMS'], 'Offers': ['First Purchase Discount'], 'Goal': 'Convert into repeat customers'}",Welcome Campaign,"Email, SMS",First Purchase Discount,Convert into repeat customers
44931.0,0,4450,96,7,1.0,New Customers,"{'Strategy': 'Welcome Campaign', 'Channels': ['Email', 'SMS'], 'Offers': ['First Purchase Discount'], 'Goal': 'Convert into repeat customers'}",Welcome Campaign,"Email, SMS",First Purchase Discount,Convert into repeat customers
76982.0,19,4422,1062,16,1.0,New Customers,"{'Strategy': 'Welcome Campaign', 'Channels': ['Email', 'SMS'], 'Offers': ['First Purchase Discount'], 'Goal': 'Convert into repeat customers'}",Welcome Campaign,"Email, SMS",First Purchase Discount,Convert into repeat customers
57247.0,50,4613,232,12,0.0,High Value Customers,"{'Strategy': 'Loyalty Rewards & Premium Offers', 'Channels': ['Email', 'Personal Calls'], 'Offers': ['Exclusive Discounts', 'Early Access'], 'Goal': 'Increase retention and lifetime value'}",Loyalty Rewards & Premium Offers,"Email, Personal Calls","Exclusive Discounts, Early Access",Increase retention and lifetime value
22944.0,67,4476,76,9,0.0,High Value Customers,"{'Strategy': 'Loyalty Rewards & Premium Offers', 'Channels': ['Email', 'Personal Calls'], 'Offers': ['Exclusive Discounts', 'Early Access'], 'Goal': 'Increase retention and lifetime value'}",Loyalty Rewards & Premium Offers,"Email, Personal Calls","Exclusive Discounts, Early Access",Increase retention and lifetime value
25315.0,46,4522,54,9,2.0,At Risk Customers,"{'Strategy': 'Re-engagement Campaign', 'Channels': ['Email', 'Push Notifications'], 'Offers': ['Win-back Discounts'], 'Goal': 'Prevent churn'}",Re-engagement Campaign,"Email, Push Notifications",Win-back Discounts,Prevent churn
43638.0,37,4980,201,11,3.0,Budget Buyers,"{'Strategy': 'Price-Based Promotions', 'Channels': ['SMS', 'Ads'], 'Offers': ['Coupons', 'Seasonal Discounts'], 'Goal': 'Increase purchase frequency'}",Price-Based Promotions,"SMS, Ads","Coupons, Seasonal Discounts",Increase purchase frequency
42710.0,38,4866,406,14,1.0,New Customers,"{'Strategy': 'Welcome Campaign', 'Channels': ['Email', 'SMS'], 'Offers': ['First Purchase Discount'], 'Goal': 'Convert into repeat customers'}",Welcome Campaign,"Email, SMS",First Purchase Discount,Convert into repeat customers
84169.0,9,4614,1919,20,3.0,Budget Buyers,"{'Strategy': 'Price-Based Promotions', 'Channels': ['SMS', 'Ads'], 'Offers': ['Coupons', 'Seasonal Discounts'], 'Goal': 'Increase purchase frequency'}",Price-Based Promotions,"SMS, Ads","Coupons, Seasonal Discounts",Increase purchase frequency
54058.0,56,4678,662,20,1.0,New Customers,"{'Strategy': 'Welcome Campaign', 'Channels': ['Email', 'SMS'], 'Offers': ['First Purchase Discount'], 'Goal': 'Convert into repeat customers'}",Welcome Campaign,"Email, SMS",First Purchase Discount,Convert into repeat customers
24683.0,98,4401,41,8,1.0,New Customers,"{'Strategy': 'Welcome Campaign', 'Channels': ['Email', 'SMS'], 'Offers': ['First Purchase Discount'], 'Goal': 'Convert into repeat customers'}",Welcome Campaign,"Email, SMS",First Purchase Discount,Convert into repeat customers
85620.0,68,4461,1600,14,1.0,New Customers,"{'Strategy': 'Welcome Campaign', 'Channels': ['Email', 'SMS'], 'Offers': ['First Purchase Discount'], 'Goal': 'Convert into repeat customers'}",Welcome Campaign,"Email, SMS",First Purchase Discount,Convert into repeat customers
47850.0,72,4496,134,8,1.0,New Customers,"{'Strategy': 'Welcome Campaign', 'Channels': ['Email', 'SMS'], 'Offers': ['First Purchase Discount'], 'Goal': 'Convert into repeat customers'}",Welcome Campaign,"Email, SMS",First Purchase Discount,Convert into repeat customers
19514.0,47,4442,69,10,1.0,New Customers,"{'Strategy': 'Welcome Campaign', 'Channels': ['Email', 'SMS'], 'Offers': ['First Purchase Discount'], 'Goal': 'Convert into repeat customers'}",Welcome Campaign,"Email, SMS",First Purchase Discount,Convert into repeat customers
27159.0,33,4380,21,6,3.0,Budget Buyers,"{'Strategy': 'Price-Based Promotions', 'Channels': ['SMS', 'Ads'], 'Offers': ['Coupons', 'Seasonal Discounts'], 'Goal': 'Increase purchase frequency'}",Price-Based Promotions,"SMS, Ads","Coupons, Seasonal Discounts",Increase purchase frequency
39548.0,87,4378,54,7,0.0,High Value Customers,"{'Strategy': 'Loyalty Rewards & Premium Offers', 'Channels': ['Email', 'Personal Calls'], 'Offers': ['Exclusive Discounts', 'Early Access'], 'Goal': 'Increase retention and lifetime value'}",Loyalty Rewards & Premium Offers,"Email, Personal Calls","Exclusive Discounts, Early Access",Increase retention and lifetime value
21474.0,0,4370,91,8,2.0,At Risk Customers,"{'Strategy': 'Re-engagement Campaign', 'Channels': ['Email', 'Push Notifications'], 'Offers': ['Win-back Discounts'], 'Goal': 'Prevent churn'}",Re-engagement Campaign,"Email, Push Notifications",Win-back Discounts,Prevent churn
60504.0,73,4430,526,18,0.0,High Value Customers,"{'Strategy': 'Loyalty Rewards & Premium Offers', 'Channels': ['Email', 'Personal Calls'], 'Offers': ['Exclusive Discounts', 'Early Access'], 'Goal': 'Increase retention and lifetime value'}",Loyalty Rewards & Premium Offers,"Email, Personal Calls","Exclusive Discounts, Early Access",Increase retention and lifetime value
22419.0,74,4725,162,8,3.0,Budget Buyers,"{'Strategy': 'Price-Based Promotions', 'Channels': ['SMS', 'Ads'], 'Offers': ['Coupons', 'Seasonal Discounts'], 'Goal': 'Increase purchase frequency'}",Price-Based Promotions,"SMS, Ads","Coupons, Seasonal Discounts",Increase purchase frequency
81698.0,4,4523,1008,25,2.0,At Risk Customers,"{'Strategy': 'Re-engagement Campaign', 'Channels': ['Email', 'Push Notifications'], 'Offers': ['Win-back Discounts'], 'Goal': 'Prevent churn'}",Re-engagement Campaign,"Email, Push Notifications",Win-back Discounts,Prevent churn
43462.0,50,4943,240,16,0.0,High Value Customers,"{'Strategy': 'Loyalty Rewards & Premium Offers', 'Channels': ['Email', 'Personal Calls'], 'Offers': ['Exclusive Discounts', 'Early Access'], 'Goal': 'Increase retention and lifetime value'}",Loyalty Rewards & Premium Offers,"Email, Personal Calls","Exclusive Discounts, Early Access",Increase retention and lifetime value
54880.0,57,4773,795,21,3.0,Budget Buyers,"{'Strategy': 'Price-Based Promotions', 'Channels': ['SMS', 'Ads'], 'Offers': ['Coupons', 'Seasonal Discounts'], 'Goal': 'Increase purchase frequency'}",Price-Based Promotions,"SMS, Ads","Coupons, Seasonal Discounts",Increase purchase frequency
79908.0,30,4738,1772,19,1.0,New Customers,"{'Strategy': 'Welcome Campaign', 'Channels': ['Email', 'SMS'], 'Offers': ['First Purchase Discount'], 'Goal': 'Convert into repeat customers'}",Welcome Campaign,"Email, SMS",First Purchase Discount,Convert into repeat customers
15315.0,27,4618,64,8,3.0,Budget Buyers,"{'Strategy': 'Price-Based Promotions', 'Channels': ['SMS', 'Ads'], 'Offers': ['Coupons', 'Seasonal Discounts'], 'Goal': 'Increase purchase frequency'}",Price-Based Promotions,"SMS, Ads","Coupons, Seasonal Discounts",Increase purchase frequency
87771.0,61,4691,1957,20,2.0,At Risk Customers,"{'Strategy': 'Re-engagement Campaign', 'Channels': ['Email', 'Push Notifications'], 'Offers': ['Win-back Discounts'], 'Goal': 'Prevent churn'}",Re-engagement Campaign,"Email, Push Notifications",Win-back Discounts,Prevent churn
33039.0,4,4581,78,7,2.0,At Risk Customers,"{'Strategy': 'Re-engagement Campaign', 'Channels': ['Email', 'Push Notifications'], 'Offers': ['Win-back Discounts'], 'Goal': 'Prevent churn'}",Re-engagement Campaign,"Email, Push Notifications",Win-back Discounts,Prevent churn
81741.0,75,4666,1572,19,1.0,New Customers,"{'Strategy': 'Welcome Campaign', 'Channels': ['Email', 'SMS'], 'Offers': ['First Purchase Discount'], 'Goal': 'Convert into repeat customers'}",Welcome Campaign,"Email, SMS",First Purchase Discount,Convert into repeat customers
71499.0,12,4657,795,26,1.0,New Customers,"{'Strategy': 'Welcome Campaign', 'Channels': ['Email', 'SMS'], 'Offers': ['First Purchase Discount'], 'Goal': 'Convert into repeat customers'}",Welcome Campaign,"Email, SMS",First Purchase Discount,Convert into repeat customers
62466.0,13,4453,889,26,3.0,Budget Buyers,"{'Strategy': 'Price-Based Promotions', 'Channels': ['SMS', 'Ads'], 'Offers': ['Coupons', 'Seasonal Discounts'], 'Goal': 'Increase purchase frequency'}",Price-Based Promotions,"SMS, Ads","Coupons, Seasonal Discounts",Increase purchase frequency
48799.0,9,4524,331,15,1.0,New Customers,"{'Strategy': 'Welcome Campaign', 'Channels': ['Email', 'SMS'], 'Offers': ['First Purchase Discount'], 'Goal': 'Convert into repeat customers'}",Welcome Campaign,"Email, SMS",First Purchase Discount,Convert into repeat customers
52157.0,48,4310,265,12,1.0,New Customers,"{'Strategy': 'Welcome Campaign', 'Channels': ['Email', 'SMS'], 'Offers': ['First Purchase Discount'], 'Goal': 'Convert into repeat customers'}",Welcome Campaign,"Email, SMS",First Purchase Discount,Convert into repeat customers
66565.0,80,4859,1065,19,0.0,High Value Customers,"{'Strategy': 'Loyalty Rewards & Premium Offers', 'Channels': ['Email', 'Personal Calls'], 'Offers': ['Exclusive Discounts', 'Early Access'], 'Goal': 'Increase retention and lifetime value'}",Loyalty Rewards & Premium Offers,"Email, Personal Calls","Exclusive Discounts, Early Access",Increase retention and lifetime value
29298.0,60,4583,11,4,0.0,High Value Customers,"{'Strategy': 'Loyalty Rewards & Premium Offers', 'Channels': ['Email', 'Personal Calls'], 'Offers': ['Exclusive Discounts', 'Early Access'], 'Goal': 'Increase retention and lifetime value'}",Loyalty Rewards & Premium Offers,"Email, Personal Calls","Exclusive Discounts, Early Access",Increase retention and lifetime value
47691.0,43,4647,21,4,1.0,New Customers,"{'Strategy': 'Welcome Campaign', 'Channels': ['Email', 'SMS'], 'Offers': ['First Purchase Discount'], 'Goal': 'Convert into repeat customers'}",Welcome Campaign,"Email, SMS",First Purchase Discount,Convert into repeat customers
38200.0,19,4857,17,4,1.0,New Customers,"{'Strategy': 'Welcome Campaign', 'Channels': ['Email', 'SMS'], 'Offers': ['First Purchase Discount'], 'Goal': 'Convert into repeat customers'}",Welcome Campaign,"Email, SMS",First Purchase Discount,Convert into repeat customers
44989.0,26,4943,369,16,1.0,New Customers,"{'Strategy': 'Welcome Campaign', 'Channels': ['Email', 'SMS'], 'Offers': ['First Purchase Discount'], 'Goal': 'Convert into repeat customers'}",Welcome Campaign,"Email, SMS",First Purchase Discount,Convert into repeat customers
38443.0,58,4441,38,6,1.0,New Customers,"{'Strategy': 'Welcome Campaign', 'Channels': ['Email', 'SMS'], 'Offers': ['First Purchase Discount'], 'Goal': 'Convert into repeat customers'}",Welcome Campaign,"Email, SMS",First Purchase Discount,Convert into repeat customers
38593.0,42,4577,177,11,2.0,At Risk Customers,"{'Strategy': 'Re-engagement Campaign', 'Channels': ['Email', 'Push Notifications'], 'Offers': ['Win-back Discounts'], 'Goal': 'Prevent churn'}",Re-engagement Campaign,"Email, Push Notifications",Win-back Discounts,Prevent churn
64413.0,27,4620,279,12,1.0,New Customers,"{'Strategy': 'Welcome Campaign', 'Channels': ['Email', 'SMS'], 'Offers': ['First Purchase Discount'], 'Goal': 'Convert into repeat customers'}",Welcome Campaign,"Email, SMS",First Purchase Discount,Convert into repeat customers
36959.0,56,4558,62,7,1.0,New Customers,"{'Strategy': 'Welcome Campaign', 'Channels': ['Email', 'SMS'], 'Offers': ['First Purchase Discount'], 'Goal': 'Convert into repeat customers'}",Welcome Campaign,"Email, SMS",First Purchase Discount,Convert into repeat customers
61996.0,27,4802,1230,21,1.0,New Customers,"{'Strategy': 'Welcome Campaign', 'Channels': ['Email', 'SMS'], 'Offers': ['First Purchase Discount'], 'Goal': 'Convert into repeat customers'}",Welcome Campaign,"Email, SMS",First Purchase Discount,Convert into repeat customers
51287.0,10,4377,182,11,3.0,Budget Buyers,"{'Strategy': 'Price-Based Promotions', 'Channels': ['SMS', 'Ads'], 'Offers': ['Coupons', 'Seasonal Discounts'], 'Goal': 'Increase purchase frequency'}",Price-Based Promotions,"SMS, Ads","Coupons, Seasonal Discounts",Increase purchase frequency
13260.0,48,4598,49,10,0.0,High Value Customers,"{'Strategy': 'Loyalty Rewards & Premium Offers', 'Channels': ['Email', 'Personal Calls'], 'Offers': ['Exclusive Discounts', 'Early Access'], 'Goal': 'Increase retention and lifetime value'}",Loyalty Rewards & Premium Offers,"Email, Personal Calls","Exclusive Discounts, Early Access",Increase retention and lifetime value
47472.0,39,4574,75,8,0.0,High Value Customers,"{'Strategy': 'Loyalty Rewards & Premium Offers', 'Channels': ['Email', 'Personal Calls'], 'Offers': ['Exclusive Discounts', 'Early Access'], 'Goal': 'Increase retention and lifetime value'}",Loyalty Rewards & Premium Offers,"Email, Personal Calls","Exclusive Discounts, Early Access",Increase retention and lifetime value
54603.0,85,4643,227,16,1.0,New Customers,"{'Strategy': 'Welcome Campaign', 'Channels': ['Email', 'SMS'], 'Offers': ['First Purchase Discount'], 'Goal': 'Convert into repeat customers'}",Welcome Campaign,"Email, SMS",First Purchase Discount,Convert into repeat customers
45207.0,64,4884,215,15,0.0,High Value Customers,"{'Strategy': 'Loyalty Rewards & Premium Offers', 'Channels': ['Email', 'Personal Calls'], 'Offers': ['Exclusive Discounts', 'Early Access'], 'Goal': 'Increase retention and lifetime value'}",Loyalty Rewards & Premium Offers,"Email, Personal Calls","Exclusive Discounts, Early Access",Increase retention and lifetime value
40689.0,69,4756,444,20,1.0,New Customers,"{'Strategy': 'Welcome Campaign', 'Channels': ['Email', 'SMS'], 'Offers': ['First Purchase Discount'], 'Goal': 'Convert into repeat customers'}",Welcome Campaign,"Email, SMS",First Purchase Discount,Convert into repeat customers
47821.0,54,4540,47,5,1.0,New Customers,"{'Strategy': 'Welcome Campaign', 'Channels': ['Email', 'SMS'], 'Offers': ['First Purchase Discount'], 'Goal': 'Convert into repeat customers'}",Welcome Campaign,"Email, SMS",First Purchase Discount,Convert into repeat customers
27450.0,57,4728,143,7,3.0,Budget Buyers,"{'Strategy': 'Price-Based Promotions', 'Channels': ['SMS', 'Ads'], 'Offers': ['Coupons', 'Seasonal Discounts'], 'Goal': 'Increase purchase frequency'}",Price-Based Promotions,"SMS, Ads","Coupons, Seasonal Discounts",Increase purchase frequency
39453.0,64,4375,55,7,3.0,Budget Buyers,"{'Strategy': 'Price-Based Promotions', 'Channels': ['SMS', 'Ads'], 'Offers': ['Coupons', 'Seasonal Discounts'], 'Goal': 'Increase purchase frequency'}",Price-Based Promotions,"SMS, Ads","Coupons, Seasonal Discounts",Increase purchase frequency
26850.0,10,4360,63,11,2.0,At Risk Customers,"{'Strategy': 'Re-engagement Campaign', 'Channels': ['Email', 'Push Notifications'], 'Offers': ['Win-back Discounts'], 'Goal': 'Prevent churn'}",Re-engagement Campaign,"Email, Push Notifications",Win-back Discounts,Prevent churn
79800.0,65,4932,1867,22,1.0,New Customers,"{'Strategy': 'Welcome Campaign', 'Channels': ['Email', 'SMS'], 'Offers': ['First Purchase Discount'], 'Goal': 'Convert into repeat customers'}",Welcome Campaign,"Email, SMS",First Purchase Discount,Convert into repeat customers
61794.0,74,4576,611,20,0.0,High Value Customers,"{'Strategy': 'Loyalty Rewards & Premium Offers', 'Channels': ['Email', 'Personal Calls'], 'Offers': ['Exclusive Discounts', 'Early Access'], 'Goal': 'Increase retention and lifetime value'}",Loyalty Rewards & Premium Offers,"Email, Personal Calls","Exclusive Discounts, Early Access",Increase retention and lifetime value
53863.0,4,4331,473,18,2.0,At Risk Customers,"{'Strategy': 'Re-engagement Campaign', 'Channels': ['Email', 'Push Notifications'], 'Offers': ['Win-back Discounts'], 'Goal': 'Prevent churn'}",Re-engagement Campaign,"Email, Push Notifications",Win-back Discounts,Prevent churn
24221.0,94,4601,55,6,3.0,Budget Buyers,"{'Strategy': 'Price-Based Promotions', 'Channels': ['SMS', 'Ads'], 'Offers': ['Coupons', 'Seasonal Discounts'], 'Goal': 'Increase purchase frequency'}",Price-Based Promotions,"SMS, Ads","Coupons, Seasonal Discounts",Increase purchase frequency
39684.0,41,4913,81,7,1.0,New Customers,"{'Strategy': 'Welcome Campaign', 'Channels': ['Email', 'SMS'], 'Offers': ['First Purchase Discount'], 'Goal': 'Convert into repeat customers'}",Welcome Campaign,"Email, SMS",First Purchase Discount,Convert into repeat customers
92163.0,25,4852,2086,21,1.0,New Customers,"{'Strategy': 'Welcome Campaign', 'Channels': ['Email', 'SMS'], 'Offers': ['First Purchase Discount'], 'Goal': 'Convert into repeat customers'}",Welcome Campaign,"Email, SMS",First Purchase Discount,Convert into repeat customers
69882.0,94,4519,1478,20,1.0,New Customers,"{'Strategy': 'Welcome Campaign', 'Channels': ['Email', 'SMS'], 'Offers': ['First Purchase Discount'], 'Goal': 'Convert into repeat customers'}",Welcome Campaign,"Email, SMS",First Purchase Discount,Convert into repeat customers
33178.0,9,4438,49,5,0.0,High Value Customers,"{'Strategy': 'Loyalty Rewards & Premium Offers', 'Channels': ['Email', 'Personal Calls'], 'Offers': ['Exclusive Discounts', 'Early Access'], 'Goal': 'Increase retention and lifetime value'}",Loyalty Rewards & Premium Offers,"Email, Personal Calls","Exclusive Discounts, Early Access",Increase retention and lifetime value
59973.0,47,4579,382,15,1.0,New Customers,"{'Strategy': 'Welcome Campaign', 'Channels': ['Email', 'SMS'], 'Offers': ['First Purchase Discount'], 'Goal': 'Convert into repeat customers'}",Welcome Campaign,"Email, SMS",First Purchase Discount,Convert into repeat customers
17459.0,12,4571,69,9,0.0,High Value Customers,"{'Strategy': 'Loyalty Rewards & Premium Offers', 'Channels': ['Email', 'Personal Calls'], 'Offers': ['Exclusive Discounts', 'Early Access'], 'Goal': 'Increase retention and lifetime value'}",Loyalty Rewards & Premium Offers,"Email, Personal Calls","Exclusive Discounts, Early Access",Increase retention and lifetime value
23910.0,80,4899,67,6,0.0,High Value Customers,"{'Strategy': 'Loyalty Rewards & Premium Offers', 'Channels': ['Email', 'Personal Calls'], 'Offers': ['Exclusive Discounts', 'Early Access'], 'Goal': 'Increase retention and lifetime value'}",Loyalty Rewards & Premium Offers,"Email, Personal Calls","Exclusive Discounts, Early Access",Increase retention and lifetime value
42169.0,20,4541,30,6,0.0,High Value Customers,"{'Strategy': 'Loyalty Rewards & Premium Offers', 'Channels': ['Email', 'Personal Calls'], 'Offers': ['Exclusive Discounts', 'Early Access'], 'Goal': 'Increase retention and lifetime value'}",Loyalty Rewards & Premium Offers,"Email, Personal Calls","Exclusive Discounts, Early Access",Increase retention and lifetime value
26224.0,39,4678,63,9,3.0,Budget Buyers,"{'Strategy': 'Price-Based Promotions', 'Channels': ['SMS', 'Ads'], 'Offers': ['Coupons', 'Seasonal Discounts'], 'Goal': 'Increase purchase frequency'}",Price-Based Promotions,"SMS, Ads","Coupons, Seasonal Discounts",Increase purchase frequency
31089.0,57,4969,79,10,3.0,Budget Buyers,"{'Strategy': 'Price-Based Promotions', 'Channels': ['SMS', 'Ads'], 'Offers': ['Coupons', 'Seasonal Discounts'], 'Goal': 'Increase purchase frequency'}",Price-Based Promotions,"SMS, Ads","Coupons, Seasonal Discounts",Increase purchase frequency
30081.0,27,4781,42,5,3.0,Budget Buyers,"{'Strategy': 'Price-Based Promotions', 'Channels': ['SMS', 'Ads'], 'Offers': ['Coupons', 'Seasonal Discounts'], 'Goal': 'Increase purchase frequency'}",Price-Based Promotions,"SMS, Ads","Coupons, Seasonal Discounts",Increase purchase frequency
62807.0,83,4955,819,23,0.0,High Value Customers,"{'Strategy': 'Loyalty Rewards & Premium Offers', 'Channels': ['Email', 'Personal Calls'], 'Offers': ['Exclusive Discounts', 'Early Access'], 'Goal': 'Increase retention and lifetime value'}",Loyalty Rewards & Premium Offers,"Email, Personal Calls","Exclusive Discounts, Early Access",Increase retention and lifetime value
72906.0,79,4573,1151,17,0.0,High Value Customers,"{'Strategy': 'Loyalty Rewards & Premium Offers', 'Channels': ['Email', 'Personal Calls'], 'Offers': ['Exclusive Discounts', 'Early Access'], 'Goal': 'Increase retention and lifetime value'}",Loyalty Rewards & Premium Offers,"Email, Personal Calls","Exclusive Discounts, Early Access",Increase retention and lifetime value
61467.0,69,4855,594,20,1.0,New Customers,"{'Strategy': 'Welcome Campaign', 'Channels': ['Email', 'SMS'], 'Offers': ['First Purchase Discount'], 'Goal': 'Convert into repeat customers'}",Welcome Campaign,"Email, SMS",First Purchase Discount,Convert into repeat customers
49618.0,77,4807,129,11,0.0,High Value Customers,"{'Strategy': 'Loyalty Rewards & Premium Offers', 'Channels': ['Email', 'Personal Calls'], 'Offers': ['Exclusive Discounts', 'Early Access'], 'Goal': 'Increase retention and lifetime value'}",Loyalty Rewards & Premium Offers,"Email, Personal Calls","Exclusive Discounts, Early Access",Increase retention and lifetime value
21888.0,15,4835,213,12,0.0,High Value Customers,"{'Strategy': 'Loyalty Rewards & Premium Offers', 'Channels': ['Email', 'Personal Calls'], 'Offers': ['Exclusive Discounts', 'Early Access'], 'Goal': 'Increase retention and lifetime value'}",Loyalty Rewards & Premium Offers,"Email, Personal Calls","Exclusive Discounts, Early Access",Increase retention and lifetime value
42429.0,99,4426,67,7,3.0,Budget Buyers,"{'Strategy': 'Price-Based Promotions', 'Channels': ['SMS', 'Ads'], 'Offers': ['Coupons', 'Seasonal Discounts'], 'Goal': 'Increase purchase frequency'}",Price-Based Promotions,"SMS, Ads","Coupons, Seasonal Discounts",Increase purchase frequency
26150.0,61,4763,28,5,1.0,New Customers,"{'Strategy': 'Welcome Campaign', 'Channels': ['Email', 'SMS'], 'Offers': ['First Purchase Discount'], 'Goal': 'Convert into repeat customers'}",Welcome Campaign,"Email, SMS",First Purchase Discount,Convert into repeat customers
30801.0,23,4899,45,6,1.0,New Customers,"{'Strategy': 'Welcome Campaign', 'Channels': ['Email', 'SMS'], 'Offers': ['First Purchase Discount'], 'Goal': 'Convert into repeat customers'}",Welcome Campaign,"Email, SMS",First Purchase Discount,Convert into repeat customers
81168.0,84,4341,1193,18,0.0,High Value Customers,"{'Strategy': 'Loyalty Rewards & Premium Offers', 'Channels': ['Email', 'Personal Calls'], 'Offers': ['Exclusive Discounts', 'Early Access'], 'Goal': 'Increase retention and lifetime value'}",Loyalty Rewards & Premium Offers,"Email, Personal Calls","Exclusive Discounts, Early Access",Increase retention and lifetime value
26877.0,74,4602,268,12,1.0,New Customers,"{'Strategy': 'Welcome Campaign', 'Channels': ['Email', 'SMS'], 'Offers': ['First Purchase Discount'], 'Goal': 'Convert into repeat customers'}",Welcome Campaign,"Email, SMS",First Purchase Discount,Convert into repeat customers
45006.0,90,4634,266,12,3.0,Budget Buyers,"{'Strategy': 'Price-Based Promotions', 'Channels': ['SMS', 'Ads'], 'Offers': ['Coupons', 'Seasonal Discounts'], 'Goal': 'Increase purchase frequency'}",Price-Based Promotions,"SMS, Ads","Coupons, Seasonal Discounts",Increase purchase frequency
18978.0,41,4853,37,5,3.0,Budget Buyers,"{'Strategy': 'Price-Based Promotions', 'Channels': ['SMS', 'Ads'], 'Offers': ['Coupons', 'Seasonal Discounts'], 'Goal': 'Increase purchase frequency'}",Price-Based Promotions,"SMS, Ads","Coupons, Seasonal Discounts",Increase purchase frequency
22574.0,28,4532,37,7,0.0,High Value Customers,"{'Strategy': 'Loyalty Rewards & Premium Offers', 'Channels': ['Email', 'Personal Calls'], 'Offers': ['Exclusive Discounts', 'Early Access'], 'Goal': 'Increase retention and lifetime value'}",Loyalty Rewards & Premium Offers,"Email, Personal Calls","Exclusive Discounts, Early Access",Increase retention and lifetime value
48240.0,73,4885,882,25,2.0,At Risk Customers,"{'Strategy': 'Re-engagement Campaign', 'Channels': ['Email', 'Push Notifications'], 'Offers': ['Win-back Discounts'], 'Goal': 'Prevent churn'}",Re-engagement Campaign,"Email, Push Notifications",Win-back Discounts,Prevent churn
45837.0,88,4626,373,18,0.0,High Value Customers,"{'Strategy': 'Loyalty Rewards & Premium Offers', 'Channels': ['Email', 'Personal Calls'], 'Offers': ['Exclusive Discounts', 'Early Access'], 'Goal': 'Increase retention and lifetime value'}",Loyalty Rewards & Premium Offers,"Email, Personal Calls","Exclusive Discounts, Early Access",Increase retention and lifetime value
35791.0,94,4707,35,6,0.0,High Value Customers,"{'Strategy': 'Loyalty Rewards & Premium Offers', 'Channels': ['Email', 'Personal Calls'], 'Offers': ['Exclusive Discounts', 'Early Access'], 'Goal': 'Increase retention and lifetime value'}",Loyalty Rewards & Premium Offers,"Email, Personal Calls","Exclusive Discounts, Early Access",Increase retention and lifetime value
162397.0,31,4679,107,1,2.0,At Risk Customers,"{'Strategy': 'Re-engagement Campaign', 'Channels': ['Email', 'Push Notifications'], 'Offers': ['Win-back Discounts'], 'Goal': 'Prevent churn'}",Re-engagement Campaign,"Email, Push Notifications",Win-back Discounts,Prevent churn
54162.0,31,4756,42,5,1.0,New Customers,"{'Strategy': 'Welcome Campaign', 'Channels': ['Email', 'SMS'], 'Offers': ['First Purchase Discount'], 'Goal': 'Convert into repeat customers'}",Welcome Campaign,"Email, SMS",First Purchase Discount,Convert into repeat customers
30522.0,6,4969,326,17,2.0,At Risk Customers,"{'Strategy': 'Re-engagement Campaign', 'Channels': ['Email', 'Push Notifications'], 'Offers': ['Win-back Discounts'], 'Goal': 'Prevent churn'}",Re-engagement Campaign,"Email, Push Notifications",Win-back Discounts,Prevent churn
54456.0,23,4641,404,17,1.0,New Customers,"{'Strategy': 'Welcome Campaign', 'Channels': ['Email', 'SMS'], 'Offers': ['First Purchase Discount'], 'Goal': 'Convert into repeat customers'}",Welcome Campaign,"Email, SMS",First Purchase Discount,Convert into repeat customers
31632.0,92,4638,95,6,3.0,Budget Buyers,"{'Strategy': 'Price-Based Promotions', 'Channels': ['SMS', 'Ads'], 'Offers': ['Coupons', 'Seasonal Discounts'], 'Goal': 'Increase purchase frequency'}",Price-Based Promotions,"SMS, Ads","Coupons, Seasonal Discounts",Increase purchase frequency
72298.0,52,4399,939,14,0.0,High Value Customers,"{'Strategy': 'Loyalty Rewards & Premium Offers', 'Channels': ['Email', 'Personal Calls'], 'Offers': ['Exclusive Discounts', 'Early Access'], 'Goal': 'Increase retention and lifetime value'}",Loyalty Rewards & Premium Offers,"Email, Personal Calls","Exclusive Discounts, Early Access",Increase retention and lifetime value
36975.0,50,4471,33,5,3.0,Budget Buyers,"{'Strategy': 'Price-Based Promotions', 'Channels': ['SMS', 'Ads'], 'Offers': ['Coupons', 'Seasonal Discounts'], 'Goal': 'Increase purchase frequency'}",Price-Based Promotions,"SMS, Ads","Coupons, Seasonal Discounts",Increase purchase frequency
72635.0,54,4679,981,21,2.0,At Risk Customers,"{'Strategy': 'Re-engagement Campaign', 'Channels': ['Email', 'Push Notifications'], 'Offers': ['Win-back Discounts'], 'Goal': 'Prevent churn'}",Re-engagement Campaign,"Email, Push Notifications",Win-back Discounts,Prevent churn
13624.0,93,4813,36,7,0.0,High Value Customers,"{'Strategy': 'Loyalty Rewards & Premium Offers', 'Channels': ['Email', 'Personal Calls'], 'Offers': ['Exclusive Discounts', 'Early Access'], 'Goal': 'Increase retention and lifetime value'}",Loyalty Rewards & Premium Offers,"Email, Personal Calls","Exclusive Discounts, Early Access",Increase retention and lifetime value
84196.0,56,4679,1237,20,0.0,High Value Customers,"{'Strategy': 'Loyalty Rewards & Premium Offers', 'Channels': ['Email', 'Personal Calls'], 'Offers': ['Exclusive Discounts', 'Early Access'], 'Goal': 'Increase retention and lifetime value'}",Loyalty Rewards & Premium Offers,"Email, Personal Calls","Exclusive Discounts, Early Access",Increase retention and lifetime value
70971.0,28,4934,1825,34,2.0,At Risk Customers,"{'Strategy': 'Re-engagement Campaign', 'Channels': ['Email', 'Push Notifications'], 'Offers': ['Win-back Discounts'], 'Goal': 'Prevent churn'}",Re-engagement Campaign,"Email, Push Notifications",Win-back Discounts,Prevent churn
34487.0,94,4949,103,9,2.0,At Risk Customers,"{'Strategy': 'Re-engagement Campaign', 'Channels': ['Email', 'Push Notifications'], 'Offers': ['Win-back Discounts'], 'Goal': 'Prevent churn'}",Re-engagement Campaign,"Email, Push Notifications",Win-back Discounts,Prevent churn
28769.0,76,4846,191,12,2.0,At Risk Customers,"{'Strategy': 'Re-engagement Campaign', 'Channels': ['Email', 'Push Notifications'], 'Offers': ['Win-back Discounts'], 'Goal': 'Prevent churn'}",Re-engagement Campaign,"Email, Push Notifications",Win-back Discounts,Prevent churn
69084.0,43,4510,1586,25,1.0,New Customers,"{'Strategy': 'Welcome Campaign', 'Channels': ['Email', 'SMS'], 'Offers': ['First Purchase Discount'], 'Goal': 'Convert into repeat customers'}",Welcome Campaign,"Email, SMS",First Purchase Discount,Convert into repeat customers
65488.0,46,4304,963,14,2.0,At Risk Customers,"{'Strategy': 'Re-engagement Campaign', 'Channels': ['Email', 'Push Notifications'], 'Offers': ['Win-back Discounts'], 'Goal': 'Prevent churn'}",Re-engagement Campaign,"Email, Push Notifications",Win-back Discounts,Prevent churn
62466.0,13,4453,889,26,1.0,New Customers,"{'Strategy': 'Welcome Campaign', 'Channels': ['Email', 'SMS'], 'Offers': ['First Purchase Discount'], 'Goal': 'Convert into repeat customers'}",Welcome Campaign,"Email, SMS",First Purchase Discount,Convert into repeat customers
32218.0,27,4422,93,7,3.0,Budget Buyers,"{'Strategy': 'Price-Based Promotions', 'Channels': ['SMS', 'Ads'], 'Offers': ['Coupons', 'Seasonal Discounts'], 'Goal': 'Increase purchase frequency'}",Price-Based Promotions,"SMS, Ads","Coupons, Seasonal Discounts",Increase purchase frequency
83917.0,12,4725,1587,21,0.0,High Value Customers,"{'Strategy': 'Loyalty Rewards & Premium Offers', 'Channels': ['Email', 'Personal Calls'], 'Offers': ['Exclusive Discounts', 'Early Access'], 'Goal': 'Increase retention and lifetime value'}",Loyalty Rewards & Premium Offers,"Email, Personal Calls","Exclusive Discounts, Early Access",Increase retention and lifetime value
46102.0,3,4399,16,4,3.0,Budget Buyers,"{'Strategy': 'Price-Based Promotions', 'Channels': ['SMS', 'Ads'], 'Offers': ['Coupons', 'Seasonal Discounts'], 'Goal': 'Increase purchase frequency'}",Price-Based Promotions,"SMS, Ads","Coupons, Seasonal Discounts",Increase purchase frequency
84574.0,72,4678,1375,32,3.0,Budget Buyers,"{'Strategy': 'Price-Based Promotions', 'Channels': ['SMS', 'Ads'], 'Offers': ['Coupons', 'Seasonal Discounts'], 'Goal': 'Increase purchase frequency'}",Price-Based Promotions,"SMS, Ads","Coupons, Seasonal Discounts",Increase purchase frequency
56181.0,6,4825,393,14,3.0,Budget Buyers,"{'Strategy': 'Price-Based Promotions', 'Channels': ['SMS', 'Ads'], 'Offers': ['Coupons', 'Seasonal Discounts'], 'Goal': 'Increase purchase frequency'}",Price-Based Promotions,"SMS, Ads","Coupons, Seasonal Discounts",Increase purchase frequency
63120.0,53,4927,1477,26,2.0,At Risk Customers,"{'Strategy': 'Re-engagement Campaign', 'Channels': ['Email', 'Push Notifications'], 'Offers': ['Win-back Discounts'], 'Goal': 'Prevent churn'}",Re-engagement Campaign,"Email, Push Notifications",Win-back Discounts,Prevent churn
73691.0,58,4523,1179,18,2.0,At Risk Customers,"{'Strategy': 'Re-engagement Campaign', 'Channels': ['Email', 'Push Notifications'], 'Offers': ['Win-back Discounts'], 'Goal': 'Prevent churn'}",Re-engagement Campaign,"Email, Push Notifications",Win-back Discounts,Prevent churn
63381.0,78,4920,1005,26,0.0,High Value Customers,"{'Strategy': 'Loyalty Rewards & Premium Offers', 'Channels': ['Email', 'Personal Calls'], 'Offers': ['Exclusive Discounts', 'Early Access'], 'Goal': 'Increase retention and lifetime value'}",Loyalty Rewards & Premium Offers,"Email, Personal Calls","Exclusive Discounts, Early Access",Increase retention and lifetime value
76140.0,57,4335,1348,21,3.0,Budget Buyers,"{'Strategy': 'Price-Based Promotions', 'Channels': ['SMS', 'Ads'], 'Offers': ['Coupons', 'Seasonal Discounts'], 'Goal': 'Increase purchase frequency'}",Price-Based Promotions,"SMS, Ads","Coupons, Seasonal Discounts",Increase purchase frequency
62859.0,37,4834,1307,23,1.0,New Customers,"{'Strategy': 'Welcome Campaign', 'Channels': ['Email', 'SMS'], 'Offers': ['First Purchase Discount'], 'Goal': 'Convert into repeat customers'}",Welcome Campaign,"Email, SMS",First Purchase Discount,Convert into repeat customers
45906.0,20,4706,486,15,2.0,At Risk Customers,"{'Strategy': 'Re-engagement Campaign', 'Channels': ['Email', 'Push Notifications'], 'Offers': ['Win-back Discounts'], 'Goal': 'Prevent churn'}",Re-engagement Campaign,"Email, Push Notifications",Win-back Discounts,Prevent churn
77632.0,73,4764,2252,13,1.0,New Customers,"{'Strategy': 'Welcome Campaign', 'Channels': ['Email', 'SMS'], 'Offers': ['First Purchase Discount'], 'Goal': 'Convert into repeat customers'}",Welcome Campaign,"Email, SMS",First Purchase Discount,Convert into repeat customers
46463.0,56,4603,235,17,2.0,At Risk Customers,"{'Strategy': 'Re-engagement Campaign', 'Channels': ['Email', 'Push Notifications'], 'Offers': ['Win-back Discounts'], 'Goal': 'Prevent churn'}",Re-engagement Campaign,"Email, Push Notifications",Win-back Discounts,Prevent churn
105471.0,36,4812,1724,30,2.0,At Risk Customers,"{'Strategy': 'Re-engagement Campaign', 'Channels': ['Email', 'Push Notifications'], 'Offers': ['Win-back Discounts'], 'Goal': 'Prevent churn'}",Re-engagement Campaign,"Email, Push Notifications",Win-back Discounts,Prevent churn
55282.0,9,4486,235,11,2.0,At Risk Customers,"{'Strategy': 'Re-engagement Campaign', 'Channels': ['Email', 'Push Notifications'], 'Offers': ['Win-back Discounts'], 'Goal': 'Prevent churn'}",Re-engagement Campaign,"Email, Push Notifications",Win-back Discounts,Prevent churn
78710.0,42,4325,1092,28,0.0,High Value Customers,"{'Strategy': 'Loyalty Rewards & Premium Offers', 'Channels': ['Email', 'Personal Calls'], 'Offers': ['Exclusive Discounts', 'Early Access'], 'Goal': 'Increase retention and lifetime value'}",Loyalty Rewards & Premium Offers,"Email, Personal Calls","Exclusive Discounts, Early Access",Increase retention and lifetime value
66886.0,28,4574,599,17,3.0,Budget Buyers,"{'Strategy': 'Price-Based Promotions', 'Channels': ['SMS', 'Ads'], 'Offers': ['Coupons', 'Seasonal Discounts'], 'Goal': 'Increase purchase frequency'}",Price-Based Promotions,"SMS, Ads","Coupons, Seasonal Discounts",Increase purchase frequency
98777.0,23,4420,2008,19,1.0,New Customers,"{'Strategy': 'Welcome Campaign', 'Channels': ['Email', 'SMS'], 'Offers': ['First Purchase Discount'], 'Goal': 'Convert into repeat customers'}",Welcome Campaign,"Email, SMS",First Purchase Discount,Convert into repeat customers
29103.0,38,4959,48,6,0.0,High Value Customers,"{'Strategy': 'Loyalty Rewards & Premium Offers', 'Channels': ['Email', 'Personal Calls'], 'Offers': ['Exclusive Discounts', 'Early Access'], 'Goal': 'Increase retention and lifetime value'}",Loyalty Rewards & Premium Offers,"Email, Personal Calls","Exclusive Discounts, Early Access",Increase retention and lifetime value
67445.0,63,4974,1174,32,3.0,Budget Buyers,"{'Strategy': 'Price-Based Promotions', 'Channels': ['SMS', 'Ads'], 'Offers': ['Coupons', 'Seasonal Discounts'], 'Goal': 'Increase purchase frequency'}",Price-Based Promotions,"SMS, Ads","Coupons, Seasonal Discounts",Increase purchase frequency
50616.0,71,4365,67,7,1.0,New Customers,"{'Strategy': 'Welcome Campaign', 'Channels': ['Email', 'SMS'], 'Offers': ['First Purchase Discount'], 'Goal': 'Convert into repeat customers'}",Welcome Campaign,"Email, SMS",First Purchase Discount,Convert into repeat customers
49431.0,9,4983,365,15,0.0,High Value Customers,"{'Strategy': 'Loyalty Rewards & Premium Offers', 'Channels': ['Email', 'Personal Calls'], 'Offers': ['Exclusive Discounts', 'Early Access'], 'Goal': 'Increase retention and lifetime value'}",Loyalty Rewards & Premium Offers,"Email, Personal Calls","Exclusive Discounts, Early Access",Increase retention and lifetime value
153924.0,81,4430,6,0,2.0,At Risk Customers,"{'Strategy': 'Re-engagement Campaign', 'Channels': ['Email', 'Push Notifications'], 'Offers': ['Win-back Discounts'], 'Goal': 'Prevent churn'}",Re-engagement Campaign,"Email, Push Notifications",Win-back Discounts,Prevent churn
61278.0,87,4464,165,10,1.0,New Customers,"{'Strategy': 'Welcome Campaign', 'Channels': ['Email', 'SMS'], 'Offers': ['First Purchase Discount'], 'Goal': 'Convert into repeat customers'}",Welcome Campaign,"Email, SMS",First Purchase Discount,Convert into repeat customers
26490.0,92,4933,210,11,3.0,Budget Buyers,"{'Strategy': 'Price-Based Promotions', 'Channels': ['SMS', 'Ads'], 'Offers': ['Coupons', 'Seasonal Discounts'], 'Goal': 'Increase purchase frequency'}",Price-Based Promotions,"SMS, Ads","Coupons, Seasonal Discounts",Increase purchase frequency
73059.0,36,4590,1095,26,1.0,New Customers,"{'Strategy': 'Welcome Campaign', 'Channels': ['Email', 'SMS'], 'Offers': ['First Purchase Discount'], 'Goal': 'Convert into repeat customers'}",Welcome Campaign,"Email, SMS",First Purchase Discount,Convert into repeat customers
46734.0,86,4539,223,12,3.0,Budget Buyers,"{'Strategy': 'Price-Based Promotions', 'Channels': ['SMS', 'Ads'], 'Offers': ['Coupons', 'Seasonal Discounts'], 'Goal': 'Increase purchase frequency'}",Price-Based Promotions,"SMS, Ads","Coupons, Seasonal Discounts",Increase purchase frequency
56253.0,83,4857,597,22,0.0,High Value Customers,"{'Strategy': 'Loyalty Rewards & Premium Offers', 'Channels': ['Email', 'Personal Calls'], 'Offers': ['Exclusive Discounts', 'Early Access'], 'Goal': 'Increase retention and lifetime value'}",Loyalty Rewards & Premium Offers,"Email, Personal Calls","Exclusive Discounts, Early Access",Increase retention and lifetime value
19986.0,74,4515,22,4,0.0,High Value Customers,"{'Strategy': 'Loyalty Rewards & Premium Offers', 'Channels': ['Email', 'Personal Calls'], 'Offers': ['Exclusive Discounts', 'Early Access'], 'Goal': 'Increase retention and lifetime value'}",Loyalty Rewards & Premium Offers,"Email, Personal Calls","Exclusive Discounts, Early Access",Increase retention and lifetime value
58330.0,87,4474,1064,24,0.0,High Value Customers,"{'Strategy': 'Loyalty Rewards & Premium Offers', 'Channels': ['Email', 'Personal Calls'], 'Offers': ['Exclusive Discounts', 'Early Access'], 'Goal': 'Increase retention and lifetime value'}",Loyalty Rewards & Premium Offers,"Email, Personal Calls","Exclusive Discounts, Early Access",Increase retention and lifetime value
25965.0,29,4948,74,6,0.0,High Value Customers,"{'Strategy': 'Loyalty Rewards & Premium Offers', 'Channels': ['Email', 'Personal Calls'], 'Offers': ['Exclusive Discounts', 'Early Access'], 'Goal': 'Increase retention and lifetime value'}",Loyalty Rewards & Premium Offers,"Email, Personal Calls","Exclusive Discounts, Early Access",Increase retention and lifetime value
14661.0,88,4832,26,5,1.0,New Customers,"{'Strategy': 'Welcome Campaign', 'Channels': ['Email', 'SMS'], 'Offers': ['First Purchase Discount'], 'Goal': 'Convert into repeat customers'}",Welcome Campaign,"Email, SMS",First Purchase Discount,Convert into repeat customers
18690.0,77,4836,60,5,0.0,High Value Customers,"{'Strategy': 'Loyalty Rewards & Premium Offers', 'Channels': ['Email', 'Personal Calls'], 'Offers': ['Exclusive Discounts', 'Early Access'], 'Goal': 'Increase retention and lifetime value'}",Loyalty Rewards & Premium Offers,"Email, Personal Calls","Exclusive Discounts, Early Access",Increase retention and lifetime value
45068.0,25,4697,20,4,1.0,New Customers,"{'Strategy': 'Welcome Campaign', 'Channels': ['Email', 'SMS'], 'Offers': ['First Purchase Discount'], 'Goal': 'Convert into repeat customers'}",Welcome Campaign,"Email, SMS",First Purchase Discount,Convert into repeat customers
21063.0,34,4565,59,7,3.0,Budget Buyers,"{'Strategy': 'Price-Based Promotions', 'Channels': ['SMS', 'Ads'], 'Offers': ['Coupons', 'Seasonal Discounts'], 'Goal': 'Increase purchase frequency'}",Price-Based Promotions,"SMS, Ads","Coupons, Seasonal Discounts",Increase purchase frequency
29187.0,43,4704,34,5,3.0,Budget Buyers,"{'Strategy': 'Price-Based Promotions', 'Channels': ['SMS', 'Ads'], 'Offers': ['Coupons', 'Seasonal Discounts'], 'Goal': 'Increase purchase frequency'}",Price-Based Promotions,"SMS, Ads","Coupons, Seasonal Discounts",Increase purchase frequency
54690.0,76,4522,198,12,2.0,At Risk Customers,"{'Strategy': 'Re-engagement Campaign', 'Channels': ['Email', 'Push Notifications'], 'Offers': ['Win-back Discounts'], 'Goal': 'Prevent churn'}",Re-engagement Campaign,"Email, Push Notifications",Win-back Discounts,Prevent churn
59304.0,81,4623,1048,28,2.0,At Risk Customers,"{'Strategy': 'Re-engagement Campaign', 'Channels': ['Email', 'Push Notifications'], 'Offers': ['Win-back Discounts'], 'Goal': 'Prevent churn'}",Re-engagement Campaign,"Email, Push Notifications",Win-back Discounts,Prevent churn
59247.0,87,4521,574,21,3.0,Budget Buyers,"{'Strategy': 'Price-Based Promotions', 'Channels': ['SMS', 'Ads'], 'Offers': ['Coupons', 'Seasonal Discounts'], 'Goal': 'Increase purchase frequency'}",Price-Based Promotions,"SMS, Ads","Coupons, Seasonal Discounts",Increase purchase frequency
66731.0,33,4943,1029,17,1.0,New Customers,"{'Strategy': 'Welcome Campaign', 'Channels': ['Email', 'SMS'], 'Offers': ['First Purchase Discount'], 'Goal': 'Convert into repeat customers'}",Welcome Campaign,"Email, SMS",First Purchase Discount,Convert into repeat customers
77353.0,38,4483,670,20,2.0,At Risk Customers,"{'Strategy': 'Re-engagement Campaign', 'Channels': ['Email', 'Push Notifications'], 'Offers': ['Win-back Discounts'], 'Goal': 'Prevent churn'}",Re-engagement Campaign,"Email, Push Notifications",Win-back Discounts,Prevent churn
52614.0,63,4863,990,16,3.0,Budget Buyers,"{'Strategy': 'Price-Based Promotions', 'Channels': ['SMS', 'Ads'], 'Offers': ['Coupons', 'Seasonal Discounts'], 'Goal': 'Increase purchase frequency'}",Price-Based Promotions,"SMS, Ads","Coupons, Seasonal Discounts",Increase purchase frequency
26751.0,26,4326,11,4,0.0,High Value Customers,"{'Strategy': 'Loyalty Rewards & Premium Offers', 'Channels': ['Email', 'Personal Calls'], 'Offers': ['Exclusive Discounts', 'Early Access'], 'Goal': 'Increase retention and lifetime value'}",Loyalty Rewards & Premium Offers,"Email, Personal Calls","Exclusive Discounts, Early Access",Increase retention and lifetime value
81300.0,17,4895,1241,21,2.0,At Risk Customers,"{'Strategy': 'Re-engagement Campaign', 'Channels': ['Email', 'Push Notifications'], 'Offers': ['Win-back Discounts'], 'Goal': 'Prevent churn'}",Re-engagement Campaign,"Email, Push Notifications",Win-back Discounts,Prevent churn
70337.0,75,4466,576,17,2.0,At Risk Customers,"{'Strategy': 'Re-engagement Campaign', 'Channels': ['Email', 'Push Notifications'], 'Offers': ['Win-back Discounts'], 'Goal': 'Prevent churn'}",Re-engagement Campaign,"Email, Push Notifications",Win-back Discounts,Prevent churn
36145.0,13,4666,172,12,3.0,Budget Buyers,"{'Strategy': 'Price-Based Promotions', 'Channels': ['SMS', 'Ads'], 'Offers': ['Coupons', 'Seasonal Discounts'], 'Goal': 'Increase purchase frequency'}",Price-Based Promotions,"SMS, Ads","Coupons, Seasonal Discounts",Increase purchase frequency
65295.0,19,4476,664,20,0.0,High Value Customers,"{'Strategy': 'Loyalty Rewards & Premium Offers', 'Channels': ['Email', 'Personal Calls'], 'Offers': ['Exclusive Discounts', 'Early Access'], 'Goal': 'Increase retention and lifetime value'}",Loyalty Rewards & Premium Offers,"Email, Personal Calls","Exclusive Discounts, Early Access",Increase retention and lifetime value
68118.0,51,4542,928,23,1.0,New Customers,"{'Strategy': 'Welcome Campaign', 'Channels': ['Email', 'SMS'], 'Offers': ['First Purchase Discount'], 'Goal': 'Convert into repeat customers'}",Welcome Campaign,"Email, SMS",First Purchase Discount,Convert into repeat customers
68743.0,81,4956,2074,30,3.0,Budget Buyers,"{'Strategy': 'Price-Based Promotions', 'Channels': ['SMS', 'Ads'], 'Offers': ['Coupons', 'Seasonal Discounts'], 'Goal': 'Increase purchase frequency'}",Price-Based Promotions,"SMS, Ads","Coupons, Seasonal Discounts",Increase purchase frequency
41039.0,32,4627,467,15,3.0,Budget Buyers,"{'Strategy': 'Price-Based Promotions', 'Channels': ['SMS', 'Ads'], 'Offers': ['Coupons', 'Seasonal Discounts'], 'Goal': 'Increase purchase frequency'}",Price-Based Promotions,"SMS, Ads","Coupons, Seasonal Discounts",Increase purchase frequency
38946.0,84,4536,257,12,3.0,Budget Buyers,"{'Strategy': 'Price-Based Promotions', 'Channels': ['SMS', 'Ads'], 'Offers': ['Coupons', 'Seasonal Discounts'], 'Goal': 'Increase purchase frequency'}",Price-Based Promotions,"SMS, Ads","Coupons, Seasonal Discounts",Increase purchase frequency
65777.0,87,4480,1146,17,2.0,At Risk Customers,"{'Strategy': 'Re-engagement Campaign', 'Channels': ['Email', 'Push Notifications'], 'Offers': ['Win-back Discounts'], 'Goal': 'Prevent churn'}",Re-engagement Campaign,"Email, Push Notifications",Win-back Discounts,Prevent churn
66476.0,99,4767,689,20,2.0,At Risk Customers,"{'Strategy': 'Re-engagement Campaign', 'Channels': ['Email', 'Push Notifications'], 'Offers': ['Win-back Discounts'], 'Goal': 'Prevent churn'}",Re-engagement Campaign,"Email, Push Notifications",Win-back Discounts,Prevent churn
86857.0,96,4943,2114,22,2.0,At Risk Customers,"{'Strategy': 'Re-engagement Campaign', 'Channels': ['Email', 'Push Notifications'], 'Offers': ['Win-back Discounts'], 'Goal': 'Prevent churn'}",Re-engagement Campaign,"Email, Push Notifications",Win-back Discounts,Prevent churn
160803.0,21,4982,1717,44,3.0,Budget Buyers,"{'Strategy': 'Price-Based Promotions', 'Channels': ['SMS', 'Ads'], 'Offers': ['Coupons', 'Seasonal Discounts'], 'Goal': 'Increase purchase frequency'}",Price-Based Promotions,"SMS, Ads","Coupons, Seasonal Discounts",Increase purchase frequency
77845.0,40,4332,1346,21,3.0,Budget Buyers,"{'Strategy': 'Price-Based Promotions', 'Channels': ['SMS', 'Ads'], 'Offers': ['Coupons', 'Seasonal Discounts'], 'Goal': 'Increase purchase frequency'}",Price-Based Promotions,"SMS, Ads","Coupons, Seasonal Discounts",Increase purchase frequency
69476.0,3,4560,1044,15,1.0,New Customers,"{'Strategy': 'Welcome Campaign', 'Channels': ['Email', 'SMS'], 'Offers': ['First Purchase Discount'], 'Goal': 'Convert into repeat customers'}",Welcome Campaign,"Email, SMS",First Purchase Discount,Convert into repeat customers
50611.0,98,4921,493,22,1.0,New Customers,"{'Strategy': 'Welcome Campaign', 'Channels': ['Email', 'SMS'], 'Offers': ['First Purchase Discount'], 'Goal': 'Convert into repeat customers'}",Welcome Campaign,"Email, SMS",First Purchase Discount,Convert into repeat customers
61209.0,73,4596,957,13,0.0,High Value Customers,"{'Strategy': 'Loyalty Rewards & Premium Offers', 'Channels': ['Email', 'Personal Calls'], 'Offers': ['Exclusive Discounts', 'Early Access'], 'Goal': 'Increase retention and lifetime value'}",Loyalty Rewards & Premium Offers,"Email, Personal Calls","Exclusive Discounts, Early Access",Increase retention and lifetime value
42315.0,90,4640,270,12,1.0,New Customers,"{'Strategy': 'Welcome Campaign', 'Channels': ['Email', 'SMS'], 'Offers': ['First Purchase Discount'], 'Goal': 'Convert into repeat customers'}",Welcome Campaign,"Email, SMS",First Purchase Discount,Convert into repeat customers
13084.0,29,4527,29,5,1.0,New Customers,"{'Strategy': 'Welcome Campaign', 'Channels': ['Email', 'SMS'], 'Offers': ['First Purchase Discount'], 'Goal': 'Convert into repeat customers'}",Welcome Campaign,"Email, SMS",First Purchase Discount,Convert into repeat customers
47570.0,3,4684,121,9,0.0,High Value Customers,"{'Strategy': 'Loyalty Rewards & Premium Offers', 'Channels': ['Email', 'Personal Calls'], 'Offers': ['Exclusive Discounts', 'Early Access'], 'Goal': 'Increase retention and lifetime value'}",Loyalty Rewards & Premium Offers,"Email, Personal Calls","Exclusive Discounts, Early Access",Increase retention and lifetime value
61923.0,94,4626,126,8,2.0,At Risk Customers,"{'Strategy': 'Re-engagement Campaign', 'Channels': ['Email', 'Push Notifications'], 'Offers': ['Win-back Discounts'], 'Goal': 'Prevent churn'}",Re-engagement Campaign,"Email, Push Notifications",Win-back Discounts,Prevent churn
34824.0,65,4383,23,4,2.0,At Risk Customers,"{'Strategy': 'Re-engagement Campaign', 'Channels': ['Email', 'Push Notifications'], 'Offers': ['Win-back Discounts'], 'Goal': 'Prevent churn'}",Re-engagement Campaign,"Email, Push Notifications",Win-back Discounts,Prevent churn
26518.0,33,4735,57,8,3.0,Budget Buyers,"{'Strategy': 'Price-Based Promotions', 'Channels': ['SMS', 'Ads'], 'Offers': ['Coupons', 'Seasonal Discounts'], 'Goal': 'Increase purchase frequency'}",Price-Based Promotions,"SMS, Ads","Coupons, Seasonal Discounts",Increase purchase frequency
45938.0,46,4526,636,20,2.0,At Risk Customers,"{'Strategy': 'Re-engagement Campaign', 'Channels': ['Email', 'Push Notifications'], 'Offers': ['Win-back Discounts'], 'Goal': 'Prevent churn'}",Re-engagement Campaign,"Email, Push Notifications",Win-back Discounts,Prevent churn
78468.0,29,4369,1004,28,2.0,At Risk Customers,"{'Strategy': 'Re-engagement Campaign', 'Channels': ['Email', 'Push Notifications'], 'Offers': ['Win-back Discounts'], 'Goal': 'Prevent churn'}",Re-engagement Campaign,"Email, Push Notifications",Win-back Discounts,Prevent churn
78901.0,99,4573,734,20,2.0,At Risk Customers,"{'Strategy': 'Re-engagement Campaign', 'Channels': ['Email', 'Push Notifications'], 'Offers': ['Win-back Discounts'], 'Goal': 'Prevent churn'}",Re-engagement Campaign,"Email, Push Notifications",Win-back Discounts,Prevent churn
71427.0,26,4397,614,20,1.0,New Customers,"{'Strategy': 'Welcome Campaign', 'Channels': ['Email', 'SMS'], 'Offers': ['First Purchase Discount'], 'Goal': 'Convert into repeat customers'}",Welcome Campaign,"Email, SMS",First Purchase Discount,Convert into repeat customers
71022.0,30,4426,1453,21,3.0,Budget Buyers,"{'Strategy': 'Price-Based Promotions', 'Channels': ['SMS', 'Ads'], 'Offers': ['Coupons', 'Seasonal Discounts'], 'Goal': 'Increase purchase frequency'}",Price-Based Promotions,"SMS, Ads","Coupons, Seasonal Discounts",Increase purchase frequency
90247.0,27,4349,1621,15,1.0,New Customers,"{'Strategy': 'Welcome Campaign', 'Channels': ['Email', 'SMS'], 'Offers': ['First Purchase Discount'], 'Goal': 'Convert into repeat customers'}",Welcome Campaign,"Email, SMS",First Purchase Discount,Convert into repeat customers
41335.0,24,4473,187,12,3.0,Budget Buyers,"{'Strategy': 'Price-Based Promotions', 'Channels': ['SMS', 'Ads'], 'Offers': ['Coupons', 'Seasonal Discounts'], 'Goal': 'Increase purchase frequency'}",Price-Based Promotions,"SMS, Ads","Coupons, Seasonal Discounts",Increase purchase frequency
71952.0,93,4823,1443,22,3.0,Budget Buyers,"{'Strategy': 'Price-Based Promotions', 'Channels': ['SMS', 'Ads'], 'Offers': ['Coupons', 'Seasonal Discounts'], 'Goal': 'Increase purchase frequency'}",Price-Based Promotions,"SMS, Ads","Coupons, Seasonal Discounts",Increase purchase frequency
35682.0,34,4290,57,6,0.0,High Value Customers,"{'Strategy': 'Loyalty Rewards & Premium Offers', 'Channels': ['Email', 'Personal Calls'], 'Offers': ['Exclusive Discounts', 'Early Access'], 'Goal': 'Increase retention and lifetime value'}",Loyalty Rewards & Premium Offers,"Email, Personal Calls","Exclusive Discounts, Early Access",Increase retention and lifetime value
43185.0,88,4733,637,20,0.0,High Value Customers,"{'Strategy': 'Loyalty Rewards & Premium Offers', 'Channels': ['Email', 'Personal Calls'], 'Offers': ['Exclusive Discounts', 'Early Access'], 'Goal': 'Increase retention and lifetime value'}",Loyalty Rewards & Premium Offers,"Email, Personal Calls","Exclusive Discounts, Early Access",Increase retention and lifetime value
66375.0,96,4508,948,14,3.0,Budget Buyers,"{'Strategy': 'Price-Based Promotions', 'Channels': ['SMS', 'Ads'], 'Offers': ['Coupons', 'Seasonal Discounts'], 'Goal': 'Increase purchase frequency'}",Price-Based Promotions,"SMS, Ads","Coupons, Seasonal Discounts",Increase purchase frequency
35178.0,10,4823,59,5,0.0,High Value Customers,"{'Strategy': 'Loyalty Rewards & Premium Offers', 'Channels': ['Email', 'Personal Calls'], 'Offers': ['Exclusive Discounts', 'Early Access'], 'Goal': 'Increase retention and lifetime value'}",Loyalty Rewards & Premium Offers,"Email, Personal Calls","Exclusive Discounts, Early Access",Increase retention and lifetime value
25252.0,26,4640,18,4,2.0,At Risk Customers,"{'Strategy': 'Re-engagement Campaign', 'Channels': ['Email', 'Push Notifications'], 'Offers': ['Win-back Discounts'], 'Goal': 'Prevent churn'}",Re-engagement Campaign,"Email, Push Notifications",Win-back Discounts,Prevent churn
55250.0,49,4904,903,26,1.0,New Customers,"{'Strategy': 'Welcome Campaign', 'Channels': ['Email', 'SMS'], 'Offers': ['First Purchase Discount'], 'Goal': 'Convert into repeat customers'}",Welcome Campaign,"Email, SMS",First Purchase Discount,Convert into repeat customers
33249.0,11,4782,112,8,3.0,Budget Buyers,"{'Strategy': 'Price-Based Promotions', 'Channels': ['SMS', 'Ads'], 'Offers': ['Coupons', 'Seasonal Discounts'], 'Goal': 'Increase purchase frequency'}",Price-Based Promotions,"SMS, Ads","Coupons, Seasonal Discounts",Increase purchase frequency
58398.0,44,4699,596,20,2.0,At Risk Customers,"{'Strategy': 'Re-engagement Campaign', 'Channels': ['Email', 'Push Notifications'], 'Offers': ['Win-back Discounts'], 'Goal': 'Prevent churn'}",Re-engagement Campaign,"Email, Push Notifications",Win-back Discounts,Prevent churn
50272.0,75,4614,233,13,0.0,High Value Customers,"{'Strategy': 'Loyalty Rewards & Premium Offers', 'Channels': ['Email', 'Personal Calls'], 'Offers': ['Exclusive Discounts', 'Early Access'], 'Goal': 'Increase retention and lifetime value'}",Loyalty Rewards & Premium Offers,"Email, Personal Calls","Exclusive Discounts, Early Access",Increase retention and lifetime value
76618.0,64,4857,1511,11,3.0,Budget Buyers,"{'Strategy': 'Price-Based Promotions', 'Channels': ['SMS', 'Ads'], 'Offers': ['Coupons', 'Seasonal Discounts'], 'Goal': 'Increase purchase frequency'}",Price-Based Promotions,"SMS, Ads","Coupons, Seasonal Discounts",Increase purchase frequency
87305.0,19,4932,1152,17,1.0,New Customers,"{'Strategy': 'Welcome Campaign', 'Channels': ['Email', 'SMS'], 'Offers': ['First Purchase Discount'], 'Goal': 'Convert into repeat customers'}",Welcome Campaign,"Email, SMS",First Purchase Discount,Convert into repeat customers
25851.0,45,4791,48,7,2.0,At Risk Customers,"{'Strategy': 'Re-engagement Campaign', 'Channels': ['Email', 'Push Notifications'], 'Offers': ['Win-back Discounts'], 'Goal': 'Prevent churn'}",Re-engagement Campaign,"Email, Push Notifications",Win-back Discounts,Prevent churn
58710.0,77,4743,1185,31,3.0,Budget Buyers,"{'Strategy': 'Price-Based Promotions', 'Channels': ['SMS', 'Ads'], 'Offers': ['Coupons', 'Seasonal Discounts'], 'Goal': 'Increase purchase frequency'}",Price-Based Promotions,"SMS, Ads","Coupons, Seasonal Discounts",Increase purchase frequency
45160.0,9,4380,21,4,1.0,New Customers,"{'Strategy': 'Welcome Campaign', 'Channels': ['Email', 'SMS'], 'Offers': ['First Purchase Discount'], 'Goal': 'Convert into repeat customers'}",Welcome Campaign,"Email, SMS",First Purchase Discount,Convert into repeat customers
74806.0,1,4845,965,16,3.0,Budget Buyers,"{'Strategy': 'Price-Based Promotions', 'Channels': ['SMS', 'Ads'], 'Offers': ['Coupons', 'Seasonal Discounts'], 'Goal': 'Increase purchase frequency'}",Price-Based Promotions,"SMS, Ads","Coupons, Seasonal Discounts",Increase purchase frequency
59111.0,90,4711,869,21,0.0,High Value Customers,"{'Strategy': 'Loyalty Rewards & Premium Offers', 'Channels': ['Email', 'Personal Calls'], 'Offers': ['Exclusive Discounts', 'Early Access'], 'Goal': 'Increase retention and lifetime value'}",Loyalty Rewards & Premium Offers,"Email, Personal Calls","Exclusive Discounts, Early Access",Increase retention and lifetime value
18988.0,43,4325,16,6,1.0,New Customers,"{'Strategy': 'Welcome Campaign', 'Channels': ['Email', 'SMS'], 'Offers': ['First Purchase Discount'], 'Goal': 'Convert into repeat customers'}",Welcome Campaign,"Email, SMS",First Purchase Discount,Convert into repeat customers
72190.0,79,4789,1947,16,3.0,Budget Buyers,"{'Strategy': 'Price-Based Promotions', 'Channels': ['SMS', 'Ads'], 'Offers': ['Coupons', 'Seasonal Discounts'], 'Goal': 'Increase purchase frequency'}",Price-Based Promotions,"SMS, Ads","Coupons, Seasonal Discounts",Increase purchase frequency
7500.0,19,4985,71,12,2.0,At Risk Customers,"{'Strategy': 'Re-engagement Campaign', 'Channels': ['Email', 'Push Notifications'], 'Offers': ['Win-back Discounts'], 'Goal': 'Prevent churn'}",Re-engagement Campaign,"Email, Push Notifications",Win-back Discounts,Prevent churn
44794.0,99,4309,65,6,3.0,Budget Buyers,"{'Strategy': 'Price-Based Promotions', 'Channels': ['SMS', 'Ads'], 'Offers': ['Coupons', 'Seasonal Discounts'], 'Goal': 'Increase purchase frequency'}",Price-Based Promotions,"SMS, Ads","Coupons, Seasonal Discounts",Increase purchase frequency
80395.0,62,4506,1380,24,2.0,At Risk Customers,"{'Strategy': 'Re-engagement Campaign', 'Channels': ['Email', 'Push Notifications'], 'Offers': ['Win-back Discounts'], 'Goal': 'Prevent churn'}",Re-engagement Campaign,"Email, Push Notifications",Win-back Discounts,Prevent churn
75012.0,41,4443,1027,23,1.0,New Customers,"{'Strategy': 'Welcome Campaign', 'Channels': ['Email', 'SMS'], 'Offers': ['First Purchase Discount'], 'Goal': 'Convert into repeat customers'}",Welcome Campaign,"Email, SMS",First Purchase Discount,Convert into repeat customers
56962.0,60,4549,411,21,3.0,Budget Buyers,"{'Strategy': 'Price-Based Promotions', 'Channels': ['SMS', 'Ads'], 'Offers': ['Coupons', 'Seasonal Discounts'], 'Goal': 'Increase purchase frequency'}",Price-Based Promotions,"SMS, Ads","Coupons, Seasonal Discounts",Increase purchase frequency
89891.0,17,4728,836,26,3.0,Budget Buyers,"{'Strategy': 'Price-Based Promotions', 'Channels': ['SMS', 'Ads'], 'Offers': ['Coupons', 'Seasonal Discounts'], 'Goal': 'Increase purchase frequency'}",Price-Based Promotions,"SMS, Ads","Coupons, Seasonal Discounts",Increase purchase frequency
35946.0,24,4563,11,4,1.0,New Customers,"{'Strategy': 'Welcome Campaign', 'Channels': ['Email', 'SMS'], 'Offers': ['First Purchase Discount'], 'Goal': 'Convert into repeat customers'}",Welcome Campaign,"Email, SMS",First Purchase Discount,Convert into repeat customers
53593.0,60,4979,480,23,2.0,At Risk Customers,"{'Strategy': 'Re-engagement Campaign', 'Channels': ['Email', 'Push Notifications'], 'Offers': ['Win-back Discounts'], 'Goal': 'Prevent churn'}",Re-engagement Campaign,"Email, Push Notifications",Win-back Discounts,Prevent churn
66373.0,57,4670,606,23,2.0,At Risk Customers,"{'Strategy': 'Re-engagement Campaign', 'Channels': ['Email', 'Push Notifications'], 'Offers': ['Win-back Discounts'], 'Goal': 'Prevent churn'}",Re-engagement Campaign,"Email, Push Notifications",Win-back Discounts,Prevent churn
45072.0,74,4544,284,16,3.0,Budget Buyers,"{'Strategy': 'Price-Based Promotions', 'Channels': ['SMS', 'Ads'], 'Offers': ['Coupons', 'Seasonal Discounts'], 'Goal': 'Increase purchase frequency'}",Price-Based Promotions,"SMS, Ads","Coupons, Seasonal Discounts",Increase purchase frequency
89694.0,22,4551,1472,14,1.0,New Customers,"{'Strategy': 'Welcome Campaign', 'Channels': ['Email', 'SMS'], 'Offers': ['First Purchase Discount'], 'Goal': 'Convert into repeat customers'}",Welcome Campaign,"Email, SMS",First Purchase Discount,Convert into repeat customers
72025.0,46,4349,1677,26,0.0,High Value Customers,"{'Strategy': 'Loyalty Rewards & Premium Offers', 'Channels': ['Email', 'Personal Calls'], 'Offers': ['Exclusive Discounts', 'Early Access'], 'Goal': 'Increase retention and lifetime value'}",Loyalty Rewards & Premium Offers,"Email, Personal Calls","Exclusive Discounts, Early Access",Increase retention and lifetime value
67432.0,69,4745,1335,19,2.0,At Risk Customers,"{'Strategy': 'Re-engagement Campaign', 'Channels': ['Email', 'Push Notifications'], 'Offers': ['Win-back Discounts'], 'Goal': 'Prevent churn'}",Re-engagement Campaign,"Email, Push Notifications",Win-back Discounts,Prevent churn
70545.0,29,4314,334,13,2.0,At Risk Customers,"{'Strategy': 'Re-engagement Campaign', 'Channels': ['Email', 'Push Notifications'], 'Offers': ['Win-back Discounts'], 'Goal': 'Prevent churn'}",Re-engagement Campaign,"Email, Push Notifications",Win-back Discounts,Prevent churn
17487.0,37,4756,18,4,0.0,High Value Customers,"{'Strategy': 'Loyalty Rewards & Premium Offers', 'Channels': ['Email', 'Personal Calls'], 'Offers': ['Exclusive Discounts', 'Early Access'], 'Goal': 'Increase retention and lifetime value'}",Loyalty Rewards & Premium Offers,"Email, Personal Calls","Exclusive Discounts, Early Access",Increase retention and lifetime value
62882.0,26,4977,1338,20,1.0,New Customers,"{'Strategy': 'Welcome Campaign', 'Channels': ['Email', 'SMS'], 'Offers': ['First Purchase Discount'], 'Goal': 'Convert into repeat customers'}",Welcome Campaign,"Email, SMS",First Purchase Discount,Convert into repeat customers
64108.0,8,4751,1099,30,1.0,New Customers,"{'Strategy': 'Welcome Campaign', 'Channels': ['Email', 'SMS'], 'Offers': ['First Purchase Discount'], 'Goal': 'Convert into repeat customers'}",Welcome Campaign,"Email, SMS",First Purchase Discount,Convert into repeat customers
34941.0,26,4768,97,8,3.0,Budget Buyers,"{'Strategy': 'Price-Based Promotions', 'Channels': ['SMS', 'Ads'], 'Offers': ['Coupons', 'Seasonal Discounts'], 'Goal': 'Increase purchase frequency'}",Price-Based Promotions,"SMS, Ads","Coupons, Seasonal Discounts",Increase purchase frequency
48767.0,79,4467,63,9,3.0,Budget Buyers,"{'Strategy': 'Price-Based Promotions', 'Channels': ['SMS', 'Ads'], 'Offers': ['Coupons', 'Seasonal Discounts'], 'Goal': 'Increase purchase frequency'}",Price-Based Promotions,"SMS, Ads","Coupons, Seasonal Discounts",Increase purchase frequency
38702.0,71,4620,109,9,1.0,New Customers,"{'Strategy': 'Welcome Campaign', 'Channels': ['Email', 'SMS'], 'Offers': ['First Purchase Discount'], 'Goal': 'Convert into repeat customers'}",Welcome Campaign,"Email, SMS",First Purchase Discount,Convert into repeat customers
82224.0,83,4443,902,21,2.0,At Risk Customers,"{'Strategy': 'Re-engagement Campaign', 'Channels': ['Email', 'Push Notifications'], 'Offers': ['Win-back Discounts'], 'Goal': 'Prevent churn'}",Re-engagement Campaign,"Email, Push Notifications",Win-back Discounts,Prevent churn
83844.0,57,4701,1574,20,1.0,New Customers,"{'Strategy': 'Welcome Campaign', 'Channels': ['Email', 'SMS'], 'Offers': ['First Purchase Discount'], 'Goal': 'Convert into repeat customers'}",Welcome Campaign,"Email, SMS",First Purchase Discount,Convert into repeat customers
17003.0,37,4490,38,9,2.0,At Risk Customers,"{'Strategy': 'Re-engagement Campaign', 'Channels': ['Email', 'Push Notifications'], 'Offers': ['Win-back Discounts'], 'Goal': 'Prevent churn'}",Re-engagement Campaign,"Email, Push Notifications",Win-back Discounts,Prevent churn
71163.0,30,4400,960,24,3.0,Budget Buyers,"{'Strategy': 'Price-Based Promotions', 'Channels': ['SMS', 'Ads'], 'Offers': ['Coupons', 'Seasonal Discounts'], 'Goal': 'Increase purchase frequency'}",Price-Based Promotions,"SMS, Ads","Coupons, Seasonal Discounts",Increase purchase frequency
33697.0,34,4575,28,4,3.0,Budget Buyers,"{'Strategy': 'Price-Based Promotions', 'Channels': ['SMS', 'Ads'], 'Offers': ['Coupons', 'Seasonal Discounts'], 'Goal': 'Increase purchase frequency'}",Price-Based Promotions,"SMS, Ads","Coupons, Seasonal Discounts",Increase purchase frequency
63564.0,0,4439,1215,28,3.0,Budget Buyers,"{'Strategy': 'Price-Based Promotions', 'Channels': ['SMS', 'Ads'], 'Offers': ['Coupons', 'Seasonal Discounts'], 'Goal': 'Increase purchase frequency'}",Price-Based Promotions,"SMS, Ads","Coupons, Seasonal Discounts",Increase purchase frequency
83443.0,89,4468,1497,22,2.0,At Risk Customers,"{'Strategy': 'Re-engagement Campaign', 'Channels': ['Email', 'Push Notifications'], 'Offers': ['Win-back Discounts'], 'Goal': 'Prevent churn'}",Re-engagement Campaign,"Email, Push Notifications",Win-back Discounts,Prevent churn
51518.0,92,4557,449,17,2.0,At Risk Customers,"{'Strategy': 'Re-engagement Campaign', 'Channels': ['Email', 'Push Notifications'], 'Offers': ['Win-back Discounts'], 'Goal': 'Prevent churn'}",Re-engagement Campaign,"Email, Push Notifications",Win-back Discounts,Prevent churn
58330.0,87,4474,1064,24,2.0,At Risk Customers,"{'Strategy': 'Re-engagement Campaign', 'Channels': ['Email', 'Push Notifications'], 'Offers': ['Win-back Discounts'], 'Goal': 'Prevent churn'}",Re-engagement Campaign,"Email, Push Notifications",Win-back Discounts,Prevent churn
80952.0,20,4774,1757,25,3.0,Budget Buyers,"{'Strategy': 'Price-Based Promotions', 'Channels': ['SMS', 'Ads'], 'Offers': ['Coupons', 'Seasonal Discounts'], 'Goal': 'Increase purchase frequency'}",Price-Based Promotions,"SMS, Ads","Coupons, Seasonal Discounts",Increase purchase frequency
75507.0,56,4346,1440,21,2.0,At Risk Customers,"{'Strategy': 'Re-engagement Campaign', 'Channels': ['Email', 'Push Notifications'], 'Offers': ['Win-back Discounts'], 'Goal': 'Prevent churn'}",Re-engagement Campaign,"Email, Push Notifications",Win-back Discounts,Prevent churn
63855.0,28,4793,1006,24,0.0,High Value Customers,"{'Strategy': 'Loyalty Rewards & Premium Offers', 'Channels': ['Email', 'Personal Calls'], 'Offers': ['Exclusive Discounts', 'Early Access'], 'Goal': 'Increase retention and lifetime value'}",Loyalty Rewards & Premium Offers,"Email, Personal Calls","Exclusive Discounts, Early Access",Increase retention and lifetime value
62220.0,55,4975,1226,23,1.0,New Customers,"{'Strategy': 'Welcome Campaign', 'Channels': ['Email', 'SMS'], 'Offers': ['First Purchase Discount'], 'Goal': 'Convert into repeat customers'}",Welcome Campaign,"Email, SMS",First Purchase Discount,Convert into repeat customers
58512.0,25,4571,1171,20,1.0,New Customers,"{'Strategy': 'Welcome Campaign', 'Channels': ['Email', 'SMS'], 'Offers': ['First Purchase Discount'], 'Goal': 'Convert into repeat customers'}",Welcome Campaign,"Email, SMS",First Purchase Discount,Convert into repeat customers
40662.0,0,4759,92,8,2.0,At Risk Customers,"{'Strategy': 'Re-engagement Campaign', 'Channels': ['Email', 'Push Notifications'], 'Offers': ['Win-back Discounts'], 'Goal': 'Prevent churn'}",Re-engagement Campaign,"Email, Push Notifications",Win-back Discounts,Prevent churn
38829.0,86,4372,99,8,2.0,At Risk Customers,"{'Strategy': 'Re-engagement Campaign', 'Channels': ['Email', 'Push Notifications'], 'Offers': ['Win-back Discounts'], 'Goal': 'Prevent churn'}",Re-engagement Campaign,"Email, Push Notifications",Win-back Discounts,Prevent churn
35523.0,8,4557,66,8,0.0,High Value Customers,"{'Strategy': 'Loyalty Rewards & Premium Offers', 'Channels': ['Email', 'Personal Calls'], 'Offers': ['Exclusive Discounts', 'Early Access'], 'Goal': 'Increase retention and lifetime value'}",Loyalty Rewards & Premium Offers,"Email, Personal Calls","Exclusive Discounts, Early Access",Increase retention and lifetime value
79146.0,33,4354,564,19,3.0,Budget Buyers,"{'Strategy': 'Price-Based Promotions', 'Channels': ['SMS', 'Ads'], 'Offers': ['Coupons', 'Seasonal Discounts'], 'Goal': 'Increase purchase frequency'}",Price-Based Promotions,"SMS, Ads","Coupons, Seasonal Discounts",Increase purchase frequency
78285.0,13,4532,1427,21,0.0,High Value Customers,"{'Strategy': 'Loyalty Rewards & Premium Offers', 'Channels': ['Email', 'Personal Calls'], 'Offers': ['Exclusive Discounts', 'Early Access'], 'Goal': 'Increase retention and lifetime value'}",Loyalty Rewards & Premium Offers,"Email, Personal Calls","Exclusive Discounts, Early Access",Increase retention and lifetime value
31626.0,12,4703,86,6,2.0,At Risk Customers,"{'Strategy': 'Re-engagement Campaign', 'Channels': ['Email', 'Push Notifications'], 'Offers': ['Win-back Discounts'], 'Goal': 'Prevent churn'}",Re-engagement Campaign,"Email, Push Notifications",Win-back Discounts,Prevent churn
75127.0,92,4326,833,19,2.0,At Risk Customers,"{'Strategy': 'Re-engagement Campaign', 'Channels': ['Email', 'Push Notifications'], 'Offers': ['Win-back Discounts'], 'Goal': 'Prevent churn'}",Re-engagement Campaign,"Email, Push Notifications",Win-back Discounts,Prevent churn
48726.0,90,4716,242,12,1.0,New Customers,"{'Strategy': 'Welcome Campaign', 'Channels': ['Email', 'SMS'], 'Offers': ['First Purchase Discount'], 'Goal': 'Convert into repeat customers'}",Welcome Campaign,"Email, SMS",First Purchase Discount,Convert into repeat customers
74985.0,8,4944,1869,17,3.0,Budget Buyers,"{'Strategy': 'Price-Based Promotions', 'Channels': ['SMS', 'Ads'], 'Offers': ['Coupons', 'Seasonal Discounts'], 'Goal': 'Increase purchase frequency'}",Price-Based Promotions,"SMS, Ads","Coupons, Seasonal Discounts",Increase purchase frequency
67430.0,6,4950,1364,29,2.0,At Risk Customers,"{'Strategy': 'Re-engagement Campaign', 'Channels': ['Email', 'Push Notifications'], 'Offers': ['Win-back Discounts'], 'Goal': 'Prevent churn'}",Re-engagement Campaign,"Email, Push Notifications",Win-back Discounts,Prevent churn
46891.0,91,4589,183,8,3.0,Budget Buyers,"{'Strategy': 'Price-Based Promotions', 'Channels': ['SMS', 'Ads'], 'Offers': ['Coupons', 'Seasonal Discounts'], 'Goal': 'Increase purchase frequency'}",Price-Based Promotions,"SMS, Ads","Coupons, Seasonal Discounts",Increase purchase frequency
62058.0,52,4687,450,18,2.0,At Risk Customers,"{'Strategy': 'Re-engagement Campaign', 'Channels': ['Email', 'Push Notifications'], 'Offers': ['Win-back Discounts'], 'Goal': 'Prevent churn'}",Re-engagement Campaign,"Email, Push Notifications",Win-back Discounts,Prevent churn
72063.0,3,4649,758,21,0.0,High Value Customers,"{'Strategy': 'Loyalty Rewards & Premium Offers', 'Channels': ['Email', 'Personal Calls'], 'Offers': ['Exclusive Discounts', 'Early Access'], 'Goal': 'Increase retention and lifetime value'}",Loyalty Rewards & Premium Offers,"Email, Personal Calls","Exclusive Discounts, Early Access",Increase retention and lifetime value
78939.0,57,4487,1507,20,0.0,High Value Customers,"{'Strategy': 'Loyalty Rewards & Premium Offers', 'Channels': ['Email', 'Personal Calls'], 'Offers': ['Exclusive Discounts', 'Early Access'], 'Goal': 'Increase retention and lifetime value'}",Loyalty Rewards & Premium Offers,"Email, Personal Calls","Exclusive Discounts, Early Access",Increase retention and lifetime value
42720.0,9,4719,654,25,0.0,High Value Customers,"{'Strategy': 'Loyalty Rewards & Premium Offers', 'Channels': ['Email', 'Personal Calls'], 'Offers': ['Exclusive Discounts', 'Early Access'], 'Goal': 'Increase retention and lifetime value'}",Loyalty Rewards & Premium Offers,"Email, Personal Calls","Exclusive Discounts, Early Access",Increase retention and lifetime value
33622.0,22,4730,81,9,1.0,New Customers,"{'Strategy': 'Welcome Campaign', 'Channels': ['Email', 'SMS'], 'Offers': ['First Purchase Discount'], 'Goal': 'Convert into repeat customers'}",Welcome Campaign,"Email, SMS",First Purchase Discount,Convert into repeat customers
6835.0,76,4856,137,1,3.0,Budget Buyers,"{'Strategy': 'Price-Based Promotions', 'Channels': ['SMS', 'Ads'], 'Offers': ['Coupons', 'Seasonal Discounts'], 'Goal': 'Increase purchase frequency'}",Price-Based Promotions,"SMS, Ads","Coupons, Seasonal Discounts",Increase purchase frequency
41452.0,86,4768,16,4,1.0,New Customers,"{'Strategy': 'Welcome Campaign', 'Channels': ['Email', 'SMS'], 'Offers': ['First Purchase Discount'], 'Goal': 'Convert into repeat customers'}",Welcome Campaign,"Email, SMS",First Purchase Discount,Convert into repeat customers
40760.0,64,4591,93,8,2.0,At Risk Customers,"{'Strategy': 'Re-engagement Campaign', 'Channels': ['Email', 'Push Notifications'], 'Offers': ['Win-back Discounts'], 'Goal': 'Prevent churn'}",Re-engagement Campaign,"Email, Push Notifications",Win-back Discounts,Prevent churn
74250.0,90,4442,1158,18,3.0,Budget Buyers,"{'Strategy': 'Price-Based Promotions', 'Channels': ['SMS', 'Ads'], 'Offers': ['Coupons', 'Seasonal Discounts'], 'Goal': 'Increase purchase frequency'}",Price-Based Promotions,"SMS, Ads","Coupons, Seasonal Discounts",Increase purchase frequency
51124.0,79,4481,43,6,1.0,New Customers,"{'Strategy': 'Welcome Campaign', 'Channels': ['Email', 'SMS'], 'Offers': ['First Purchase Discount'], 'Goal': 'Convert into repeat customers'}",Welcome Campaign,"Email, SMS",First Purchase Discount,Convert into repeat customers
72258.0,28,4578,1525,22,1.0,New Customers,"{'Strategy': 'Welcome Campaign', 'Channels': ['Email', 'SMS'], 'Offers': ['First Purchase Discount'], 'Goal': 'Convert into repeat customers'}",Welcome Campaign,"Email, SMS",First Purchase Discount,Convert into repeat customers
71466.0,86,4373,1230,19,1.0,New Customers,"{'Strategy': 'Welcome Campaign', 'Channels': ['Email', 'SMS'], 'Offers': ['First Purchase Discount'], 'Goal': 'Convert into repeat customers'}",Welcome Campaign,"Email, SMS",First Purchase Discount,Convert into repeat customers
36283.0,42,4364,29,6,0.0,High Value Customers,"{'Strategy': 'Loyalty Rewards & Premium Offers', 'Channels': ['Email', 'Personal Calls'], 'Offers': ['Exclusive Discounts', 'Early Access'], 'Goal': 'Increase retention and lifetime value'}",Loyalty Rewards & Premium Offers,"Email, Personal Calls","Exclusive Discounts, Early Access",Increase retention and lifetime value
20587.0,39,4337,25,5,0.0,High Value Customers,"{'Strategy': 'Loyalty Rewards & Premium Offers', 'Channels': ['Email', 'Personal Calls'], 'Offers': ['Exclusive Discounts', 'Early Access'], 'Goal': 'Increase retention and lifetime value'}",Loyalty Rewards & Premium Offers,"Email, Personal Calls","Exclusive Discounts, Early Access",Increase retention and lifetime value
30467.0,8,4390,24,4,1.0,New Customers,"{'Strategy': 'Welcome Campaign', 'Channels': ['Email', 'SMS'], 'Offers': ['First Purchase Discount'], 'Goal': 'Convert into repeat customers'}",Welcome Campaign,"Email, SMS",First Purchase Discount,Convert into repeat customers
31590.0,40,4664,38,5,2.0,At Risk Customers,"{'Strategy': 'Re-engagement Campaign', 'Channels': ['Email', 'Push Notifications'], 'Offers': ['Win-back Discounts'], 'Goal': 'Prevent churn'}",Re-engagement Campaign,"Email, Push Notifications",Win-back Discounts,Prevent churn
20425.0,5,4896,57,7,2.0,At Risk Customers,"{'Strategy': 'Re-engagement Campaign', 'Channels': ['Email', 'Push Notifications'], 'Offers': ['Win-back Discounts'], 'Goal': 'Prevent churn'}",Re-engagement Campaign,"Email, Push Notifications",Win-back Discounts,Prevent churn
17144.0,96,4422,47,12,0.0,High Value Customers,"{'Strategy': 'Loyalty Rewards & Premium Offers', 'Channels': ['Email', 'Personal Calls'], 'Offers': ['Exclusive Discounts', 'Early Access'], 'Goal': 'Increase retention and lifetime value'}",Loyalty Rewards & Premium Offers,"Email, Personal Calls","Exclusive Discounts, Early Access",Increase retention and lifetime value
42564.0,28,4831,813,24,3.0,Budget Buyers,"{'Strategy': 'Price-Based Promotions', 'Channels': ['SMS', 'Ads'], 'Offers': ['Coupons', 'Seasonal Discounts'], 'Goal': 'Increase purchase frequency'}",Price-Based Promotions,"SMS, Ads","Coupons, Seasonal Discounts",Increase purchase frequency
43783.0,22,4319,629,22,3.0,Budget Buyers,"{'Strategy': 'Price-Based Promotions', 'Channels': ['SMS', 'Ads'], 'Offers': ['Coupons', 'Seasonal Discounts'], 'Goal': 'Increase purchase frequency'}",Price-Based Promotions,"SMS, Ads","Coupons, Seasonal Discounts",Increase purchase frequency
40780.0,30,4947,377,17,0.0,High Value Customers,"{'Strategy': 'Loyalty Rewards & Premium Offers', 'Channels': ['Email', 'Personal Calls'], 'Offers': ['Exclusive Discounts', 'Early Access'], 'Goal': 'Increase retention and lifetime value'}",Loyalty Rewards & Premium Offers,"Email, Personal Calls","Exclusive Discounts, Early Access",Increase retention and lifetime value
62847.0,45,4818,1612,14,1.0,New Customers,"{'Strategy': 'Welcome Campaign', 'Channels': ['Email', 'SMS'], 'Offers': ['First Purchase Discount'], 'Goal': 'Convert into repeat customers'}",Welcome Campaign,"Email, SMS",First Purchase Discount,Convert into repeat customers
82017.0,58,4887,729,17,0.0,High Value Customers,"{'Strategy': 'Loyalty Rewards & Premium Offers', 'Channels': ['Email', 'Personal Calls'], 'Offers': ['Exclusive Discounts', 'Early Access'], 'Goal': 'Increase retention and lifetime value'}",Loyalty Rewards & Premium Offers,"Email, Personal Calls","Exclusive Discounts, Early Access",Increase retention and lifetime value
16813.0,49,4633,50,6,0.0,High Value Customers,"{'Strategy': 'Loyalty Rewards & Premium Offers', 'Channels': ['Email', 'Personal Calls'], 'Offers': ['Exclusive Discounts', 'Early Access'], 'Goal': 'Increase retention and lifetime value'}",Loyalty Rewards & Premium Offers,"Email, Personal Calls","Exclusive Discounts, Early Access",Increase retention and lifetime value
51267.0,37,4531,270,15,3.0,Budget Buyers,"{'Strategy': 'Price-Based Promotions', 'Channels': ['SMS', 'Ads'], 'Offers': ['Coupons', 'Seasonal Discounts'], 'Goal': 'Increase purchase frequency'}",Price-Based Promotions,"SMS, Ads","Coupons, Seasonal Discounts",Increase purchase frequency
46524.0,70,4738,177,9,2.0,At Risk Customers,"{'Strategy': 'Re-engagement Campaign', 'Channels': ['Email', 'Push Notifications'], 'Offers': ['Win-back Discounts'], 'Goal': 'Prevent churn'}",Re-engagement Campaign,"Email, Push Notifications",Win-back Discounts,Prevent churn
45183.0,33,4813,315,13,3.0,Budget Buyers,"{'Strategy': 'Price-Based Promotions', 'Channels': ['SMS', 'Ads'], 'Offers': ['Coupons', 'Seasonal Discounts'], 'Goal': 'Increase purchase frequency'}",Price-Based Promotions,"SMS, Ads","Coupons, Seasonal Discounts",Increase purchase frequency
70421.0,98,4289,767,23,1.0,New Customers,"{'Strategy': 'Welcome Campaign', 'Channels': ['Email', 'SMS'], 'Offers': ['First Purchase Discount'], 'Goal': 'Convert into repeat customers'}",Welcome Campaign,"Email, SMS",First Purchase Discount,Convert into repeat customers
60161.0,17,4902,1071,26,3.0,Budget Buyers,"{'Strategy': 'Price-Based Promotions', 'Channels': ['SMS', 'Ads'], 'Offers': ['Coupons', 'Seasonal Discounts'], 'Goal': 'Increase purchase frequency'}",Price-Based Promotions,"SMS, Ads","Coupons, Seasonal Discounts",Increase purchase frequency
73926.0,54,4772,1580,24,0.0,High Value Customers,"{'Strategy': 'Loyalty Rewards & Premium Offers', 'Channels': ['Email', 'Personal Calls'], 'Offers': ['Exclusive Discounts', 'Early Access'], 'Goal': 'Increase retention and lifetime value'}",Loyalty Rewards & Premium Offers,"Email, Personal Calls","Exclusive Discounts, Early Access",Increase retention and lifetime value
19329.0,39,4485,60,10,0.0,High Value Customers,"{'Strategy': 'Loyalty Rewards & Premium Offers', 'Channels': ['Email', 'Personal Calls'], 'Offers': ['Exclusive Discounts', 'Early Access'], 'Goal': 'Increase retention and lifetime value'}",Loyalty Rewards & Premium Offers,"Email, Personal Calls","Exclusive Discounts, Early Access",Increase retention and lifetime value
61872.0,81,4486,573,21,2.0,At Risk Customers,"{'Strategy': 'Re-engagement Campaign', 'Channels': ['Email', 'Push Notifications'], 'Offers': ['Win-back Discounts'], 'Goal': 'Prevent churn'}",Re-engagement Campaign,"Email, Push Notifications",Win-back Discounts,Prevent churn
46984.0,71,4748,41,5,3.0,Budget Buyers,"{'Strategy': 'Price-Based Promotions', 'Channels': ['SMS', 'Ads'], 'Offers': ['Coupons', 'Seasonal Discounts'], 'Goal': 'Increase purchase frequency'}",Price-Based Promotions,"SMS, Ads","Coupons, Seasonal Discounts",Increase purchase frequency
34838.0,62,4814,170,10,3.0,Budget Buyers,"{'Strategy': 'Price-Based Promotions', 'Channels': ['SMS', 'Ads'], 'Offers': ['Coupons', 'Seasonal Discounts'], 'Goal': 'Increase purchase frequency'}",Price-Based Promotions,"SMS, Ads","Coupons, Seasonal Discounts",Increase purchase frequency
82716.0,8,4524,1167,28,1.0,New Customers,"{'Strategy': 'Welcome Campaign', 'Channels': ['Email', 'SMS'], 'Offers': ['First Purchase Discount'], 'Goal': 'Convert into repeat customers'}",Welcome Campaign,"Email, SMS",First Purchase Discount,Convert into repeat customers
48192.0,76,4737,1526,25,2.0,At Risk Customers,"{'Strategy': 'Re-engagement Campaign', 'Channels': ['Email', 'Push Notifications'], 'Offers': ['Win-back Discounts'], 'Goal': 'Prevent churn'}",Re-engagement Campaign,"Email, Push Notifications",Win-back Discounts,Prevent churn
49681.0,66,4525,458,21,3.0,Budget Buyers,"{'Strategy': 'Price-Based Promotions', 'Channels': ['SMS', 'Ads'], 'Offers': ['Coupons', 'Seasonal Discounts'], 'Goal': 'Increase purchase frequency'}",Price-Based Promotions,"SMS, Ads","Coupons, Seasonal Discounts",Increase purchase frequency
56850.0,83,4386,63,6,2.0,At Risk Customers,"{'Strategy': 'Re-engagement Campaign', 'Channels': ['Email', 'Push Notifications'], 'Offers': ['Win-back Discounts'], 'Goal': 'Prevent churn'}",Re-engagement Campaign,"Email, Push Notifications",Win-back Discounts,Prevent churn
55267.0,28,4539,405,17,1.0,New Customers,"{'Strategy': 'Welcome Campaign', 'Channels': ['Email', 'SMS'], 'Offers': ['First Purchase Discount'], 'Goal': 'Convert into repeat customers'}",Welcome Campaign,"Email, SMS",First Purchase Discount,Convert into repeat customers
59666.0,87,4752,1027,20,0.0,High Value Customers,"{'Strategy': 'Loyalty Rewards & Premium Offers', 'Channels': ['Email', 'Personal Calls'], 'Offers': ['Exclusive Discounts', 'Early Access'], 'Goal': 'Increase retention and lifetime value'}",Loyalty Rewards & Premium Offers,"Email, Personal Calls","Exclusive Discounts, Early Access",Increase retention and lifetime value
72504.0,43,4737,1478,22,2.0,At Risk Customers,"{'Strategy': 'Re-engagement Campaign', 'Channels': ['Email', 'Push Notifications'], 'Offers': ['Win-back Discounts'], 'Goal': 'Prevent churn'}",Re-engagement Campaign,"Email, Push Notifications",Win-back Discounts,Prevent churn
26872.0,0,4544,72,5,3.0,Budget Buyers,"{'Strategy': 'Price-Based Promotions', 'Channels': ['SMS', 'Ads'], 'Offers': ['Coupons', 'Seasonal Discounts'], 'Goal': 'Increase purchase frequency'}",Price-Based Promotions,"SMS, Ads","Coupons, Seasonal Discounts",Increase purchase frequency
21359.0,1,4723,48,7,3.0,Budget Buyers,"{'Strategy': 'Price-Based Promotions', 'Channels': ['SMS', 'Ads'], 'Offers': ['Coupons', 'Seasonal Discounts'], 'Goal': 'Increase purchase frequency'}",Price-Based Promotions,"SMS, Ads","Coupons, Seasonal Discounts",Increase purchase frequency
73170.0,1,4317,726,16,2.0,At Risk Customers,"{'Strategy': 'Re-engagement Campaign', 'Channels': ['Email', 'Push Notifications'], 'Offers': ['Win-back Discounts'], 'Goal': 'Prevent churn'}",Re-engagement Campaign,"Email, Push Notifications",Win-back Discounts,Prevent churn
52750.0,72,4798,860,27,1.0,New Customers,"{'Strategy': 'Welcome Campaign', 'Channels': ['Email', 'SMS'], 'Offers': ['First Purchase Discount'], 'Goal': 'Convert into repeat customers'}",Welcome Campaign,"Email, SMS",First Purchase Discount,Convert into repeat customers
91820.0,72,4506,1497,22,0.0,High Value Customers,"{'Strategy': 'Loyalty Rewards & Premium Offers', 'Channels': ['Email', 'Personal Calls'], 'Offers': ['Exclusive Discounts', 'Early Access'], 'Goal': 'Increase retention and lifetime value'}",Loyalty Rewards & Premium Offers,"Email, Personal Calls","Exclusive Discounts, Early Access",Increase retention and lifetime value
65968.0,12,4336,495,18,2.0,At Risk Customers,"{'Strategy': 'Re-engagement Campaign', 'Channels': ['Email', 'Push Notifications'], 'Offers': ['Win-back Discounts'], 'Goal': 'Prevent churn'}",Re-engagement Campaign,"Email, Push Notifications",Win-back Discounts,Prevent churn
30772.0,89,4397,20,4,1.0,New Customers,"{'Strategy': 'Welcome Campaign', 'Channels': ['Email', 'SMS'], 'Offers': ['First Purchase Discount'], 'Goal': 'Convert into repeat customers'}",Welcome Campaign,"Email, SMS",First Purchase Discount,Convert into repeat customers
22507.0,67,4870,570,19,2.0,At Risk Customers,"{'Strategy': 'Re-engagement Campaign', 'Channels': ['Email', 'Push Notifications'], 'Offers': ['Win-back Discounts'], 'Goal': 'Prevent churn'}",Re-engagement Campaign,"Email, Push Notifications",Win-back Discounts,Prevent churn
65685.0,54,4380,769,21,1.0,New Customers,"{'Strategy': 'Welcome Campaign', 'Channels': ['Email', 'SMS'], 'Offers': ['First Purchase Discount'], 'Goal': 'Convert into repeat customers'}",Welcome Campaign,"Email, SMS",First Purchase Discount,Convert into repeat customers
25804.0,34,4589,55,7,2.0,At Risk Customers,"{'Strategy': 'Re-engagement Campaign', 'Channels': ['Email', 'Push Notifications'], 'Offers': ['Win-back Discounts'], 'Goal': 'Prevent churn'}",Re-engagement Campaign,"Email, Push Notifications",Win-back Discounts,Prevent churn
76412.0,15,4708,1808,18,0.0,High Value Customers,"{'Strategy': 'Loyalty Rewards & Premium Offers', 'Channels': ['Email', 'Personal Calls'], 'Offers': ['Exclusive Discounts', 'Early Access'], 'Goal': 'Increase retention and lifetime value'}",Loyalty Rewards & Premium Offers,"Email, Personal Calls","Exclusive Discounts, Early Access",Increase retention and lifetime value
22063.0,43,4613,55,7,3.0,Budget Buyers,"{'Strategy': 'Price-Based Promotions', 'Channels': ['SMS', 'Ads'], 'Offers': ['Coupons', 'Seasonal Discounts'], 'Goal': 'Increase purchase frequency'}",Price-Based Promotions,"SMS, Ads","Coupons, Seasonal Discounts",Increase purchase frequency
57091.0,0,4302,577,18,3.0,Budget Buyers,"{'Strategy': 'Price-Based Promotions', 'Channels': ['SMS', 'Ads'], 'Offers': ['Coupons', 'Seasonal Discounts'], 'Goal': 'Increase purchase frequency'}",Price-Based Promotions,"SMS, Ads","Coupons, Seasonal Discounts",Increase purchase frequency
22419.0,74,4725,162,8,3.0,Budget Buyers,"{'Strategy': 'Price-Based Promotions', 'Channels': ['SMS', 'Ads'], 'Offers': ['Coupons', 'Seasonal Discounts'], 'Goal': 'Increase purchase frequency'}",Price-Based Promotions,"SMS, Ads","Coupons, Seasonal Discounts",Increase purchase frequency
87771.0,61,4691,1957,20,0.0,High Value Customers,"{'Strategy': 'Loyalty Rewards & Premium Offers', 'Channels': ['Email', 'Personal Calls'], 'Offers': ['Exclusive Discounts', 'Early Access'], 'Goal': 'Increase retention and lifetime value'}",Loyalty Rewards & Premium Offers,"Email, Personal Calls","Exclusive Discounts, Early Access",Increase retention and lifetime value
78353.0,51,4727,1576,24,3.0,Budget Buyers,"{'Strategy': 'Price-Based Promotions', 'Channels': ['SMS', 'Ads'], 'Offers': ['Coupons', 'Seasonal Discounts'], 'Goal': 'Increase purchase frequency'}",Price-Based Promotions,"SMS, Ads","Coupons, Seasonal Discounts",Increase purchase frequency
93404.0,97,4706,1616,17,1.0,New Customers,"{'Strategy': 'Welcome Campaign', 'Channels': ['Email', 'SMS'], 'Offers': ['First Purchase Discount'], 'Goal': 'Convert into repeat customers'}",Welcome Campaign,"Email, SMS",First Purchase Discount,Convert into repeat customers
37859.0,75,4821,36,6,1.0,New Customers,"{'Strategy': 'Welcome Campaign', 'Channels': ['Email', 'SMS'], 'Offers': ['First Purchase Discount'], 'Goal': 'Convert into repeat customers'}",Welcome Campaign,"Email, SMS",First Purchase Discount,Convert into repeat customers
80995.0,83,4702,1482,22,3.0,Budget Buyers,"{'Strategy': 'Price-Based Promotions', 'Channels': ['SMS', 'Ads'], 'Offers': ['Coupons', 'Seasonal Discounts'], 'Goal': 'Increase purchase frequency'}",Price-Based Promotions,"SMS, Ads","Coupons, Seasonal Discounts",Increase purchase frequency
16529.0,23,4408,22,5,2.0,At Risk Customers,"{'Strategy': 'Re-engagement Campaign', 'Channels': ['Email', 'Push Notifications'], 'Offers': ['Win-back Discounts'], 'Goal': 'Prevent churn'}",Re-engagement Campaign,"Email, Push Notifications",Win-back Discounts,Prevent churn
55412.0,65,4507,63,6,1.0,New Customers,"{'Strategy': 'Welcome Campaign', 'Channels': ['Email', 'SMS'], 'Offers': ['First Purchase Discount'], 'Goal': 'Convert into repeat customers'}",Welcome Campaign,"Email, SMS",First Purchase Discount,Convert into repeat customers
48789.0,94,4945,680,18,0.0,High Value Customers,"{'Strategy': 'Loyalty Rewards & Premium Offers', 'Channels': ['Email', 'Personal Calls'], 'Offers': ['Exclusive Discounts', 'Early Access'], 'Goal': 'Increase retention and lifetime value'}",Loyalty Rewards & Premium Offers,"Email, Personal Calls","Exclusive Discounts, Early Access",Increase retention and lifetime value
56575.0,42,4708,542,20,3.0,Budget Buyers,"{'Strategy': 'Price-Based Promotions', 'Channels': ['SMS', 'Ads'], 'Offers': ['Coupons', 'Seasonal Discounts'], 'Goal': 'Increase purchase frequency'}",Price-Based Promotions,"SMS, Ads","Coupons, Seasonal Discounts",Increase purchase frequency
25130.0,10,4558,50,7,0.0,High Value Customers,"{'Strategy': 'Loyalty Rewards & Premium Offers', 'Channels': ['Email', 'Personal Calls'], 'Offers': ['Exclusive Discounts', 'Early Access'], 'Goal': 'Increase retention and lifetime value'}",Loyalty Rewards & Premium Offers,"Email, Personal Calls","Exclusive Discounts, Early Access",Increase retention and lifetime value
35441.0,94,4788,39,6,3.0,Budget Buyers,"{'Strategy': 'Price-Based Promotions', 'Channels': ['SMS', 'Ads'], 'Offers': ['Coupons', 'Seasonal Discounts'], 'Goal': 'Increase purchase frequency'}",Price-Based Promotions,"SMS, Ads","Coupons, Seasonal Discounts",Increase purchase frequency
71391.0,50,4745,1043,28,1.0,New Customers,"{'Strategy': 'Welcome Campaign', 'Channels': ['Email', 'SMS'], 'Offers': ['First Purchase Discount'], 'Goal': 'Convert into repeat customers'}",Welcome Campaign,"Email, SMS",First Purchase Discount,Convert into repeat customers
49494.0,46,4718,385,14,2.0,At Risk Customers,"{'Strategy': 'Re-engagement Campaign', 'Channels': ['Email', 'Push Notifications'], 'Offers': ['Win-back Discounts'], 'Goal': 'Prevent churn'}",Re-engagement Campaign,"Email, Push Notifications",Win-back Discounts,Prevent churn
81702.0,98,4932,1633,27,0.0,High Value Customers,"{'Strategy': 'Loyalty Rewards & Premium Offers', 'Channels': ['Email', 'Personal Calls'], 'Offers': ['Exclusive Discounts', 'Early Access'], 'Goal': 'Increase retention and lifetime value'}",Loyalty Rewards & Premium Offers,"Email, Personal Calls","Exclusive Discounts, Early Access",Increase retention and lifetime value
45889.0,42,4650,46,5,0.0,High Value Customers,"{'Strategy': 'Loyalty Rewards & Premium Offers', 'Channels': ['Email', 'Personal Calls'], 'Offers': ['Exclusive Discounts', 'Early Access'], 'Goal': 'Increase retention and lifetime value'}",Loyalty Rewards & Premium Offers,"Email, Personal Calls","Exclusive Discounts, Early Access",Increase retention and lifetime value
56628.0,30,4388,761,20,1.0,New Customers,"{'Strategy': 'Welcome Campaign', 'Channels': ['Email', 'SMS'], 'Offers': ['First Purchase Discount'], 'Goal': 'Convert into repeat customers'}",Welcome Campaign,"Email, SMS",First Purchase Discount,Convert into repeat customers
34026.0,11,4616,76,9,0.0,High Value Customers,"{'Strategy': 'Loyalty Rewards & Premium Offers', 'Channels': ['Email', 'Personal Calls'], 'Offers': ['Exclusive Discounts', 'Early Access'], 'Goal': 'Increase retention and lifetime value'}",Loyalty Rewards & Premium Offers,"Email, Personal Calls","Exclusive Discounts, Early Access",Increase retention and lifetime value
40049.0,61,4865,290,14,2.0,At Risk Customers,"{'Strategy': 'Re-engagement Campaign', 'Channels': ['Email', 'Push Notifications'], 'Offers': ['Win-back Discounts'], 'Goal': 'Prevent churn'}",Re-engagement Campaign,"Email, Push Notifications",Win-back Discounts,Prevent churn
34176.0,12,4336,89,11,2.0,At Risk Customers,"{'Strategy': 'Re-engagement Campaign', 'Channels': ['Email', 'Push Notifications'], 'Offers': ['Win-back Discounts'], 'Goal': 'Prevent churn'}",Re-engagement Campaign,"Email, Push Notifications",Win-back Discounts,Prevent churn
19419.0,76,4884,70,11,2.0,At Risk Customers,"{'Strategy': 'Re-engagement Campaign', 'Channels': ['Email', 'Push Notifications'], 'Offers': ['Win-back Discounts'], 'Goal': 'Prevent churn'}",Re-engagement Campaign,"Email, Push Notifications",Win-back Discounts,Prevent churn
82504.0,2,4625,1066,17,3.0,Budget Buyers,"{'Strategy': 'Price-Based Promotions', 'Channels': ['SMS', 'Ads'], 'Offers': ['Coupons', 'Seasonal Discounts'], 'Goal': 'Increase purchase frequency'}",Price-Based Promotions,"SMS, Ads","Coupons, Seasonal Discounts",Increase purchase frequency
81205.0,43,4455,2009,19,1.0,New Customers,"{'Strategy': 'Welcome Campaign', 'Channels': ['Email', 'SMS'], 'Offers': ['First Purchase Discount'], 'Goal': 'Convert into repeat customers'}",Welcome Campaign,"Email, SMS",First Purchase Discount,Convert into repeat customers
61618.0,27,4926,1345,19,0.0,High Value Customers,"{'Strategy': 'Loyalty Rewards & Premium Offers', 'Channels': ['Email', 'Personal Calls'], 'Offers': ['Exclusive Discounts', 'Early Access'], 'Goal': 'Increase retention and lifetime value'}",Loyalty Rewards & Premium Offers,"Email, Personal Calls","Exclusive Discounts, Early Access",Increase retention and lifetime value
55284.0,60,4840,764,23,0.0,High Value Customers,"{'Strategy': 'Loyalty Rewards & Premium Offers', 'Channels': ['Email', 'Personal Calls'], 'Offers': ['Exclusive Discounts', 'Early Access'], 'Goal': 'Increase retention and lifetime value'}",Loyalty Rewards & Premium Offers,"Email, Personal Calls","Exclusive Discounts, Early Access",Increase retention and lifetime value
49980.0,79,4537,195,11,2.0,At Risk Customers,"{'Strategy': 'Re-engagement Campaign', 'Channels': ['Email', 'Push Notifications'], 'Offers': ['Win-back Discounts'], 'Goal': 'Prevent churn'}",Re-engagement Campaign,"Email, Push Notifications",Win-back Discounts,Prevent churn
15072.0,96,4703,53,11,2.0,At Risk Customers,"{'Strategy': 'Re-engagement Campaign', 'Channels': ['Email', 'Push Notifications'], 'Offers': ['Win-back Discounts'], 'Goal': 'Prevent churn'}",Re-engagement Campaign,"Email, Push Notifications",Win-back Discounts,Prevent churn
49166.0,17,4669,368,13,1.0,New Customers,"{'Strategy': 'Welcome Campaign', 'Channels': ['Email', 'SMS'], 'Offers': ['First Purchase Discount'], 'Goal': 'Convert into repeat customers'}",Welcome Campaign,"Email, SMS",First Purchase Discount,Convert into repeat customers
65324.0,0,4457,544,20,2.0,At Risk Customers,"{'Strategy': 'Re-engagement Campaign', 'Channels': ['Email', 'Push Notifications'], 'Offers': ['Win-back Discounts'], 'Goal': 'Prevent churn'}",Re-engagement Campaign,"Email, Push Notifications",Win-back Discounts,Prevent churn
82347.0,38,4888,1853,25,2.0,At Risk Customers,"{'Strategy': 'Re-engagement Campaign', 'Channels': ['Email', 'Push Notifications'], 'Offers': ['Win-back Discounts'], 'Goal': 'Prevent churn'}",Re-engagement Campaign,"Email, Push Notifications",Win-back Discounts,Prevent churn
30843.0,43,4322,35,6,1.0,New Customers,"{'Strategy': 'Welcome Campaign', 'Channels': ['Email', 'SMS'], 'Offers': ['First Purchase Discount'], 'Goal': 'Convert into repeat customers'}",Welcome Campaign,"Email, SMS",First Purchase Discount,Convert into repeat customers
46374.0,1,4392,446,18,3.0,Budget Buyers,"{'Strategy': 'Price-Based Promotions', 'Channels': ['SMS', 'Ads'], 'Offers': ['Coupons', 'Seasonal Discounts'], 'Goal': 'Increase purchase frequency'}",Price-Based Promotions,"SMS, Ads","Coupons, Seasonal Discounts",Increase purchase frequency
60474.0,25,4742,1180,31,0.0,High Value Customers,"{'Strategy': 'Loyalty Rewards & Premium Offers', 'Channels': ['Email', 'Personal Calls'], 'Offers': ['Exclusive Discounts', 'Early Access'], 'Goal': 'Increase retention and lifetime value'}",Loyalty Rewards & Premium Offers,"Email, Personal Calls","Exclusive Discounts, Early Access",Increase retention and lifetime value
38576.0,2,4405,41,5,2.0,At Risk Customers,"{'Strategy': 'Re-engagement Campaign', 'Channels': ['Email', 'Push Notifications'], 'Offers': ['Win-back Discounts'], 'Goal': 'Prevent churn'}",Re-engagement Campaign,"Email, Push Notifications",Win-back Discounts,Prevent churn
55357.0,66,4783,727,22,1.0,New Customers,"{'Strategy': 'Welcome Campaign', 'Channels': ['Email', 'SMS'], 'Offers': ['First Purchase Discount'], 'Goal': 'Convert into repeat customers'}",Welcome Campaign,"Email, SMS",First Purchase Discount,Convert into repeat customers
37758.0,49,4921,40,6,1.0,New Customers,"{'Strategy': 'Welcome Campaign', 'Channels': ['Email', 'SMS'], 'Offers': ['First Purchase Discount'], 'Goal': 'Convert into repeat customers'}",Welcome Campaign,"Email, SMS",First Purchase Discount,Convert into repeat customers
85710.0,5,4708,1062,26,0.0,High Value Customers,"{'Strategy': 'Loyalty Rewards & Premium Offers', 'Channels': ['Email', 'Personal Calls'], 'Offers': ['Exclusive Discounts', 'Early Access'], 'Goal': 'Increase retention and lifetime value'}",Loyalty Rewards & Premium Offers,"Email, Personal Calls","Exclusive Discounts, Early Access",Increase retention and lifetime value
23228.0,71,4442,40,7,0.0,High Value Customers,"{'Strategy': 'Loyalty Rewards & Premium Offers', 'Channels': ['Email', 'Personal Calls'], 'Offers': ['Exclusive Discounts', 'Early Access'], 'Goal': 'Increase retention and lifetime value'}",Loyalty Rewards & Premium Offers,"Email, Personal Calls","Exclusive Discounts, Early Access",Increase retention and lifetime value
44602.0,35,4422,292,17,1.0,New Customers,"{'Strategy': 'Welcome Campaign', 'Channels': ['Email', 'SMS'], 'Offers': ['First Purchase Discount'], 'Goal': 'Convert into repeat customers'}",Welcome Campaign,"Email, SMS",First Purchase Discount,Convert into repeat customers
7500.0,94,4824,15,4,2.0,At Risk Customers,"{'Strategy': 'Re-engagement Campaign', 'Channels': ['Email', 'Push Notifications'], 'Offers': ['Win-back Discounts'], 'Goal': 'Prevent churn'}",Re-engagement Campaign,"Email, Push Notifications",Win-back Discounts,Prevent churn
38683.0,80,4921,341,17,0.0,High Value Customers,"{'Strategy': 'Loyalty Rewards & Premium Offers', 'Channels': ['Email', 'Personal Calls'], 'Offers': ['Exclusive Discounts', 'Early Access'], 'Goal': 'Increase retention and lifetime value'}",Loyalty Rewards & Premium Offers,"Email, Personal Calls","Exclusive Discounts, Early Access",Increase retention and lifetime value
49514.0,61,4482,369,13,1.0,New Customers,"{'Strategy': 'Welcome Campaign', 'Channels': ['Email', 'SMS'], 'Offers': ['First Purchase Discount'], 'Goal': 'Convert into repeat customers'}",Welcome Campaign,"Email, SMS",First Purchase Discount,Convert into repeat customers
57906.0,29,4671,401,17,0.0,High Value Customers,"{'Strategy': 'Loyalty Rewards & Premium Offers', 'Channels': ['Email', 'Personal Calls'], 'Offers': ['Exclusive Discounts', 'Early Access'], 'Goal': 'Increase retention and lifetime value'}",Loyalty Rewards & Premium Offers,"Email, Personal Calls","Exclusive Discounts, Early Access",Increase retention and lifetime value
43456.0,0,4748,393,17,0.0,High Value Customers,"{'Strategy': 'Loyalty Rewards & Premium Offers', 'Channels': ['Email', 'Personal Calls'], 'Offers': ['Exclusive Discounts', 'Early Access'], 'Goal': 'Increase retention and lifetime value'}",Loyalty Rewards & Premium Offers,"Email, Personal Calls","Exclusive Discounts, Early Access",Increase retention and lifetime value
19485.0,80,4566,10,4,2.0,At Risk Customers,"{'Strategy': 'Re-engagement Campaign', 'Channels': ['Email', 'Push Notifications'], 'Offers': ['Win-back Discounts'], 'Goal': 'Prevent churn'}",Re-engagement Campaign,"Email, Push Notifications",Win-back Discounts,Prevent churn
53172.0,54,4707,486,16,3.0,Budget Buyers,"{'Strategy': 'Price-Based Promotions', 'Channels': ['SMS', 'Ads'], 'Offers': ['Coupons', 'Seasonal Discounts'], 'Goal': 'Increase purchase frequency'}",Price-Based Promotions,"SMS, Ads","Coupons, Seasonal Discounts",Increase purchase frequency
30545.0,71,4908,69,7,1.0,New Customers,"{'Strategy': 'Welcome Campaign', 'Channels': ['Email', 'SMS'], 'Offers': ['First Purchase Discount'], 'Goal': 'Convert into repeat customers'}",Welcome Campaign,"Email, SMS",First Purchase Discount,Convert into repeat customers
70123.0,27,4562,1727,17,1.0,New Customers,"{'Strategy': 'Welcome Campaign', 'Channels': ['Email', 'SMS'], 'Offers': ['First Purchase Discount'], 'Goal': 'Convert into repeat customers'}",Welcome Campaign,"Email, SMS",First Purchase Discount,Convert into repeat customers
62450.0,61,4462,995,16,2.0,At Risk Customers,"{'Strategy': 'Re-engagement Campaign', 'Channels': ['Email', 'Push Notifications'], 'Offers': ['Win-back Discounts'], 'Goal': 'Prevent churn'}",Re-engagement Campaign,"Email, Push Notifications",Win-back Discounts,Prevent churn
21675.0,55,4306,45,10,3.0,Budget Buyers,"{'Strategy': 'Price-Based Promotions', 'Channels': ['SMS', 'Ads'], 'Offers': ['Coupons', 'Seasonal Discounts'], 'Goal': 'Increase purchase frequency'}",Price-Based Promotions,"SMS, Ads","Coupons, Seasonal Discounts",Increase purchase frequency
42395.0,35,4374,182,12,3.0,Budget Buyers,"{'Strategy': 'Price-Based Promotions', 'Channels': ['SMS', 'Ads'], 'Offers': ['Coupons', 'Seasonal Discounts'], 'Goal': 'Increase purchase frequency'}",Price-Based Promotions,"SMS, Ads","Coupons, Seasonal Discounts",Increase purchase frequency
61346.0,34,4554,989,23,0.0,High Value Customers,"{'Strategy': 'Loyalty Rewards & Premium Offers', 'Channels': ['Email', 'Personal Calls'], 'Offers': ['Exclusive Discounts', 'Early Access'], 'Goal': 'Increase retention and lifetime value'}",Loyalty Rewards & Premium Offers,"Email, Personal Calls","Exclusive Discounts, Early Access",Increase retention and lifetime value
80812.0,95,4573,1677,18,2.0,At Risk Customers,"{'Strategy': 'Re-engagement Campaign', 'Channels': ['Email', 'Push Notifications'], 'Offers': ['Win-back Discounts'], 'Goal': 'Prevent churn'}",Re-engagement Campaign,"Email, Push Notifications",Win-back Discounts,Prevent churn
42835.0,64,4652,595,23,0.0,High Value Customers,"{'Strategy': 'Loyalty Rewards & Premium Offers', 'Channels': ['Email', 'Personal Calls'], 'Offers': ['Exclusive Discounts', 'Early Access'], 'Goal': 'Increase retention and lifetime value'}",Loyalty Rewards & Premium Offers,"Email, Personal Calls","Exclusive Discounts, Early Access",Increase retention and lifetime value
39922.0,30,4788,156,9,1.0,New Customers,"{'Strategy': 'Welcome Campaign', 'Channels': ['Email', 'SMS'], 'Offers': ['First Purchase Discount'], 'Goal': 'Convert into repeat customers'}",Welcome Campaign,"Email, SMS",First Purchase Discount,Convert into repeat customers
86424.0,12,4373,1226,28,0.0,High Value Customers,"{'Strategy': 'Loyalty Rewards & Premium Offers', 'Channels': ['Email', 'Personal Calls'], 'Offers': ['Exclusive Discounts', 'Early Access'], 'Goal': 'Increase retention and lifetime value'}",Loyalty Rewards & Premium Offers,"Email, Personal Calls","Exclusive Discounts, Early Access",Increase retention and lifetime value
17117.0,96,4816,128,11,1.0,New Customers,"{'Strategy': 'Welcome Campaign', 'Channels': ['Email', 'SMS'], 'Offers': ['First Purchase Discount'], 'Goal': 'Convert into repeat customers'}",Welcome Campaign,"Email, SMS",First Purchase Discount,Convert into repeat customers
24762.0,16,4427,86,9,1.0,New Customers,"{'Strategy': 'Welcome Campaign', 'Channels': ['Email', 'SMS'], 'Offers': ['First Purchase Discount'], 'Goal': 'Convert into repeat customers'}",Welcome Campaign,"Email, SMS",First Purchase Discount,Convert into repeat customers
35797.0,16,4909,68,7,3.0,Budget Buyers,"{'Strategy': 'Price-Based Promotions', 'Channels': ['SMS', 'Ads'], 'Offers': ['Coupons', 'Seasonal Discounts'], 'Goal': 'Increase purchase frequency'}",Price-Based Promotions,"SMS, Ads","Coupons, Seasonal Discounts",Increase purchase frequency
36627.0,78,4629,16,4,3.0,Budget Buyers,"{'Strategy': 'Price-Based Promotions', 'Channels': ['SMS', 'Ads'], 'Offers': ['Coupons', 'Seasonal Discounts'], 'Goal': 'Increase purchase frequency'}",Price-Based Promotions,"SMS, Ads","Coupons, Seasonal Discounts",Increase purchase frequency
51111.0,83,4298,55,7,0.0,High Value Customers,"{'Strategy': 'Loyalty Rewards & Premium Offers', 'Channels': ['Email', 'Personal Calls'], 'Offers': ['Exclusive Discounts', 'Early Access'], 'Goal': 'Increase retention and lifetime value'}",Loyalty Rewards & Premium Offers,"Email, Personal Calls","Exclusive Discounts, Early Access",Increase retention and lifetime value
86857.0,96,4943,2114,22,1.0,New Customers,"{'Strategy': 'Welcome Campaign', 'Channels': ['Email', 'SMS'], 'Offers': ['First Purchase Discount'], 'Goal': 'Convert into repeat customers'}",Welcome Campaign,"Email, SMS",First Purchase Discount,Convert into repeat customers
82072.0,67,4650,2018,19,3.0,Budget Buyers,"{'Strategy': 'Price-Based Promotions', 'Channels': ['SMS', 'Ads'], 'Offers': ['Coupons', 'Seasonal Discounts'], 'Goal': 'Increase purchase frequency'}",Price-Based Promotions,"SMS, Ads","Coupons, Seasonal Discounts",Increase purchase frequency
46231.0,87,4868,263,15,2.0,At Risk Customers,"{'Strategy': 'Re-engagement Campaign', 'Channels': ['Email', 'Push Notifications'], 'Offers': ['Win-back Discounts'], 'Goal': 'Prevent churn'}",Re-engagement Campaign,"Email, Push Notifications",Win-back Discounts,Prevent churn
42243.0,34,4488,55,7,0.0,High Value Customers,"{'Strategy': 'Loyalty Rewards & Premium Offers', 'Channels': ['Email', 'Personal Calls'], 'Offers': ['Exclusive Discounts', 'Early Access'], 'Goal': 'Increase retention and lifetime value'}",Loyalty Rewards & Premium Offers,"Email, Personal Calls","Exclusive Discounts, Early Access",Increase retention and lifetime value
51195.0,46,4742,564,24,0.0,High Value Customers,"{'Strategy': 'Loyalty Rewards & Premium Offers', 'Channels': ['Email', 'Personal Calls'], 'Offers': ['Exclusive Discounts', 'Early Access'], 'Goal': 'Increase retention and lifetime value'}",Loyalty Rewards & Premium Offers,"Email, Personal Calls","Exclusive Discounts, Early Access",Increase retention and lifetime value
68092.0,7,4483,1281,20,3.0,Budget Buyers,"{'Strategy': 'Price-Based Promotions', 'Channels': ['SMS', 'Ads'], 'Offers': ['Coupons', 'Seasonal Discounts'], 'Goal': 'Increase purchase frequency'}",Price-Based Promotions,"SMS, Ads","Coupons, Seasonal Discounts",Increase purchase frequency
31814.0,73,4793,83,7,1.0,New Customers,"{'Strategy': 'Welcome Campaign', 'Channels': ['Email', 'SMS'], 'Offers': ['First Purchase Discount'], 'Goal': 'Convert into repeat customers'}",Welcome Campaign,"Email, SMS",First Purchase Discount,Convert into repeat customers
51390.0,54,4947,353,18,3.0,Budget Buyers,"{'Strategy': 'Price-Based Promotions', 'Channels': ['SMS', 'Ads'], 'Offers': ['Coupons', 'Seasonal Discounts'], 'Goal': 'Increase purchase frequency'}",Price-Based Promotions,"SMS, Ads","Coupons, Seasonal Discounts",Increase purchase frequency
76630.0,93,4454,1003,25,3.0,Budget Buyers,"{'Strategy': 'Price-Based Promotions', 'Channels': ['SMS', 'Ads'], 'Offers': ['Coupons', 'Seasonal Discounts'], 'Goal': 'Increase purchase frequency'}",Price-Based Promotions,"SMS, Ads","Coupons, Seasonal Discounts",Increase purchase frequency
26868.0,52,4348,14,4,2.0,At Risk Customers,"{'Strategy': 'Re-engagement Campaign', 'Channels': ['Email', 'Push Notifications'], 'Offers': ['Win-back Discounts'], 'Goal': 'Prevent churn'}",Re-engagement Campaign,"Email, Push Notifications",Win-back Discounts,Prevent churn
48948.0,53,4801,902,24,3.0,Budget Buyers,"{'Strategy': 'Price-Based Promotions', 'Channels': ['SMS', 'Ads'], 'Offers': ['Coupons', 'Seasonal Discounts'], 'Goal': 'Increase purchase frequency'}",Price-Based Promotions,"SMS, Ads","Coupons, Seasonal Discounts",Increase purchase frequency
55260.0,81,4852,1139,25,0.0,High Value Customers,"{'Strategy': 'Loyalty Rewards & Premium Offers', 'Channels': ['Email', 'Personal Calls'], 'Offers': ['Exclusive Discounts', 'Early Access'], 'Goal': 'Increase retention and lifetime value'}",Loyalty Rewards & Premium Offers,"Email, Personal Calls","Exclusive Discounts, Early Access",Increase retention and lifetime value
64090.0,8,4614,797,20,1.0,New Customers,"{'Strategy': 'Welcome Campaign', 'Channels': ['Email', 'SMS'], 'Offers': ['First Purchase Discount'], 'Goal': 'Convert into repeat customers'}",Welcome Campaign,"Email, SMS",First Purchase Discount,Convert into repeat customers
78331.0,97,4445,1638,25,3.0,Budget Buyers,"{'Strategy': 'Price-Based Promotions', 'Channels': ['SMS', 'Ads'], 'Offers': ['Coupons', 'Seasonal Discounts'], 'Goal': 'Increase purchase frequency'}",Price-Based Promotions,"SMS, Ads","Coupons, Seasonal Discounts",Increase purchase frequency
37087.0,50,4610,401,17,1.0,New Customers,"{'Strategy': 'Welcome Campaign', 'Channels': ['Email', 'SMS'], 'Offers': ['First Purchase Discount'], 'Goal': 'Convert into repeat customers'}",Welcome Campaign,"Email, SMS",First Purchase Discount,Convert into repeat customers
21846.0,38,4538,84,11,3.0,Budget Buyers,"{'Strategy': 'Price-Based Promotions', 'Channels': ['SMS', 'Ads'], 'Offers': ['Coupons', 'Seasonal Discounts'], 'Goal': 'Increase purchase frequency'}",Price-Based Promotions,"SMS, Ads","Coupons, Seasonal Discounts",Increase purchase frequency
81320.0,61,4796,928,18,1.0,New Customers,"{'Strategy': 'Welcome Campaign', 'Channels': ['Email', 'SMS'], 'Offers': ['First Purchase Discount'], 'Goal': 'Convert into repeat customers'}",Welcome Campaign,"Email, SMS",First Purchase Discount,Convert into repeat customers
54137.0,46,4605,203,11,2.0,At Risk Customers,"{'Strategy': 'Re-engagement Campaign', 'Channels': ['Email', 'Push Notifications'], 'Offers': ['Win-back Discounts'], 'Goal': 'Prevent churn'}",Re-engagement Campaign,"Email, Push Notifications",Win-back Discounts,Prevent churn
66825.0,73,4638,858,16,3.0,Budget Buyers,"{'Strategy': 'Price-Based Promotions', 'Channels': ['SMS', 'Ads'], 'Offers': ['Coupons', 'Seasonal Discounts'], 'Goal': 'Increase purchase frequency'}",Price-Based Promotions,"SMS, Ads","Coupons, Seasonal Discounts",Increase purchase frequency
57100.0,19,4495,409,13,2.0,At Risk Customers,"{'Strategy': 'Re-engagement Campaign', 'Channels': ['Email', 'Push Notifications'], 'Offers': ['Win-back Discounts'], 'Goal': 'Prevent churn'}",Re-engagement Campaign,"Email, Push Notifications",Win-back Discounts,Prevent churn
58917.0,10,4750,282,16,1.0,New Customers,"{'Strategy': 'Welcome Campaign', 'Channels': ['Email', 'SMS'], 'Offers': ['First Purchase Discount'], 'Goal': 'Convert into repeat customers'}",Welcome Campaign,"Email, SMS",First Purchase Discount,Convert into repeat customers
85072.0,94,4369,1423,18,1.0,New Customers,"{'Strategy': 'Welcome Campaign', 'Channels': ['Email', 'SMS'], 'Offers': ['First Purchase Discount'], 'Goal': 'Convert into repeat customers'}",Welcome Campaign,"Email, SMS",First Purchase Discount,Convert into repeat customers
86429.0,10,4508,1449,18,1.0,New Customers,"{'Strategy': 'Welcome Campaign', 'Channels': ['Email', 'SMS'], 'Offers': ['First Purchase Discount'], 'Goal': 'Convert into repeat customers'}",Welcome Campaign,"Email, SMS",First Purchase Discount,Convert into repeat customers
45684.0,37,4497,28,4,3.0,Budget Buyers,"{'Strategy': 'Price-Based Promotions', 'Channels': ['SMS', 'Ads'], 'Offers': ['Coupons', 'Seasonal Discounts'], 'Goal': 'Increase purchase frequency'}",Price-Based Promotions,"SMS, Ads","Coupons, Seasonal Discounts",Increase purchase frequency
47889.0,94,4464,67,6,2.0,At Risk Customers,"{'Strategy': 'Re-engagement Campaign', 'Channels': ['Email', 'Push Notifications'], 'Offers': ['Win-back Discounts'], 'Goal': 'Prevent churn'}",Re-engagement Campaign,"Email, Push Notifications",Win-back Discounts,Prevent churn
45921.0,23,4399,199,10,2.0,At Risk Customers,"{'Strategy': 'Re-engagement Campaign', 'Channels': ['Email', 'Push Notifications'], 'Offers': ['Win-back Discounts'], 'Goal': 'Prevent churn'}",Re-engagement Campaign,"Email, Push Notifications",Win-back Discounts,Prevent churn
78420.0,75,4653,1453,22,0.0,High Value Customers,"{'Strategy': 'Loyalty Rewards & Premium Offers', 'Channels': ['Email', 'Personal Calls'], 'Offers': ['Exclusive Discounts', 'Early Access'], 'Goal': 'Increase retention and lifetime value'}",Loyalty Rewards & Premium Offers,"Email, Personal Calls","Exclusive Discounts, Early Access",Increase retention and lifetime value
75114.0,40,4522,1253,19,2.0,At Risk Customers,"{'Strategy': 'Re-engagement Campaign', 'Channels': ['Email', 'Push Notifications'], 'Offers': ['Win-back Discounts'], 'Goal': 'Prevent churn'}",Re-engagement Campaign,"Email, Push Notifications",Win-back Discounts,Prevent churn
52278.0,24,4808,1198,31,3.0,Budget Buyers,"{'Strategy': 'Price-Based Promotions', 'Channels': ['SMS', 'Ads'], 'Offers': ['Coupons', 'Seasonal Discounts'], 'Goal': 'Increase purchase frequency'}",Price-Based Promotions,"SMS, Ads","Coupons, Seasonal Discounts",Increase purchase frequency
35641.0,11,4638,178,10,3.0,Budget Buyers,"{'Strategy': 'Price-Based Promotions', 'Channels': ['SMS', 'Ads'], 'Offers': ['Coupons', 'Seasonal Discounts'], 'Goal': 'Increase purchase frequency'}",Price-Based Promotions,"SMS, Ads","Coupons, Seasonal Discounts",Increase purchase frequency
95529.0,29,4861,1990,18,2.0,At Risk Customers,"{'Strategy': 'Re-engagement Campaign', 'Channels': ['Email', 'Push Notifications'], 'Offers': ['Win-back Discounts'], 'Goal': 'Prevent churn'}",Re-engagement Campaign,"Email, Push Notifications",Win-back Discounts,Prevent churn
62820.0,51,4702,976,14,1.0,New Customers,"{'Strategy': 'Welcome Campaign', 'Channels': ['Email', 'SMS'], 'Offers': ['First Purchase Discount'], 'Goal': 'Convert into repeat customers'}",Welcome Campaign,"Email, SMS",First Purchase Discount,Convert into repeat customers
73113.0,86,4473,1001,15,3.0,Budget Buyers,"{'Strategy': 'Price-Based Promotions', 'Channels': ['SMS', 'Ads'], 'Offers': ['Coupons', 'Seasonal Discounts'], 'Goal': 'Increase purchase frequency'}",Price-Based Promotions,"SMS, Ads","Coupons, Seasonal Discounts",Increase purchase frequency
84169.0,9,4614,1919,20,1.0,New Customers,"{'Strategy': 'Welcome Campaign', 'Channels': ['Email', 'SMS'], 'Offers': ['First Purchase Discount'], 'Goal': 'Convert into repeat customers'}",Welcome Campaign,"Email, SMS",First Purchase Discount,Convert into repeat customers
42607.0,30,4512,350,14,3.0,Budget Buyers,"{'Strategy': 'Price-Based Promotions', 'Channels': ['SMS', 'Ads'], 'Offers': ['Coupons', 'Seasonal Discounts'], 'Goal': 'Increase purchase frequency'}",Price-Based Promotions,"SMS, Ads","Coupons, Seasonal Discounts",Increase purchase frequency
74637.0,73,4695,1650,25,0.0,High Value Customers,"{'Strategy': 'Loyalty Rewards & Premium Offers', 'Channels': ['Email', 'Personal Calls'], 'Offers': ['Exclusive Discounts', 'Early Access'], 'Goal': 'Increase retention and lifetime value'}",Loyalty Rewards & Premium Offers,"Email, Personal Calls","Exclusive Discounts, Early Access",Increase retention and lifetime value
46015.0,25,4365,46,5,1.0,New Customers,"{'Strategy': 'Welcome Campaign', 'Channels': ['Email', 'SMS'], 'Offers': ['First Purchase Discount'], 'Goal': 'Convert into repeat customers'}",Welcome Campaign,"Email, SMS",First Purchase Discount,Convert into repeat customers
72354.0,67,4726,1228,19,3.0,Budget Buyers,"{'Strategy': 'Price-Based Promotions', 'Channels': ['SMS', 'Ads'], 'Offers': ['Coupons', 'Seasonal Discounts'], 'Goal': 'Increase purchase frequency'}",Price-Based Promotions,"SMS, Ads","Coupons, Seasonal Discounts",Increase purchase frequency
39858.0,67,4809,95,7,0.0,High Value Customers,"{'Strategy': 'Loyalty Rewards & Premium Offers', 'Channels': ['Email', 'Personal Calls'], 'Offers': ['Exclusive Discounts', 'Early Access'], 'Goal': 'Increase retention and lifetime value'}",Loyalty Rewards & Premium Offers,"Email, Personal Calls","Exclusive Discounts, Early Access",Increase retention and lifetime value
34469.0,58,4344,62,9,3.0,Budget Buyers,"{'Strategy': 'Price-Based Promotions', 'Channels': ['SMS', 'Ads'], 'Offers': ['Coupons', 'Seasonal Discounts'], 'Goal': 'Increase purchase frequency'}",Price-Based Promotions,"SMS, Ads","Coupons, Seasonal Discounts",Increase purchase frequency
83033.0,82,4330,1761,26,2.0,At Risk Customers,"{'Strategy': 'Re-engagement Campaign', 'Channels': ['Email', 'Push Notifications'], 'Offers': ['Win-back Discounts'], 'Goal': 'Prevent churn'}",Re-engagement Campaign,"Email, Push Notifications",Win-back Discounts,Prevent churn
24401.0,98,4955,467,16,3.0,Budget Buyers,"{'Strategy': 'Price-Based Promotions', 'Channels': ['SMS', 'Ads'], 'Offers': ['Coupons', 'Seasonal Discounts'], 'Goal': 'Increase purchase frequency'}",Price-Based Promotions,"SMS, Ads","Coupons, Seasonal Discounts",Increase purchase frequency
77583.0,93,4427,1149,19,2.0,At Risk Customers,"{'Strategy': 'Re-engagement Campaign', 'Channels': ['Email', 'Push Notifications'], 'Offers': ['Win-back Discounts'], 'Goal': 'Prevent churn'}",Re-engagement Campaign,"Email, Push Notifications",Win-back Discounts,Prevent churn
74116.0,53,4469,2052,19,2.0,At Risk Customers,"{'Strategy': 'Re-engagement Campaign', 'Channels': ['Email', 'Push Notifications'], 'Offers': ['Win-back Discounts'], 'Goal': 'Prevent churn'}",Re-engagement Campaign,"Email, Push Notifications",Win-back Discounts,Prevent churn
74293.0,66,4344,1127,16,1.0,New Customers,"{'Strategy': 'Welcome Campaign', 'Channels': ['Email', 'SMS'], 'Offers': ['First Purchase Discount'], 'Goal': 'Convert into repeat customers'}",Welcome Campaign,"Email, SMS",First Purchase Discount,Convert into repeat customers
68397.0,6,4512,1416,21,2.0,At Risk Customers,"{'Strategy': 'Re-engagement Campaign', 'Channels': ['Email', 'Push Notifications'], 'Offers': ['Win-back Discounts'], 'Goal': 'Prevent churn'}",Re-engagement Campaign,"Email, Push Notifications",Win-back Discounts,Prevent churn
79632.0,42,4370,1113,20,0.0,High Value Customers,"{'Strategy': 'Loyalty Rewards & Premium Offers', 'Channels': ['Email', 'Personal Calls'], 'Offers': ['Exclusive Discounts', 'Early Access'], 'Goal': 'Increase retention and lifetime value'}",Loyalty Rewards & Premium Offers,"Email, Personal Calls","Exclusive Discounts, Early Access",Increase retention and lifetime value
46107.0,78,4427,125,7,3.0,Budget Buyers,"{'Strategy': 'Price-Based Promotions', 'Channels': ['SMS', 'Ads'], 'Offers': ['Coupons', 'Seasonal Discounts'], 'Goal': 'Increase purchase frequency'}",Price-Based Promotions,"SMS, Ads","Coupons, Seasonal Discounts",Increase purchase frequency
64950.0,29,4974,966,25,1.0,New Customers,"{'Strategy': 'Welcome Campaign', 'Channels': ['Email', 'SMS'], 'Offers': ['First Purchase Discount'], 'Goal': 'Convert into repeat customers'}",Welcome Campaign,"Email, SMS",First Purchase Discount,Convert into repeat customers
25443.0,82,4842,32,5,3.0,Budget Buyers,"{'Strategy': 'Price-Based Promotions', 'Channels': ['SMS', 'Ads'], 'Offers': ['Coupons', 'Seasonal Discounts'], 'Goal': 'Increase purchase frequency'}",Price-Based Promotions,"SMS, Ads","Coupons, Seasonal Discounts",Increase purchase frequency
75127.0,92,4326,833,19,2.0,At Risk Customers,"{'Strategy': 'Re-engagement Campaign', 'Channels': ['Email', 'Push Notifications'], 'Offers': ['Win-back Discounts'], 'Goal': 'Prevent churn'}",Re-engagement Campaign,"Email, Push Notifications",Win-back Discounts,Prevent churn
32892.0,78,4323,46,8,3.0,Budget Buyers,"{'Strategy': 'Price-Based Promotions', 'Channels': ['SMS', 'Ads'], 'Offers': ['Coupons', 'Seasonal Discounts'], 'Goal': 'Increase purchase frequency'}",Price-Based Promotions,"SMS, Ads","Coupons, Seasonal Discounts",Increase purchase frequency
71796.0,54,4536,960,17,2.0,At Risk Customers,"{'Strategy': 'Re-engagement Campaign', 'Channels': ['Email', 'Push Notifications'], 'Offers': ['Win-back Discounts'], 'Goal': 'Prevent churn'}",Re-engagement Campaign,"Email, Push Notifications",Win-back Discounts,Prevent churn
67536.0,45,4691,1829,30,3.0,Budget Buyers,"{'Strategy': 'Price-Based Promotions', 'Channels': ['SMS', 'Ads'], 'Offers': ['Coupons', 'Seasonal Discounts'], 'Goal': 'Increase purchase frequency'}",Price-Based Promotions,"SMS, Ads","Coupons, Seasonal Discounts",Increase purchase frequency
55239.0,59,4638,779,26,3.0,Budget Buyers,"{'Strategy': 'Price-Based Promotions', 'Channels': ['SMS', 'Ads'], 'Offers': ['Coupons', 'Seasonal Discounts'], 'Goal': 'Increase purchase frequency'}",Price-Based Promotions,"SMS, Ads","Coupons, Seasonal Discounts",Increase purchase frequency
60554.0,8,4612,811,23,3.0,Budget Buyers,"{'Strategy': 'Price-Based Promotions', 'Channels': ['SMS', 'Ads'], 'Offers': ['Coupons', 'Seasonal Discounts'], 'Goal': 'Increase purchase frequency'}",Price-Based Promotions,"SMS, Ads","Coupons, Seasonal Discounts",Increase purchase frequency
64831.0,51,4672,1120,22,3.0,Budget Buyers,"{'Strategy': 'Price-Based Promotions', 'Channels': ['SMS', 'Ads'], 'Offers': ['Coupons', 'Seasonal Discounts'], 'Goal': 'Increase purchase frequency'}",Price-Based Promotions,"SMS, Ads","Coupons, Seasonal Discounts",Increase purchase frequency
56067.0,51,4632,725,20,0.0,High Value Customers,"{'Strategy': 'Loyalty Rewards & Premium Offers', 'Channels': ['Email', 'Personal Calls'], 'Offers': ['Exclusive Discounts', 'Early Access'], 'Goal': 'Increase retention and lifetime value'}",Loyalty Rewards & Premium Offers,"Email, Personal Calls","Exclusive Discounts, Early Access",Increase retention and lifetime value
82025.0,76,4685,1187,12,3.0,Budget Buyers,"{'Strategy': 'Price-Based Promotions', 'Channels': ['SMS', 'Ads'], 'Offers': ['Coupons', 'Seasonal Discounts'], 'Goal': 'Increase purchase frequency'}",Price-Based Promotions,"SMS, Ads","Coupons, Seasonal Discounts",Increase purchase frequency
94384.0,62,4770,2302,18,3.0,Budget Buyers,"{'Strategy': 'Price-Based Promotions', 'Channels': ['SMS', 'Ads'], 'Offers': ['Coupons', 'Seasonal Discounts'], 'Goal': 'Increase purchase frequency'}",Price-Based Promotions,"SMS, Ads","Coupons, Seasonal Discounts",Increase purchase frequency
14906.0,86,4842,66,9,3.0,Budget Buyers,"{'Strategy': 'Price-Based Promotions', 'Channels': ['SMS', 'Ads'], 'Offers': ['Coupons', 'Seasonal Discounts'], 'Goal': 'Increase purchase frequency'}",Price-Based Promotions,"SMS, Ads","Coupons, Seasonal Discounts",Increase purchase frequency
51563.0,60,4924,1250,19,1.0,New Customers,"{'Strategy': 'Welcome Campaign', 'Channels': ['Email', 'SMS'], 'Offers': ['First Purchase Discount'], 'Goal': 'Convert into repeat customers'}",Welcome Campaign,"Email, SMS",First Purchase Discount,Convert into repeat customers
57937.0,56,4421,683,20,2.0,At Risk Customers,"{'Strategy': 'Re-engagement Campaign', 'Channels': ['Email', 'Push Notifications'], 'Offers': ['Win-back Discounts'], 'Goal': 'Prevent churn'}",Re-engagement Campaign,"Email, Push Notifications",Win-back Discounts,Prevent churn
68274.0,83,4560,305,13,1.0,New Customers,"{'Strategy': 'Welcome Campaign', 'Channels': ['Email', 'SMS'], 'Offers': ['First Purchase Discount'], 'Goal': 'Convert into repeat customers'}",Welcome Campaign,"Email, SMS",First Purchase Discount,Convert into repeat customers
39771.0,92,4493,50,6,1.0,New Customers,"{'Strategy': 'Welcome Campaign', 'Channels': ['Email', 'SMS'], 'Offers': ['First Purchase Discount'], 'Goal': 'Convert into repeat customers'}",Welcome Campaign,"Email, SMS",First Purchase Discount,Convert into repeat customers
67893.0,31,4924,995,16,0.0,High Value Customers,"{'Strategy': 'Loyalty Rewards & Premium Offers', 'Channels': ['Email', 'Personal Calls'], 'Offers': ['Exclusive Discounts', 'Early Access'], 'Goal': 'Increase retention and lifetime value'}",Loyalty Rewards & Premium Offers,"Email, Personal Calls","Exclusive Discounts, Early Access",Increase retention and lifetime value
27922.0,80,4338,41,6,0.0,High Value Customers,"{'Strategy': 'Loyalty Rewards & Premium Offers', 'Channels': ['Email', 'Personal Calls'], 'Offers': ['Exclusive Discounts', 'Early Access'], 'Goal': 'Increase retention and lifetime value'}",Loyalty Rewards & Premium Offers,"Email, Personal Calls","Exclusive Discounts, Early Access",Increase retention and lifetime value
52190.0,39,4340,77,9,1.0,New Customers,"{'Strategy': 'Welcome Campaign', 'Channels': ['Email', 'SMS'], 'Offers': ['First Purchase Discount'], 'Goal': 'Convert into repeat customers'}",Welcome Campaign,"Email, SMS",First Purchase Discount,Convert into repeat customers
44051.0,20,4804,171,12,0.0,High Value Customers,"{'Strategy': 'Loyalty Rewards & Premium Offers', 'Channels': ['Email', 'Personal Calls'], 'Offers': ['Exclusive Discounts', 'Early Access'], 'Goal': 'Increase retention and lifetime value'}",Loyalty Rewards & Premium Offers,"Email, Personal Calls","Exclusive Discounts, Early Access",Increase retention and lifetime value
42767.0,53,4702,131,7,3.0,Budget Buyers,"{'Strategy': 'Price-Based Promotions', 'Channels': ['SMS', 'Ads'], 'Offers': ['Coupons', 'Seasonal Discounts'], 'Goal': 'Increase purchase frequency'}",Price-Based Promotions,"SMS, Ads","Coupons, Seasonal Discounts",Increase purchase frequency
46106.0,84,4337,54,5,3.0,Budget Buyers,"{'Strategy': 'Price-Based Promotions', 'Channels': ['SMS', 'Ads'], 'Offers': ['Coupons', 'Seasonal Discounts'], 'Goal': 'Increase purchase frequency'}",Price-Based Promotions,"SMS, Ads","Coupons, Seasonal Discounts",Increase purchase frequency
16927.0,50,4792,53,12,1.0,New Customers,"{'Strategy': 'Welcome Campaign', 'Channels': ['Email', 'SMS'], 'Offers': ['First Purchase Discount'], 'Goal': 'Convert into repeat customers'}",Welcome Campaign,"Email, SMS",First Purchase Discount,Convert into repeat customers
59754.0,96,4863,475,16,0.0,High Value Customers,"{'Strategy': 'Loyalty Rewards & Premium Offers', 'Channels': ['Email', 'Personal Calls'], 'Offers': ['Exclusive Discounts', 'Early Access'], 'Goal': 'Increase retention and lifetime value'}",Loyalty Rewards & Premium Offers,"Email, Personal Calls","Exclusive Discounts, Early Access",Increase retention and lifetime value
53700.0,94,4969,694,22,3.0,Budget Buyers,"{'Strategy': 'Price-Based Promotions', 'Channels': ['SMS', 'Ads'], 'Offers': ['Coupons', 'Seasonal Discounts'], 'Goal': 'Increase purchase frequency'}",Price-Based Promotions,"SMS, Ads","Coupons, Seasonal Discounts",Increase purchase frequency
59041.0,25,4341,96,8,1.0,New Customers,"{'Strategy': 'Welcome Campaign', 'Channels': ['Email', 'SMS'], 'Offers': ['First Purchase Discount'], 'Goal': 'Convert into repeat customers'}",Welcome Campaign,"Email, SMS",First Purchase Discount,Convert into repeat customers
54237.0,48,4716,361,16,0.0,High Value Customers,"{'Strategy': 'Loyalty Rewards & Premium Offers', 'Channels': ['Email', 'Personal Calls'], 'Offers': ['Exclusive Discounts', 'Early Access'], 'Goal': 'Increase retention and lifetime value'}",Loyalty Rewards & Premium Offers,"Email, Personal Calls","Exclusive Discounts, Early Access",Increase retention and lifetime value
70647.0,65,4934,1079,26,1.0,New Customers,"{'Strategy': 'Welcome Campaign', 'Channels': ['Email', 'SMS'], 'Offers': ['First Purchase Discount'], 'Goal': 'Convert into repeat customers'}",Welcome Campaign,"Email, SMS",First Purchase Discount,Convert into repeat customers
52597.0,69,4341,578,20,1.0,New Customers,"{'Strategy': 'Welcome Campaign', 'Channels': ['Email', 'SMS'], 'Offers': ['First Purchase Discount'], 'Goal': 'Convert into repeat customers'}",Welcome Campaign,"Email, SMS",First Purchase Discount,Convert into repeat customers
41021.0,12,4834,64,7,3.0,Budget Buyers,"{'Strategy': 'Price-Based Promotions', 'Channels': ['SMS', 'Ads'], 'Offers': ['Coupons', 'Seasonal Discounts'], 'Goal': 'Increase purchase frequency'}",Price-Based Promotions,"SMS, Ads","Coupons, Seasonal Discounts",Increase purchase frequency
40233.0,84,4546,149,13,2.0,At Risk Customers,"{'Strategy': 'Re-engagement Campaign', 'Channels': ['Email', 'Push Notifications'], 'Offers': ['Win-back Discounts'], 'Goal': 'Prevent churn'}",Re-engagement Campaign,"Email, Push Notifications",Win-back Discounts,Prevent churn
50183.0,47,4292,231,17,0.0,High Value Customers,"{'Strategy': 'Loyalty Rewards & Premium Offers', 'Channels': ['Email', 'Personal Calls'], 'Offers': ['Exclusive Discounts', 'Early Access'], 'Goal': 'Increase retention and lifetime value'}",Loyalty Rewards & Premium Offers,"Email, Personal Calls","Exclusive Discounts, Early Access",Increase retention and lifetime value
54753.0,87,4578,728,21,0.0,High Value Customers,"{'Strategy': 'Loyalty Rewards & Premium Offers', 'Channels': ['Email', 'Personal Calls'], 'Offers': ['Exclusive Discounts', 'Early Access'], 'Goal': 'Increase retention and lifetime value'}",Loyalty Rewards & Premium Offers,"Email, Personal Calls","Exclusive Discounts, Early Access",Increase retention and lifetime value
92955.0,35,4602,1778,23,3.0,Budget Buyers,"{'Strategy': 'Price-Based Promotions', 'Channels': ['SMS', 'Ads'], 'Offers': ['Coupons', 'Seasonal Discounts'], 'Goal': 'Increase purchase frequency'}",Price-Based Promotions,"SMS, Ads","Coupons, Seasonal Discounts",Increase purchase frequency
33471.0,47,4913,93,10,2.0,At Risk Customers,"{'Strategy': 'Re-engagement Campaign', 'Channels': ['Email', 'Push Notifications'], 'Offers': ['Win-back Discounts'], 'Goal': 'Prevent churn'}",Re-engagement Campaign,"Email, Push Notifications",Win-back Discounts,Prevent churn
34596.0,48,4730,23,4,0.0,High Value Customers,"{'Strategy': 'Loyalty Rewards & Premium Offers', 'Channels': ['Email', 'Personal Calls'], 'Offers': ['Exclusive Discounts', 'Early Access'], 'Goal': 'Increase retention and lifetime value'}",Loyalty Rewards & Premium Offers,"Email, Personal Calls","Exclusive Discounts, Early Access",Increase retention and lifetime value
44010.0,46,4912,662,24,0.0,High Value Customers,"{'Strategy': 'Loyalty Rewards & Premium Offers', 'Channels': ['Email', 'Personal Calls'], 'Offers': ['Exclusive Discounts', 'Early Access'], 'Goal': 'Increase retention and lifetime value'}",Loyalty Rewards & Premium Offers,"Email, Personal Calls","Exclusive Discounts, Early Access",Increase retention and lifetime value
84219.0,27,4435,1198,18,2.0,At Risk Customers,"{'Strategy': 'Re-engagement Campaign', 'Channels': ['Email', 'Push Notifications'], 'Offers': ['Win-back Discounts'], 'Goal': 'Prevent churn'}",Re-engagement Campaign,"Email, Push Notifications",Win-back Discounts,Prevent churn
40706.0,37,4816,81,11,3.0,Budget Buyers,"{'Strategy': 'Price-Based Promotions', 'Channels': ['SMS', 'Ads'], 'Offers': ['Coupons', 'Seasonal Discounts'], 'Goal': 'Increase purchase frequency'}",Price-Based Promotions,"SMS, Ads","Coupons, Seasonal Discounts",Increase purchase frequency
15716.0,8,4882,92,10,2.0,At Risk Customers,"{'Strategy': 'Re-engagement Campaign', 'Channels': ['Email', 'Push Notifications'], 'Offers': ['Win-back Discounts'], 'Goal': 'Prevent churn'}",Re-engagement Campaign,"Email, Push Notifications",Win-back Discounts,Prevent churn
59052.0,29,4512,491,18,3.0,Budget Buyers,"{'Strategy': 'Price-Based Promotions', 'Channels': ['SMS', 'Ads'], 'Offers': ['Coupons', 'Seasonal Discounts'], 'Goal': 'Increase purchase frequency'}",Price-Based Promotions,"SMS, Ads","Coupons, Seasonal Discounts",Increase purchase frequency
80573.0,85,4911,1564,24,3.0,Budget Buyers,"{'Strategy': 'Price-Based Promotions', 'Channels': ['SMS', 'Ads'], 'Offers': ['Coupons', 'Seasonal Discounts'], 'Goal': 'Increase purchase frequency'}",Price-Based Promotions,"SMS, Ads","Coupons, Seasonal Discounts",Increase purchase frequency
83715.0,2,4434,926,24,1.0,New Customers,"{'Strategy': 'Welcome Campaign', 'Channels': ['Email', 'SMS'], 'Offers': ['First Purchase Discount'], 'Goal': 'Convert into repeat customers'}",Welcome Campaign,"Email, SMS",First Purchase Discount,Convert into repeat customers
82576.0,66,4985,1910,19,3.0,Budget Buyers,"{'Strategy': 'Price-Based Promotions', 'Channels': ['SMS', 'Ads'], 'Offers': ['Coupons', 'Seasonal Discounts'], 'Goal': 'Increase purchase frequency'}",Price-Based Promotions,"SMS, Ads","Coupons, Seasonal Discounts",Increase purchase frequency
56962.0,60,4549,411,21,1.0,New Customers,"{'Strategy': 'Welcome Campaign', 'Channels': ['Email', 'SMS'], 'Offers': ['First Purchase Discount'], 'Goal': 'Convert into repeat customers'}",Welcome Campaign,"Email, SMS",First Purchase Discount,Convert into repeat customers
35704.0,54,4465,94,9,1.0,New Customers,"{'Strategy': 'Welcome Campaign', 'Channels': ['Email', 'SMS'], 'Offers': ['First Purchase Discount'], 'Goal': 'Convert into repeat customers'}",Welcome Campaign,"Email, SMS",First Purchase Discount,Convert into repeat customers
53103.0,70,4578,1085,28,1.0,New Customers,"{'Strategy': 'Welcome Campaign', 'Channels': ['Email', 'SMS'], 'Offers': ['First Purchase Discount'], 'Goal': 'Convert into repeat customers'}",Welcome Campaign,"Email, SMS",First Purchase Discount,Convert into repeat customers
46779.0,55,4640,23,4,3.0,Budget Buyers,"{'Strategy': 'Price-Based Promotions', 'Channels': ['SMS', 'Ads'], 'Offers': ['Coupons', 'Seasonal Discounts'], 'Goal': 'Increase purchase frequency'}",Price-Based Promotions,"SMS, Ads","Coupons, Seasonal Discounts",Increase purchase frequency
4861.0,20,4295,6,0,2.0,At Risk Customers,"{'Strategy': 'Re-engagement Campaign', 'Channels': ['Email', 'Push Notifications'], 'Offers': ['Win-back Discounts'], 'Goal': 'Prevent churn'}",Re-engagement Campaign,"Email, Push Notifications",Win-back Discounts,Prevent churn
33462.0,78,4614,54,6,2.0,At Risk Customers,"{'Strategy': 'Re-engagement Campaign', 'Channels': ['Email', 'Push Notifications'], 'Offers': ['Win-back Discounts'], 'Goal': 'Prevent churn'}",Re-engagement Campaign,"Email, Push Notifications",Win-back Discounts,Prevent churn
63693.0,63,4546,1150,29,2.0,At Risk Customers,"{'Strategy': 'Re-engagement Campaign', 'Channels': ['Email', 'Push Notifications'], 'Offers': ['Win-back Discounts'], 'Goal': 'Prevent churn'}",Re-engagement Campaign,"Email, Push Notifications",Win-back Discounts,Prevent churn
80763.0,17,4606,1415,23,2.0,At Risk Customers,"{'Strategy': 'Re-engagement Campaign', 'Channels': ['Email', 'Push Notifications'], 'Offers': ['Win-back Discounts'], 'Goal': 'Prevent churn'}",Re-engagement Campaign,"Email, Push Notifications",Win-back Discounts,Prevent churn
65352.0,43,4600,405,16,3.0,Budget Buyers,"{'Strategy': 'Price-Based Promotions', 'Channels': ['SMS', 'Ads'], 'Offers': ['Coupons', 'Seasonal Discounts'], 'Goal': 'Increase purchase frequency'}",Price-Based Promotions,"SMS, Ads","Coupons, Seasonal Discounts",Increase purchase frequency
82170.0,13,4504,1908,19,1.0,New Customers,"{'Strategy': 'Welcome Campaign', 'Channels': ['Email', 'SMS'], 'Offers': ['First Purchase Discount'], 'Goal': 'Convert into repeat customers'}",Welcome Campaign,"Email, SMS",First Purchase Discount,Convert into repeat customers
75759.0,46,4535,2486,26,2.0,At Risk Customers,"{'Strategy': 'Re-engagement Campaign', 'Channels': ['Email', 'Push Notifications'], 'Offers': ['Win-back Discounts'], 'Goal': 'Prevent churn'}",Re-engagement Campaign,"Email, Push Notifications",Win-back Discounts,Prevent churn
79689.0,65,4701,1315,27,0.0,High Value Customers,"{'Strategy': 'Loyalty Rewards & Premium Offers', 'Channels': ['Email', 'Personal Calls'], 'Offers': ['Exclusive Discounts', 'Early Access'], 'Goal': 'Increase retention and lifetime value'}",Loyalty Rewards & Premium Offers,"Email, Personal Calls","Exclusive Discounts, Early Access",Increase retention and lifetime value
35340.0,1,4288,45,7,0.0,High Value Customers,"{'Strategy': 'Loyalty Rewards & Premium Offers', 'Channels': ['Email', 'Personal Calls'], 'Offers': ['Exclusive Discounts', 'Early Access'], 'Goal': 'Increase retention and lifetime value'}",Loyalty Rewards & Premium Offers,"Email, Personal Calls","Exclusive Discounts, Early Access",Increase retention and lifetime value
85683.0,6,4388,1789,17,3.0,Budget Buyers,"{'Strategy': 'Price-Based Promotions', 'Channels': ['SMS', 'Ads'], 'Offers': ['Coupons', 'Seasonal Discounts'], 'Goal': 'Increase purchase frequency'}",Price-Based Promotions,"SMS, Ads","Coupons, Seasonal Discounts",Increase purchase frequency
24884.0,32,4865,19,4,1.0,New Customers,"{'Strategy': 'Welcome Campaign', 'Channels': ['Email', 'SMS'], 'Offers': ['First Purchase Discount'], 'Goal': 'Convert into repeat customers'}",Welcome Campaign,"Email, SMS",First Purchase Discount,Convert into repeat customers
42021.0,34,4955,573,22,1.0,New Customers,"{'Strategy': 'Welcome Campaign', 'Channels': ['Email', 'SMS'], 'Offers': ['First Purchase Discount'], 'Goal': 'Convert into repeat customers'}",Welcome Campaign,"Email, SMS",First Purchase Discount,Convert into repeat customers
64449.0,70,4419,805,24,2.0,At Risk Customers,"{'Strategy': 'Re-engagement Campaign', 'Channels': ['Email', 'Push Notifications'], 'Offers': ['Win-back Discounts'], 'Goal': 'Prevent churn'}",Re-engagement Campaign,"Email, Push Notifications",Win-back Discounts,Prevent churn
64587.0,49,4295,108,8,1.0,New Customers,"{'Strategy': 'Welcome Campaign', 'Channels': ['Email', 'SMS'], 'Offers': ['First Purchase Discount'], 'Goal': 'Convert into repeat customers'}",Welcome Campaign,"Email, SMS",First Purchase Discount,Convert into repeat customers
34824.0,65,4383,23,4,2.0,At Risk Customers,"{'Strategy': 'Re-engagement Campaign', 'Channels': ['Email', 'Push Notifications'], 'Offers': ['Win-back Discounts'], 'Goal': 'Prevent churn'}",Re-engagement Campaign,"Email, Push Notifications",Win-back Discounts,Prevent churn
75437.0,25,4520,1493,23,1.0,New Customers,"{'Strategy': 'Welcome Campaign', 'Channels': ['Email', 'SMS'], 'Offers': ['First Purchase Discount'], 'Goal': 'Convert into repeat customers'}",Welcome Campaign,"Email, SMS",First Purchase Discount,Convert into repeat customers
26091.0,84,4412,89,9,2.0,At Risk Customers,"{'Strategy': 'Re-engagement Campaign', 'Channels': ['Email', 'Push Notifications'], 'Offers': ['Win-back Discounts'], 'Goal': 'Prevent churn'}",Re-engagement Campaign,"Email, Push Notifications",Win-back Discounts,Prevent churn
52845.0,7,4608,936,25,2.0,At Risk Customers,"{'Strategy': 'Re-engagement Campaign', 'Channels': ['Email', 'Push Notifications'], 'Offers': ['Win-back Discounts'], 'Goal': 'Prevent churn'}",Re-engagement Campaign,"Email, Push Notifications",Win-back Discounts,Prevent churn
46086.0,34,4526,343,16,2.0,At Risk Customers,"{'Strategy': 'Re-engagement Campaign', 'Channels': ['Email', 'Push Notifications'], 'Offers': ['Win-back Discounts'], 'Goal': 'Prevent churn'}",Re-engagement Campaign,"Email, Push Notifications",Win-back Discounts,Prevent churn
78028.0,38,4945,528,20,0.0,High Value Customers,"{'Strategy': 'Loyalty Rewards & Premium Offers', 'Channels': ['Email', 'Personal Calls'], 'Offers': ['Exclusive Discounts', 'Early Access'], 'Goal': 'Increase retention and lifetime value'}",Loyalty Rewards & Premium Offers,"Email, Personal Calls","Exclusive Discounts, Early Access",Increase retention and lifetime value
95169.0,1,4551,1901,12,0.0,High Value Customers,"{'Strategy': 'Loyalty Rewards & Premium Offers', 'Channels': ['Email', 'Personal Calls'], 'Offers': ['Exclusive Discounts', 'Early Access'], 'Goal': 'Increase retention and lifetime value'}",Loyalty Rewards & Premium Offers,"Email, Personal Calls","Exclusive Discounts, Early Access",Increase retention and lifetime value
56337.0,25,4747,724,22,0.0,High Value Customers,"{'Strategy': 'Loyalty Rewards & Premium Offers', 'Channels': ['Email', 'Personal Calls'], 'Offers': ['Exclusive Discounts', 'Early Access'], 'Goal': 'Increase retention and lifetime value'}",Loyalty Rewards & Premium Offers,"Email, Personal Calls","Exclusive Discounts, Early Access",Increase retention and lifetime value
22434.0,25,4789,58,7,3.0,Budget Buyers,"{'Strategy': 'Price-Based Promotions', 'Channels': ['SMS', 'Ads'], 'Offers': ['Coupons', 'Seasonal Discounts'], 'Goal': 'Increase purchase frequency'}",Price-Based Promotions,"SMS, Ads","Coupons, Seasonal Discounts",Increase purchase frequency
36930.0,50,4696,297,16,3.0,Budget Buyers,"{'Strategy': 'Price-Based Promotions', 'Channels': ['SMS', 'Ads'], 'Offers': ['Coupons', 'Seasonal Discounts'], 'Goal': 'Increase purchase frequency'}",Price-Based Promotions,"SMS, Ads","Coupons, Seasonal Discounts",Increase purchase frequency
36130.0,46,4800,488,21,1.0,New Customers,"{'Strategy': 'Welcome Campaign', 'Channels': ['Email', 'SMS'], 'Offers': ['First Purchase Discount'], 'Goal': 'Convert into repeat customers'}",Welcome Campaign,"Email, SMS",First Purchase Discount,Convert into repeat customers
65569.0,96,4889,859,23,0.0,High Value Customers,"{'Strategy': 'Loyalty Rewards & Premium Offers', 'Channels': ['Email', 'Personal Calls'], 'Offers': ['Exclusive Discounts', 'Early Access'], 'Goal': 'Increase retention and lifetime value'}",Loyalty Rewards & Premium Offers,"Email, Personal Calls","Exclusive Discounts, Early Access",Increase retention and lifetime value
83844.0,57,4701,1574,20,2.0,At Risk Customers,"{'Strategy': 'Re-engagement Campaign', 'Channels': ['Email', 'Push Notifications'], 'Offers': ['Win-back Discounts'], 'Goal': 'Prevent churn'}",Re-engagement Campaign,"Email, Push Notifications",Win-back Discounts,Prevent churn
19514.0,47,4442,69,10,1.0,New Customers,"{'Strategy': 'Welcome Campaign', 'Channels': ['Email', 'SMS'], 'Offers': ['First Purchase Discount'], 'Goal': 'Convert into repeat customers'}",Welcome Campaign,"Email, SMS",First Purchase Discount,Convert into repeat customers
36736.0,52,4703,17,4,0.0,High Value Customers,"{'Strategy': 'Loyalty Rewards & Premium Offers', 'Channels': ['Email', 'Personal Calls'], 'Offers': ['Exclusive Discounts', 'Early Access'], 'Goal': 'Increase retention and lifetime value'}",Loyalty Rewards & Premium Offers,"Email, Personal Calls","Exclusive Discounts, Early Access",Increase retention and lifetime value
77568.0,30,4961,2194,21,0.0,High Value Customers,"{'Strategy': 'Loyalty Rewards & Premium Offers', 'Channels': ['Email', 'Personal Calls'], 'Offers': ['Exclusive Discounts', 'Early Access'], 'Goal': 'Increase retention and lifetime value'}",Loyalty Rewards & Premium Offers,"Email, Personal Calls","Exclusive Discounts, Early Access",Increase retention and lifetime value
49187.0,63,4457,116,8,1.0,New Customers,"{'Strategy': 'Welcome Campaign', 'Channels': ['Email', 'SMS'], 'Offers': ['First Purchase Discount'], 'Goal': 'Convert into repeat customers'}",Welcome Campaign,"Email, SMS",First Purchase Discount,Convert into repeat customers
30168.0,51,4767,279,18,1.0,New Customers,"{'Strategy': 'Welcome Campaign', 'Channels': ['Email', 'SMS'], 'Offers': ['First Purchase Discount'], 'Goal': 'Convert into repeat customers'}",Welcome Campaign,"Email, SMS",First Purchase Discount,Convert into repeat customers
34053.0,14,4945,103,7,2.0,At Risk Customers,"{'Strategy': 'Re-engagement Campaign', 'Channels': ['Email', 'Push Notifications'], 'Offers': ['Win-back Discounts'], 'Goal': 'Prevent churn'}",Re-engagement Campaign,"Email, Push Notifications",Win-back Discounts,Prevent churn
38196.0,20,4360,44,9,0.0,High Value Customers,"{'Strategy': 'Loyalty Rewards & Premium Offers', 'Channels': ['Email', 'Personal Calls'], 'Offers': ['Exclusive Discounts', 'Early Access'], 'Goal': 'Increase retention and lifetime value'}",Loyalty Rewards & Premium Offers,"Email, Personal Calls","Exclusive Discounts, Early Access",Increase retention and lifetime value
59412.0,56,4359,406,15,0.0,High Value Customers,"{'Strategy': 'Loyalty Rewards & Premium Offers', 'Channels': ['Email', 'Personal Calls'], 'Offers': ['Exclusive Discounts', 'Early Access'], 'Goal': 'Increase retention and lifetime value'}",Loyalty Rewards & Premium Offers,"Email, Personal Calls","Exclusive Discounts, Early Access",Increase retention and lifetime value
70924.0,41,4371,1363,20,0.0,High Value Customers,"{'Strategy': 'Loyalty Rewards & Premium Offers', 'Channels': ['Email', 'Personal Calls'], 'Offers': ['Exclusive Discounts', 'Early Access'], 'Goal': 'Increase retention and lifetime value'}",Loyalty Rewards & Premium Offers,"Email, Personal Calls","Exclusive Discounts, Early Access",Increase retention and lifetime value
54165.0,72,4685,236,11,1.0,New Customers,"{'Strategy': 'Welcome Campaign', 'Channels': ['Email', 'SMS'], 'Offers': ['First Purchase Discount'], 'Goal': 'Convert into repeat customers'}",Welcome Campaign,"Email, SMS",First Purchase Discount,Convert into repeat customers
32300.0,1,4830,39,5,1.0,New Customers,"{'Strategy': 'Welcome Campaign', 'Channels': ['Email', 'SMS'], 'Offers': ['First Purchase Discount'], 'Goal': 'Convert into repeat customers'}",Welcome Campaign,"Email, SMS",First Purchase Discount,Convert into repeat customers
20180.0,27,4782,137,8,3.0,Budget Buyers,"{'Strategy': 'Price-Based Promotions', 'Channels': ['SMS', 'Ads'], 'Offers': ['Coupons', 'Seasonal Discounts'], 'Goal': 'Increase purchase frequency'}",Price-Based Promotions,"SMS, Ads","Coupons, Seasonal Discounts",Increase purchase frequency
34961.0,77,4298,79,10,1.0,New Customers,"{'Strategy': 'Welcome Campaign', 'Channels': ['Email', 'SMS'], 'Offers': ['First Purchase Discount'], 'Goal': 'Convert into repeat customers'}",Welcome Campaign,"Email, SMS",First Purchase Discount,Convert into repeat customers
28440.0,87,4645,63,6,0.0,High Value Customers,"{'Strategy': 'Loyalty Rewards & Premium Offers', 'Channels': ['Email', 'Personal Calls'], 'Offers': ['Exclusive Discounts', 'Early Access'], 'Goal': 'Increase retention and lifetime value'}",Loyalty Rewards & Premium Offers,"Email, Personal Calls","Exclusive Discounts, Early Access",Increase retention and lifetime value
64504.0,81,4770,1314,25,2.0,At Risk Customers,"{'Strategy': 'Re-engagement Campaign', 'Channels': ['Email', 'Push Notifications'], 'Offers': ['Win-back Discounts'], 'Goal': 'Prevent churn'}",Re-engagement Campaign,"Email, Push Notifications",Win-back Discounts,Prevent churn
33564.0,51,4293,71,6,1.0,New Customers,"{'Strategy': 'Welcome Campaign', 'Channels': ['Email', 'SMS'], 'Offers': ['First Purchase Discount'], 'Goal': 'Convert into repeat customers'}",Welcome Campaign,"Email, SMS",First Purchase Discount,Convert into repeat customers
17345.0,79,4891,58,7,0.0,High Value Customers,"{'Strategy': 'Loyalty Rewards & Premium Offers', 'Channels': ['Email', 'Personal Calls'], 'Offers': ['Exclusive Discounts', 'Early Access'], 'Goal': 'Increase retention and lifetime value'}",Loyalty Rewards & Premium Offers,"Email, Personal Calls","Exclusive Discounts, Early Access",Increase retention and lifetime value
56320.0,11,4735,702,21,0.0,High Value Customers,"{'Strategy': 'Loyalty Rewards & Premium Offers', 'Channels': ['Email', 'Personal Calls'], 'Offers': ['Exclusive Discounts', 'Early Access'], 'Goal': 'Increase retention and lifetime value'}",Loyalty Rewards & Premium Offers,"Email, Personal Calls","Exclusive Discounts, Early Access",Increase retention and lifetime value
28647.0,54,4600,94,7,3.0,Budget Buyers,"{'Strategy': 'Price-Based Promotions', 'Channels': ['SMS', 'Ads'], 'Offers': ['Coupons', 'Seasonal Discounts'], 'Goal': 'Increase purchase frequency'}",Price-Based Promotions,"SMS, Ads","Coupons, Seasonal Discounts",Increase purchase frequency
15038.0,93,4804,80,7,2.0,At Risk Customers,"{'Strategy': 'Re-engagement Campaign', 'Channels': ['Email', 'Push Notifications'], 'Offers': ['Win-back Discounts'], 'Goal': 'Prevent churn'}",Re-engagement Campaign,"Email, Push Notifications",Win-back Discounts,Prevent churn
32173.0,0,4620,22,5,3.0,Budget Buyers,"{'Strategy': 'Price-Based Promotions', 'Channels': ['SMS', 'Ads'], 'Offers': ['Coupons', 'Seasonal Discounts'], 'Goal': 'Increase purchase frequency'}",Price-Based Promotions,"SMS, Ads","Coupons, Seasonal Discounts",Increase purchase frequency
68316.0,54,4890,1211,32,2.0,At Risk Customers,"{'Strategy': 'Re-engagement Campaign', 'Channels': ['Email', 'Push Notifications'], 'Offers': ['Win-back Discounts'], 'Goal': 'Prevent churn'}",Re-engagement Campaign,"Email, Push Notifications",Win-back Discounts,Prevent churn
74538.0,21,4653,1461,22,0.0,High Value Customers,"{'Strategy': 'Loyalty Rewards & Premium Offers', 'Channels': ['Email', 'Personal Calls'], 'Offers': ['Exclusive Discounts', 'Early Access'], 'Goal': 'Increase retention and lifetime value'}",Loyalty Rewards & Premium Offers,"Email, Personal Calls","Exclusive Discounts, Early Access",Increase retention and lifetime value
91700.0,58,4816,1968,20,3.0,Budget Buyers,"{'Strategy': 'Price-Based Promotions', 'Channels': ['SMS', 'Ads'], 'Offers': ['Coupons', 'Seasonal Discounts'], 'Goal': 'Increase purchase frequency'}",Price-Based Promotions,"SMS, Ads","Coupons, Seasonal Discounts",Increase purchase frequency
68695.0,3,4292,1091,16,0.0,High Value Customers,"{'Strategy': 'Loyalty Rewards & Premium Offers', 'Channels': ['Email', 'Personal Calls'], 'Offers': ['Exclusive Discounts', 'Early Access'], 'Goal': 'Increase retention and lifetime value'}",Loyalty Rewards & Premium Offers,"Email, Personal Calls","Exclusive Discounts, Early Access",Increase retention and lifetime value
31056.0,99,4811,55,5,1.0,New Customers,"{'Strategy': 'Welcome Campaign', 'Channels': ['Email', 'SMS'], 'Offers': ['First Purchase Discount'], 'Goal': 'Convert into repeat customers'}",Welcome Campaign,"Email, SMS",First Purchase Discount,Convert into repeat customers
79593.0,70,4336,1366,19,1.0,New Customers,"{'Strategy': 'Welcome Campaign', 'Channels': ['Email', 'SMS'], 'Offers': ['First Purchase Discount'], 'Goal': 'Convert into repeat customers'}",Welcome Campaign,"Email, SMS",First Purchase Discount,Convert into repeat customers
28071.0,65,4957,313,13,1.0,New Customers,"{'Strategy': 'Welcome Campaign', 'Channels': ['Email', 'SMS'], 'Offers': ['First Purchase Discount'], 'Goal': 'Convert into repeat customers'}",Welcome Campaign,"Email, SMS",First Purchase Discount,Convert into repeat customers
37334.0,44,4411,62,11,3.0,Budget Buyers,"{'Strategy': 'Price-Based Promotions', 'Channels': ['SMS', 'Ads'], 'Offers': ['Coupons', 'Seasonal Discounts'], 'Goal': 'Increase purchase frequency'}",Price-Based Promotions,"SMS, Ads","Coupons, Seasonal Discounts",Increase purchase frequency
46423.0,6,4572,92,9,3.0,Budget Buyers,"{'Strategy': 'Price-Based Promotions', 'Channels': ['SMS', 'Ads'], 'Offers': ['Coupons', 'Seasonal Discounts'], 'Goal': 'Increase purchase frequency'}",Price-Based Promotions,"SMS, Ads","Coupons, Seasonal Discounts",Increase purchase frequency
37126.0,9,4379,72,6,0.0,High Value Customers,"{'Strategy': 'Loyalty Rewards & Premium Offers', 'Channels': ['Email', 'Personal Calls'], 'Offers': ['Exclusive Discounts', 'Early Access'], 'Goal': 'Increase retention and lifetime value'}",Loyalty Rewards & Premium Offers,"Email, Personal Calls","Exclusive Discounts, Early Access",Increase retention and lifetime value
47703.0,95,4684,655,21,0.0,High Value Customers,"{'Strategy': 'Loyalty Rewards & Premium Offers', 'Channels': ['Email', 'Personal Calls'], 'Offers': ['Exclusive Discounts', 'Early Access'], 'Goal': 'Increase retention and lifetime value'}",Loyalty Rewards & Premium Offers,"Email, Personal Calls","Exclusive Discounts, Early Access",Increase retention and lifetime value
61180.0,70,4355,704,18,3.0,Budget Buyers,"{'Strategy': 'Price-Based Promotions', 'Channels': ['SMS', 'Ads'], 'Offers': ['Coupons', 'Seasonal Discounts'], 'Goal': 'Increase purchase frequency'}",Price-Based Promotions,"SMS, Ads","Coupons, Seasonal Discounts",Increase purchase frequency
38998.0,92,4891,54,8,0.0,High Value Customers,"{'Strategy': 'Loyalty Rewards & Premium Offers', 'Channels': ['Email', 'Personal Calls'], 'Offers': ['Exclusive Discounts', 'Early Access'], 'Goal': 'Increase retention and lifetime value'}",Loyalty Rewards & Premium Offers,"Email, Personal Calls","Exclusive Discounts, Early Access",Increase retention and lifetime value
8028.0,62,4937,178,16,0.0,High Value Customers,"{'Strategy': 'Loyalty Rewards & Premium Offers', 'Channels': ['Email', 'Personal Calls'], 'Offers': ['Exclusive Discounts', 'Early Access'], 'Goal': 'Increase retention and lifetime value'}",Loyalty Rewards & Premium Offers,"Email, Personal Calls","Exclusive Discounts, Early Access",Increase retention and lifetime value
76081.0,85,4325,1033,14,1.0,New Customers,"{'Strategy': 'Welcome Campaign', 'Channels': ['Email', 'SMS'], 'Offers': ['First Purchase Discount'], 'Goal': 'Convert into repeat customers'}",Welcome Campaign,"Email, SMS",First Purchase Discount,Convert into repeat customers
34728.0,2,4622,36,5,2.0,At Risk Customers,"{'Strategy': 'Re-engagement Campaign', 'Channels': ['Email', 'Push Notifications'], 'Offers': ['Win-back Discounts'], 'Goal': 'Prevent churn'}",Re-engagement Campaign,"Email, Push Notifications",Win-back Discounts,Prevent churn
33168.0,0,4912,122,10,0.0,High Value Customers,"{'Strategy': 'Loyalty Rewards & Premium Offers', 'Channels': ['Email', 'Personal Calls'], 'Offers': ['Exclusive Discounts', 'Early Access'], 'Goal': 'Increase retention and lifetime value'}",Loyalty Rewards & Premium Offers,"Email, Personal Calls","Exclusive Discounts, Early Access",Increase retention and lifetime value
33585.0,91,4565,122,7,3.0,Budget Buyers,"{'Strategy': 'Price-Based Promotions', 'Channels': ['SMS', 'Ads'], 'Offers': ['Coupons', 'Seasonal Discounts'], 'Goal': 'Increase purchase frequency'}",Price-Based Promotions,"SMS, Ads","Coupons, Seasonal Discounts",Increase purchase frequency
77037.0,3,4547,1123,27,2.0,At Risk Customers,"{'Strategy': 'Re-engagement Campaign', 'Channels': ['Email', 'Push Notifications'], 'Offers': ['Win-back Discounts'], 'Goal': 'Prevent churn'}",Re-engagement Campaign,"Email, Push Notifications",Win-back Discounts,Prevent churn
35196.0,68,4881,497,18,1.0,New Customers,"{'Strategy': 'Welcome Campaign', 'Channels': ['Email', 'SMS'], 'Offers': ['First Purchase Discount'], 'Goal': 'Convert into repeat customers'}",Welcome Campaign,"Email, SMS",First Purchase Discount,Convert into repeat customers
44529.0,98,4647,691,25,3.0,Budget Buyers,"{'Strategy': 'Price-Based Promotions', 'Channels': ['SMS', 'Ads'], 'Offers': ['Coupons', 'Seasonal Discounts'], 'Goal': 'Increase purchase frequency'}",Price-Based Promotions,"SMS, Ads","Coupons, Seasonal Discounts",Increase purchase frequency
70924.0,41,4371,1363,20,0.0,High Value Customers,"{'Strategy': 'Loyalty Rewards & Premium Offers', 'Channels': ['Email', 'Personal Calls'], 'Offers': ['Exclusive Discounts', 'Early Access'], 'Goal': 'Increase retention and lifetime value'}",Loyalty Rewards & Premium Offers,"Email, Personal Calls","Exclusive Discounts, Early Access",Increase retention and lifetime value
28764.0,16,4312,12,4,0.0,High Value Customers,"{'Strategy': 'Loyalty Rewards & Premium Offers', 'Channels': ['Email', 'Personal Calls'], 'Offers': ['Exclusive Discounts', 'Early Access'], 'Goal': 'Increase retention and lifetime value'}",Loyalty Rewards & Premium Offers,"Email, Personal Calls","Exclusive Discounts, Early Access",Increase retention and lifetime value
69098.0,82,4786,2440,25,3.0,Budget Buyers,"{'Strategy': 'Price-Based Promotions', 'Channels': ['SMS', 'Ads'], 'Offers': ['Coupons', 'Seasonal Discounts'], 'Goal': 'Increase purchase frequency'}",Price-Based Promotions,"SMS, Ads","Coupons, Seasonal Discounts",Increase purchase frequency
25959.0,1,4788,56,7,0.0,High Value Customers,"{'Strategy': 'Loyalty Rewards & Premium Offers', 'Channels': ['Email', 'Personal Calls'], 'Offers': ['Exclusive Discounts', 'Early Access'], 'Goal': 'Increase retention and lifetime value'}",Loyalty Rewards & Premium Offers,"Email, Personal Calls","Exclusive Discounts, Early Access",Increase retention and lifetime value
27100.0,64,4738,37,5,1.0,New Customers,"{'Strategy': 'Welcome Campaign', 'Channels': ['Email', 'SMS'], 'Offers': ['First Purchase Discount'], 'Goal': 'Convert into repeat customers'}",Welcome Campaign,"Email, SMS",First Purchase Discount,Convert into repeat customers
70596.0,68,4920,968,21,3.0,Budget Buyers,"{'Strategy': 'Price-Based Promotions', 'Channels': ['SMS', 'Ads'], 'Offers': ['Coupons', 'Seasonal Discounts'], 'Goal': 'Increase purchase frequency'}",Price-Based Promotions,"SMS, Ads","Coupons, Seasonal Discounts",Increase purchase frequency
42557.0,98,4957,270,15,3.0,Budget Buyers,"{'Strategy': 'Price-Based Promotions', 'Channels': ['SMS', 'Ads'], 'Offers': ['Coupons', 'Seasonal Discounts'], 'Goal': 'Increase purchase frequency'}",Price-Based Promotions,"SMS, Ads","Coupons, Seasonal Discounts",Increase purchase frequency
53312.0,32,4612,278,12,2.0,At Risk Customers,"{'Strategy': 'Re-engagement Campaign', 'Channels': ['Email', 'Push Notifications'], 'Offers': ['Win-back Discounts'], 'Goal': 'Prevent churn'}",Re-engagement Campaign,"Email, Push Notifications",Win-back Discounts,Prevent churn
72228.0,87,4867,1250,22,2.0,At Risk Customers,"{'Strategy': 'Re-engagement Campaign', 'Channels': ['Email', 'Push Notifications'], 'Offers': ['Win-back Discounts'], 'Goal': 'Prevent churn'}",Re-engagement Campaign,"Email, Push Notifications",Win-back Discounts,Prevent churn
67605.0,84,4743,938,17,0.0,High Value Customers,"{'Strategy': 'Loyalty Rewards & Premium Offers', 'Channels': ['Email', 'Personal Calls'], 'Offers': ['Exclusive Discounts', 'Early Access'], 'Goal': 'Increase retention and lifetime value'}",Loyalty Rewards & Premium Offers,"Email, Personal Calls","Exclusive Discounts, Early Access",Increase retention and lifetime value
62845.0,3,4924,1178,28,1.0,New Customers,"{'Strategy': 'Welcome Campaign', 'Channels': ['Email', 'SMS'], 'Offers': ['First Purchase Discount'], 'Goal': 'Convert into repeat customers'}",Welcome Campaign,"Email, SMS",First Purchase Discount,Convert into repeat customers
65196.0,34,4627,1155,26,2.0,At Risk Customers,"{'Strategy': 'Re-engagement Campaign', 'Channels': ['Email', 'Push Notifications'], 'Offers': ['Win-back Discounts'], 'Goal': 'Prevent churn'}",Re-engagement Campaign,"Email, Push Notifications",Win-back Discounts,Prevent churn
42000.0,23,4823,653,20,0.0,High Value Customers,"{'Strategy': 'Loyalty Rewards & Premium Offers', 'Channels': ['Email', 'Personal Calls'], 'Offers': ['Exclusive Discounts', 'Early Access'], 'Goal': 'Increase retention and lifetime value'}",Loyalty Rewards & Premium Offers,"Email, Personal Calls","Exclusive Discounts, Early Access",Increase retention and lifetime value
35860.0,37,4329,49,6,2.0,At Risk Customers,"{'Strategy': 'Re-engagement Campaign', 'Channels': ['Email', 'Push Notifications'], 'Offers': ['Win-back Discounts'], 'Goal': 'Prevent churn'}",Re-engagement Campaign,"Email, Push Notifications",Win-back Discounts,Prevent churn
65526.0,22,4367,506,17,3.0,Budget Buyers,"{'Strategy': 'Price-Based Promotions', 'Channels': ['SMS', 'Ads'], 'Offers': ['Coupons', 'Seasonal Discounts'], 'Goal': 'Increase purchase frequency'}",Price-Based Promotions,"SMS, Ads","Coupons, Seasonal Discounts",Increase purchase frequency
16860.0,19,4943,38,8,0.0,High Value Customers,"{'Strategy': 'Loyalty Rewards & Premium Offers', 'Channels': ['Email', 'Personal Calls'], 'Offers': ['Exclusive Discounts', 'Early Access'], 'Goal': 'Increase retention and lifetime value'}",Loyalty Rewards & Premium Offers,"Email, Personal Calls","Exclusive Discounts, Early Access",Increase retention and lifetime value
83528.0,7,4347,1650,23,3.0,Budget Buyers,"{'Strategy': 'Price-Based Promotions', 'Channels': ['SMS', 'Ads'], 'Offers': ['Coupons', 'Seasonal Discounts'], 'Goal': 'Increase purchase frequency'}",Price-Based Promotions,"SMS, Ads","Coupons, Seasonal Discounts",Increase purchase frequency
64176.0,52,4983,1826,33,1.0,New Customers,"{'Strategy': 'Welcome Campaign', 'Channels': ['Email', 'SMS'], 'Offers': ['First Purchase Discount'], 'Goal': 'Convert into repeat customers'}",Welcome Campaign,"Email, SMS",First Purchase Discount,Convert into repeat customers
22304.0,91,4982,18,4,2.0,At Risk Customers,"{'Strategy': 'Re-engagement Campaign', 'Channels': ['Email', 'Push Notifications'], 'Offers': ['Win-back Discounts'], 'Goal': 'Prevent churn'}",Re-engagement Campaign,"Email, Push Notifications",Win-back Discounts,Prevent churn
67023.0,93,4405,906,24,3.0,Budget Buyers,"{'Strategy': 'Price-Based Promotions', 'Channels': ['SMS', 'Ads'], 'Offers': ['Coupons', 'Seasonal Discounts'], 'Goal': 'Increase purchase frequency'}",Price-Based Promotions,"SMS, Ads","Coupons, Seasonal Discounts",Increase purchase frequency
32892.0,78,4323,46,8,1.0,New Customers,"{'Strategy': 'Welcome Campaign', 'Channels': ['Email', 'SMS'], 'Offers': ['First Purchase Discount'], 'Goal': 'Convert into repeat customers'}",Welcome Campaign,"Email, SMS",First Purchase Discount,Convert into repeat customers
70713.0,23,4861,1477,25,0.0,High Value Customers,"{'Strategy': 'Loyalty Rewards & Premium Offers', 'Channels': ['Email', 'Personal Calls'], 'Offers': ['Exclusive Discounts', 'Early Access'], 'Goal': 'Increase retention and lifetime value'}",Loyalty Rewards & Premium Offers,"Email, Personal Calls","Exclusive Discounts, Early Access",Increase retention and lifetime value
59925.0,83,4864,766,23,2.0,At Risk Customers,"{'Strategy': 'Re-engagement Campaign', 'Channels': ['Email', 'Push Notifications'], 'Offers': ['Win-back Discounts'], 'Goal': 'Prevent churn'}",Re-engagement Campaign,"Email, Push Notifications",Win-back Discounts,Prevent churn
39722.0,92,4413,47,7,2.0,At Risk Customers,"{'Strategy': 'Re-engagement Campaign', 'Channels': ['Email', 'Push Notifications'], 'Offers': ['Win-back Discounts'], 'Goal': 'Prevent churn'}",Re-engagement Campaign,"Email, Push Notifications",Win-back Discounts,Prevent churn
46610.0,4,4634,467,14,1.0,New Customers,"{'Strategy': 'Welcome Campaign', 'Channels': ['Email', 'SMS'], 'Offers': ['First Purchase Discount'], 'Goal': 'Convert into repeat customers'}",Welcome Campaign,"Email, SMS",First Purchase Discount,Convert into repeat customers
88347.0,32,4649,2116,21,1.0,New Customers,"{'Strategy': 'Welcome Campaign', 'Channels': ['Email', 'SMS'], 'Offers': ['First Purchase Discount'], 'Goal': 'Convert into repeat customers'}",Welcome Campaign,"Email, SMS",First Purchase Discount,Convert into repeat customers
87171.0,27,4712,1298,25,0.0,High Value Customers,"{'Strategy': 'Loyalty Rewards & Premium Offers', 'Channels': ['Email', 'Personal Calls'], 'Offers': ['Exclusive Discounts', 'Early Access'], 'Goal': 'Increase retention and lifetime value'}",Loyalty Rewards & Premium Offers,"Email, Personal Calls","Exclusive Discounts, Early Access",Increase retention and lifetime value
26907.0,10,4601,22,6,3.0,Budget Buyers,"{'Strategy': 'Price-Based Promotions', 'Channels': ['SMS', 'Ads'], 'Offers': ['Coupons', 'Seasonal Discounts'], 'Goal': 'Increase purchase frequency'}",Price-Based Promotions,"SMS, Ads","Coupons, Seasonal Discounts",Increase purchase frequency
50014.0,9,4446,396,15,0.0,High Value Customers,"{'Strategy': 'Loyalty Rewards & Premium Offers', 'Channels': ['Email', 'Personal Calls'], 'Offers': ['Exclusive Discounts', 'Early Access'], 'Goal': 'Increase retention and lifetime value'}",Loyalty Rewards & Premium Offers,"Email, Personal Calls","Exclusive Discounts, Early Access",Increase retention and lifetime value
41014.0,65,4721,20,4,2.0,At Risk Customers,"{'Strategy': 'Re-engagement Campaign', 'Channels': ['Email', 'Push Notifications'], 'Offers': ['Win-back Discounts'], 'Goal': 'Prevent churn'}",Re-engagement Campaign,"Email, Push Notifications",Win-back Discounts,Prevent churn
66294.0,68,4392,967,13,1.0,New Customers,"{'Strategy': 'Welcome Campaign', 'Channels': ['Email', 'SMS'], 'Offers': ['First Purchase Discount'], 'Goal': 'Convert into repeat customers'}",Welcome Campaign,"Email, SMS",First Purchase Discount,Convert into repeat customers
36715.0,16,4877,357,19,2.0,At Risk Customers,"{'Strategy': 'Re-engagement Campaign', 'Channels': ['Email', 'Push Notifications'], 'Offers': ['Win-back Discounts'], 'Goal': 'Prevent churn'}",Re-engagement Campaign,"Email, Push Notifications",Win-back Discounts,Prevent churn
79456.0,12,4964,1401,16,3.0,Budget Buyers,"{'Strategy': 'Price-Based Promotions', 'Channels': ['SMS', 'Ads'], 'Offers': ['Coupons', 'Seasonal Discounts'], 'Goal': 'Increase purchase frequency'}",Price-Based Promotions,"SMS, Ads","Coupons, Seasonal Discounts",Increase purchase frequency
40479.0,95,4604,15,4,1.0,New Customers,"{'Strategy': 'Welcome Campaign', 'Channels': ['Email', 'SMS'], 'Offers': ['First Purchase Discount'], 'Goal': 'Convert into repeat customers'}",Welcome Campaign,"Email, SMS",First Purchase Discount,Convert into repeat customers
75345.0,16,4800,2087,20,3.0,Budget Buyers,"{'Strategy': 'Price-Based Promotions', 'Channels': ['SMS', 'Ads'], 'Offers': ['Coupons', 'Seasonal Discounts'], 'Goal': 'Increase purchase frequency'}",Price-Based Promotions,"SMS, Ads","Coupons, Seasonal Discounts",Increase purchase frequency
54233.0,46,4798,981,26,1.0,New Customers,"{'Strategy': 'Welcome Campaign', 'Channels': ['Email', 'SMS'], 'Offers': ['First Purchase Discount'], 'Goal': 'Convert into repeat customers'}",Welcome Campaign,"Email, SMS",First Purchase Discount,Convert into repeat customers
24163.0,3,4548,17,6,2.0,At Risk Customers,"{'Strategy': 'Re-engagement Campaign', 'Channels': ['Email', 'Push Notifications'], 'Offers': ['Win-back Discounts'], 'Goal': 'Prevent churn'}",Re-engagement Campaign,"Email, Push Notifications",Win-back Discounts,Prevent churn
84460.0,80,4829,523,22,3.0,Budget Buyers,"{'Strategy': 'Price-Based Promotions', 'Channels': ['SMS', 'Ads'], 'Offers': ['Coupons', 'Seasonal Discounts'], 'Goal': 'Increase purchase frequency'}",Price-Based Promotions,"SMS, Ads","Coupons, Seasonal Discounts",Increase purchase frequency
43776.0,77,4345,23,4,1.0,New Customers,"{'Strategy': 'Welcome Campaign', 'Channels': ['Email', 'SMS'], 'Offers': ['First Purchase Discount'], 'Goal': 'Convert into repeat customers'}",Welcome Campaign,"Email, SMS",First Purchase Discount,Convert into repeat customers
71691.0,0,4392,1192,17,2.0,At Risk Customers,"{'Strategy': 'Re-engagement Campaign', 'Channels': ['Email', 'Push Notifications'], 'Offers': ['Win-back Discounts'], 'Goal': 'Prevent churn'}",Re-engagement Campaign,"Email, Push Notifications",Win-back Discounts,Prevent churn
85844.0,62,4319,1958,20,0.0,High Value Customers,"{'Strategy': 'Loyalty Rewards & Premium Offers', 'Channels': ['Email', 'Personal Calls'], 'Offers': ['Exclusive Discounts', 'Early Access'], 'Goal': 'Increase retention and lifetime value'}",Loyalty Rewards & Premium Offers,"Email, Personal Calls","Exclusive Discounts, Early Access",Increase retention and lifetime value
39190.0,91,4352,133,9,1.0,New Customers,"{'Strategy': 'Welcome Campaign', 'Channels': ['Email', 'SMS'], 'Offers': ['First Purchase Discount'], 'Goal': 'Convert into repeat customers'}",Welcome Campaign,"Email, SMS",First Purchase Discount,Convert into repeat customers
71367.0,24,4598,777,17,3.0,Budget Buyers,"{'Strategy': 'Price-Based Promotions', 'Channels': ['SMS', 'Ads'], 'Offers': ['Coupons', 'Seasonal Discounts'], 'Goal': 'Increase purchase frequency'}",Price-Based Promotions,"SMS, Ads","Coupons, Seasonal Discounts",Increase purchase frequency
38578.0,2,4660,73,9,2.0,At Risk Customers,"{'Strategy': 'Re-engagement Campaign', 'Channels': ['Email', 'Push Notifications'], 'Offers': ['Win-back Discounts'], 'Goal': 'Prevent churn'}",Re-engagement Campaign,"Email, Push Notifications",Win-back Discounts,Prevent churn
57236.0,22,4397,121,10,3.0,Budget Buyers,"{'Strategy': 'Price-Based Promotions', 'Channels': ['SMS', 'Ads'], 'Offers': ['Coupons', 'Seasonal Discounts'], 'Goal': 'Increase purchase frequency'}",Price-Based Promotions,"SMS, Ads","Coupons, Seasonal Discounts",Increase purchase frequency
61825.0,56,4614,424,15,0.0,High Value Customers,"{'Strategy': 'Loyalty Rewards & Premium Offers', 'Channels': ['Email', 'Personal Calls'], 'Offers': ['Exclusive Discounts', 'Early Access'], 'Goal': 'Increase retention and lifetime value'}",Loyalty Rewards & Premium Offers,"Email, Personal Calls","Exclusive Discounts, Early Access",Increase retention and lifetime value
79803.0,54,4315,868,13,3.0,Budget Buyers,"{'Strategy': 'Price-Based Promotions', 'Channels': ['SMS', 'Ads'], 'Offers': ['Coupons', 'Seasonal Discounts'], 'Goal': 'Increase purchase frequency'}",Price-Based Promotions,"SMS, Ads","Coupons, Seasonal Discounts",Increase purchase frequency
80910.0,71,4894,756,15,3.0,Budget Buyers,"{'Strategy': 'Price-Based Promotions', 'Channels': ['SMS', 'Ads'], 'Offers': ['Coupons', 'Seasonal Discounts'], 'Goal': 'Increase purchase frequency'}",Price-Based Promotions,"SMS, Ads","Coupons, Seasonal Discounts",Increase purchase frequency
27590.0,38,4720,12,4,0.0,High Value Customers,"{'Strategy': 'Loyalty Rewards & Premium Offers', 'Channels': ['Email', 'Personal Calls'], 'Offers': ['Exclusive Discounts', 'Early Access'], 'Goal': 'Increase retention and lifetime value'}",Loyalty Rewards & Premium Offers,"Email, Personal Calls","Exclusive Discounts, Early Access",Increase retention and lifetime value
56775.0,62,4831,937,25,3.0,Budget Buyers,"{'Strategy': 'Price-Based Promotions', 'Channels': ['SMS', 'Ads'], 'Offers': ['Coupons', 'Seasonal Discounts'], 'Goal': 'Increase purchase frequency'}",Price-Based Promotions,"SMS, Ads","Coupons, Seasonal Discounts",Increase purchase frequency
83829.0,78,4552,1862,17,1.0,New Customers,"{'Strategy': 'Welcome Campaign', 'Channels': ['Email', 'SMS'], 'Offers': ['First Purchase Discount'], 'Goal': 'Convert into repeat customers'}",Welcome Campaign,"Email, SMS",First Purchase Discount,Convert into repeat customers
54210.0,18,4693,367,14,1.0,New Customers,"{'Strategy': 'Welcome Campaign', 'Channels': ['Email', 'SMS'], 'Offers': ['First Purchase Discount'], 'Goal': 'Convert into repeat customers'}",Welcome Campaign,"Email, SMS",First Purchase Discount,Convert into repeat customers
38508.0,95,4619,443,20,3.0,Budget Buyers,"{'Strategy': 'Price-Based Promotions', 'Channels': ['SMS', 'Ads'], 'Offers': ['Coupons', 'Seasonal Discounts'], 'Goal': 'Increase purchase frequency'}",Price-Based Promotions,"SMS, Ads","Coupons, Seasonal Discounts",Increase purchase frequency
53187.0,66,4534,267,13,1.0,New Customers,"{'Strategy': 'Welcome Campaign', 'Channels': ['Email', 'SMS'], 'Offers': ['First Purchase Discount'], 'Goal': 'Convert into repeat customers'}",Welcome Campaign,"Email, SMS",First Purchase Discount,Convert into repeat customers
30023.0,28,4385,61,6,0.0,High Value Customers,"{'Strategy': 'Loyalty Rewards & Premium Offers', 'Channels': ['Email', 'Personal Calls'], 'Offers': ['Exclusive Discounts', 'Early Access'], 'Goal': 'Increase retention and lifetime value'}",Loyalty Rewards & Premium Offers,"Email, Personal Calls","Exclusive Discounts, Early Access",Increase retention and lifetime value
76045.0,78,4514,1323,21,2.0,At Risk Customers,"{'Strategy': 'Re-engagement Campaign', 'Channels': ['Email', 'Push Notifications'], 'Offers': ['Win-back Discounts'], 'Goal': 'Prevent churn'}",Re-engagement Campaign,"Email, Push Notifications",Win-back Discounts,Prevent churn
50870.0,13,4298,63,6,1.0,New Customers,"{'Strategy': 'Welcome Campaign', 'Channels': ['Email', 'SMS'], 'Offers': ['First Purchase Discount'], 'Goal': 'Convert into repeat customers'}",Welcome Campaign,"Email, SMS",First Purchase Discount,Convert into repeat customers
15315.0,27,4618,64,8,3.0,Budget Buyers,"{'Strategy': 'Price-Based Promotions', 'Channels': ['SMS', 'Ads'], 'Offers': ['Coupons', 'Seasonal Discounts'], 'Goal': 'Increase purchase frequency'}",Price-Based Promotions,"SMS, Ads","Coupons, Seasonal Discounts",Increase purchase frequency
65463.0,17,4438,562,19,2.0,At Risk Customers,"{'Strategy': 'Re-engagement Campaign', 'Channels': ['Email', 'Push Notifications'], 'Offers': ['Win-back Discounts'], 'Goal': 'Prevent churn'}",Re-engagement Campaign,"Email, Push Notifications",Win-back Discounts,Prevent churn
66480.0,71,4317,312,19,1.0,New Customers,"{'Strategy': 'Welcome Campaign', 'Channels': ['Email', 'SMS'], 'Offers': ['First Purchase Discount'], 'Goal': 'Convert into repeat customers'}",Welcome Campaign,"Email, SMS",First Purchase Discount,Convert into repeat customers
76773.0,79,4777,1156,16,2.0,At Risk Customers,"{'Strategy': 'Re-engagement Campaign', 'Channels': ['Email', 'Push Notifications'], 'Offers': ['Win-back Discounts'], 'Goal': 'Prevent churn'}",Re-engagement Campaign,"Email, Push Notifications",Win-back Discounts,Prevent churn
81698.0,1,4773,1104,16,1.0,New Customers,"{'Strategy': 'Welcome Campaign', 'Channels': ['Email', 'SMS'], 'Offers': ['First Purchase Discount'], 'Goal': 'Convert into repeat customers'}",Welcome Campaign,"Email, SMS",First Purchase Discount,Convert into repeat customers
54466.0,78,4428,16,4,3.0,Budget Buyers,"{'Strategy': 'Price-Based Promotions', 'Channels': ['SMS', 'Ads'], 'Offers': ['Coupons', 'Seasonal Discounts'], 'Goal': 'Increase purchase frequency'}",Price-Based Promotions,"SMS, Ads","Coupons, Seasonal Discounts",Increase purchase frequency
98777.0,23,4420,2008,19,1.0,New Customers,"{'Strategy': 'Welcome Campaign', 'Channels': ['Email', 'SMS'], 'Offers': ['First Purchase Discount'], 'Goal': 'Convert into repeat customers'}",Welcome Campaign,"Email, SMS",First Purchase Discount,Convert into repeat customers
16269.0,75,4591,44,9,1.0,New Customers,"{'Strategy': 'Welcome Campaign', 'Channels': ['Email', 'SMS'], 'Offers': ['First Purchase Discount'], 'Goal': 'Convert into repeat customers'}",Welcome Campaign,"Email, SMS",First Purchase Discount,Convert into repeat customers
71819.0,70,4593,1574,14,0.0,High Value Customers,"{'Strategy': 'Loyalty Rewards & Premium Offers', 'Channels': ['Email', 'Personal Calls'], 'Offers': ['Exclusive Discounts', 'Early Access'], 'Goal': 'Increase retention and lifetime value'}",Loyalty Rewards & Premium Offers,"Email, Personal Calls","Exclusive Discounts, Early Access",Increase retention and lifetime value
33569.0,10,4544,63,5,3.0,Budget Buyers,"{'Strategy': 'Price-Based Promotions', 'Channels': ['SMS', 'Ads'], 'Offers': ['Coupons', 'Seasonal Discounts'], 'Goal': 'Increase purchase frequency'}",Price-Based Promotions,"SMS, Ads","Coupons, Seasonal Discounts",Increase purchase frequency
36262.0,24,4570,426,12,2.0,At Risk Customers,"{'Strategy': 'Re-engagement Campaign', 'Channels': ['Email', 'Push Notifications'], 'Offers': ['Win-back Discounts'], 'Goal': 'Prevent churn'}",Re-engagement Campaign,"Email, Push Notifications",Win-back Discounts,Prevent churn
22634.0,47,4817,96,6,0.0,High Value Customers,"{'Strategy': 'Loyalty Rewards & Premium Offers', 'Channels': ['Email', 'Personal Calls'], 'Offers': ['Exclusive Discounts', 'Early Access'], 'Goal': 'Increase retention and lifetime value'}",Loyalty Rewards & Premium Offers,"Email, Personal Calls","Exclusive Discounts, Early Access",Increase retention and lifetime value
47025.0,98,4578,635,23,0.0,High Value Customers,"{'Strategy': 'Loyalty Rewards & Premium Offers', 'Channels': ['Email', 'Personal Calls'], 'Offers': ['Exclusive Discounts', 'Early Access'], 'Goal': 'Increase retention and lifetime value'}",Loyalty Rewards & Premium Offers,"Email, Personal Calls","Exclusive Discounts, Early Access",Increase retention and lifetime value
70566.0,4,4554,757,22,1.0,New Customers,"{'Strategy': 'Welcome Campaign', 'Channels': ['Email', 'SMS'], 'Offers': ['First Purchase Discount'], 'Goal': 'Convert into repeat customers'}",Welcome Campaign,"Email, SMS",First Purchase Discount,Convert into repeat customers
31605.0,15,4872,125,9,0.0,High Value Customers,"{'Strategy': 'Loyalty Rewards & Premium Offers', 'Channels': ['Email', 'Personal Calls'], 'Offers': ['Exclusive Discounts', 'Early Access'], 'Goal': 'Increase retention and lifetime value'}",Loyalty Rewards & Premium Offers,"Email, Personal Calls","Exclusive Discounts, Early Access",Increase retention and lifetime value
52034.0,67,4696,332,16,0.0,High Value Customers,"{'Strategy': 'Loyalty Rewards & Premium Offers', 'Channels': ['Email', 'Personal Calls'], 'Offers': ['Exclusive Discounts', 'Early Access'], 'Goal': 'Increase retention and lifetime value'}",Loyalty Rewards & Premium Offers,"Email, Personal Calls","Exclusive Discounts, Early Access",Increase retention and lifetime value
48526.0,32,4475,135,8,3.0,Budget Buyers,"{'Strategy': 'Price-Based Promotions', 'Channels': ['SMS', 'Ads'], 'Offers': ['Coupons', 'Seasonal Discounts'], 'Goal': 'Increase purchase frequency'}",Price-Based Promotions,"SMS, Ads","Coupons, Seasonal Discounts",Increase purchase frequency
46734.0,40,4876,330,14,1.0,New Customers,"{'Strategy': 'Welcome Campaign', 'Channels': ['Email', 'SMS'], 'Offers': ['First Purchase Discount'], 'Goal': 'Convert into repeat customers'}",Welcome Campaign,"Email, SMS",First Purchase Discount,Convert into repeat customers
39552.0,54,4846,384,20,0.0,High Value Customers,"{'Strategy': 'Loyalty Rewards & Premium Offers', 'Channels': ['Email', 'Personal Calls'], 'Offers': ['Exclusive Discounts', 'Early Access'], 'Goal': 'Increase retention and lifetime value'}",Loyalty Rewards & Premium Offers,"Email, Personal Calls","Exclusive Discounts, Early Access",Increase retention and lifetime value
86358.0,78,4978,1722,18,2.0,At Risk Customers,"{'Strategy': 'Re-engagement Campaign', 'Channels': ['Email', 'Push Notifications'], 'Offers': ['Win-back Discounts'], 'Goal': 'Prevent churn'}",Re-engagement Campaign,"Email, Push Notifications",Win-back Discounts,Prevent churn
46931.0,94,4354,78,7,3.0,Budget Buyers,"{'Strategy': 'Price-Based Promotions', 'Channels': ['SMS', 'Ads'], 'Offers': ['Coupons', 'Seasonal Discounts'], 'Goal': 'Increase purchase frequency'}",Price-Based Promotions,"SMS, Ads","Coupons, Seasonal Discounts",Increase purchase frequency
16581.0,51,4821,24,4,1.0,New Customers,"{'Strategy': 'Welcome Campaign', 'Channels': ['Email', 'SMS'], 'Offers': ['First Purchase Discount'], 'Goal': 'Convert into repeat customers'}",Welcome Campaign,"Email, SMS",First Purchase Discount,Convert into repeat customers
63998.0,42,4479,1168,25,1.0,New Customers,"{'Strategy': 'Welcome Campaign', 'Channels': ['Email', 'SMS'], 'Offers': ['First Purchase Discount'], 'Goal': 'Convert into repeat customers'}",Welcome Campaign,"Email, SMS",First Purchase Discount,Convert into repeat customers
67381.0,67,4818,957,17,3.0,Budget Buyers,"{'Strategy': 'Price-Based Promotions', 'Channels': ['SMS', 'Ads'], 'Offers': ['Coupons', 'Seasonal Discounts'], 'Goal': 'Increase purchase frequency'}",Price-Based Promotions,"SMS, Ads","Coupons, Seasonal Discounts",Increase purchase frequency
25930.0,87,4550,15,4,3.0,Budget Buyers,"{'Strategy': 'Price-Based Promotions', 'Channels': ['SMS', 'Ads'], 'Offers': ['Coupons', 'Seasonal Discounts'], 'Goal': 'Increase purchase frequency'}",Price-Based Promotions,"SMS, Ads","Coupons, Seasonal Discounts",Increase purchase frequency
42693.0,29,4310,57,5,1.0,New Customers,"{'Strategy': 'Welcome Campaign', 'Channels': ['Email', 'SMS'], 'Offers': ['First Purchase Discount'], 'Goal': 'Convert into repeat customers'}",Welcome Campaign,"Email, SMS",First Purchase Discount,Convert into repeat customers
85606.0,89,4882,1956,24,0.0,High Value Customers,"{'Strategy': 'Loyalty Rewards & Premium Offers', 'Channels': ['Email', 'Personal Calls'], 'Offers': ['Exclusive Discounts', 'Early Access'], 'Goal': 'Increase retention and lifetime value'}",Loyalty Rewards & Premium Offers,"Email, Personal Calls","Exclusive Discounts, Early Access",Increase retention and lifetime value
72903.0,74,4531,2013,21,3.0,Budget Buyers,"{'Strategy': 'Price-Based Promotions', 'Channels': ['SMS', 'Ads'], 'Offers': ['Coupons', 'Seasonal Discounts'], 'Goal': 'Increase purchase frequency'}",Price-Based Promotions,"SMS, Ads","Coupons, Seasonal Discounts",Increase purchase frequency
49669.0,97,4324,326,14,1.0,New Customers,"{'Strategy': 'Welcome Campaign', 'Channels': ['Email', 'SMS'], 'Offers': ['First Purchase Discount'], 'Goal': 'Convert into repeat customers'}",Welcome Campaign,"Email, SMS",First Purchase Discount,Convert into repeat customers
36778.0,63,4981,77,9,0.0,High Value Customers,"{'Strategy': 'Loyalty Rewards & Premium Offers', 'Channels': ['Email', 'Personal Calls'], 'Offers': ['Exclusive Discounts', 'Early Access'], 'Goal': 'Increase retention and lifetime value'}",Loyalty Rewards & Premium Offers,"Email, Personal Calls","Exclusive Discounts, Early Access",Increase retention and lifetime value
85696.0,88,4710,1313,20,3.0,Budget Buyers,"{'Strategy': 'Price-Based Promotions', 'Channels': ['SMS', 'Ads'], 'Offers': ['Coupons', 'Seasonal Discounts'], 'Goal': 'Increase purchase frequency'}",Price-Based Promotions,"SMS, Ads","Coupons, Seasonal Discounts",Increase purchase frequency
10979.0,34,4326,30,8,0.0,High Value Customers,"{'Strategy': 'Loyalty Rewards & Premium Offers', 'Channels': ['Email', 'Personal Calls'], 'Offers': ['Exclusive Discounts', 'Early Access'], 'Goal': 'Increase retention and lifetime value'}",Loyalty Rewards & Premium Offers,"Email, Personal Calls","Exclusive Discounts, Early Access",Increase retention and lifetime value
49678.0,81,4800,315,14,1.0,New Customers,"{'Strategy': 'Welcome Campaign', 'Channels': ['Email', 'SMS'], 'Offers': ['First Purchase Discount'], 'Goal': 'Convert into repeat customers'}",Welcome Campaign,"Email, SMS",First Purchase Discount,Convert into repeat customers
56129.0,65,4662,660,22,1.0,New Customers,"{'Strategy': 'Welcome Campaign', 'Channels': ['Email', 'SMS'], 'Offers': ['First Purchase Discount'], 'Goal': 'Convert into repeat customers'}",Welcome Campaign,"Email, SMS",First Purchase Discount,Convert into repeat customers
37155.0,51,4802,74,7,3.0,Budget Buyers,"{'Strategy': 'Price-Based Promotions', 'Channels': ['SMS', 'Ads'], 'Offers': ['Coupons', 'Seasonal Discounts'], 'Goal': 'Increase purchase frequency'}",Price-Based Promotions,"SMS, Ads","Coupons, Seasonal Discounts",Increase purchase frequency
21282.0,76,4337,46,7,1.0,New Customers,"{'Strategy': 'Welcome Campaign', 'Channels': ['Email', 'SMS'], 'Offers': ['First Purchase Discount'], 'Goal': 'Convert into repeat customers'}",Welcome Campaign,"Email, SMS",First Purchase Discount,Convert into repeat customers
33419.0,76,4604,86,8,1.0,New Customers,"{'Strategy': 'Welcome Campaign', 'Channels': ['Email', 'SMS'], 'Offers': ['First Purchase Discount'], 'Goal': 'Convert into repeat customers'}",Welcome Campaign,"Email, SMS",First Purchase Discount,Convert into repeat customers
63285.0,84,4524,1103,25,2.0,At Risk Customers,"{'Strategy': 'Re-engagement Campaign', 'Channels': ['Email', 'Push Notifications'], 'Offers': ['Win-back Discounts'], 'Goal': 'Prevent churn'}",Re-engagement Campaign,"Email, Push Notifications",Win-back Discounts,Prevent churn
21255.0,56,4447,61,11,3.0,Budget Buyers,"{'Strategy': 'Price-Based Promotions', 'Channels': ['SMS', 'Ads'], 'Offers': ['Coupons', 'Seasonal Discounts'], 'Goal': 'Increase purchase frequency'}",Price-Based Promotions,"SMS, Ads","Coupons, Seasonal Discounts",Increase purchase frequency
42162.0,31,4510,145,9,0.0,High Value Customers,"{'Strategy': 'Loyalty Rewards & Premium Offers', 'Channels': ['Email', 'Personal Calls'], 'Offers': ['Exclusive Discounts', 'Early Access'], 'Goal': 'Increase retention and lifetime value'}",Loyalty Rewards & Premium Offers,"Email, Personal Calls","Exclusive Discounts, Early Access",Increase retention and lifetime value
54450.0,0,4941,684,31,3.0,Budget Buyers,"{'Strategy': 'Price-Based Promotions', 'Channels': ['SMS', 'Ads'], 'Offers': ['Coupons', 'Seasonal Discounts'], 'Goal': 'Increase purchase frequency'}",Price-Based Promotions,"SMS, Ads","Coupons, Seasonal Discounts",Increase purchase frequency
57744.0,91,4517,411,16,3.0,Budget Buyers,"{'Strategy': 'Price-Based Promotions', 'Channels': ['SMS', 'Ads'], 'Offers': ['Coupons', 'Seasonal Discounts'], 'Goal': 'Increase purchase frequency'}",Price-Based Promotions,"SMS, Ads","Coupons, Seasonal Discounts",Increase purchase frequency
26576.0,40,4912,27,4,0.0,High Value Customers,"{'Strategy': 'Loyalty Rewards & Premium Offers', 'Channels': ['Email', 'Personal Calls'], 'Offers': ['Exclusive Discounts', 'Early Access'], 'Goal': 'Increase retention and lifetime value'}",Loyalty Rewards & Premium Offers,"Email, Personal Calls","Exclusive Discounts, Early Access",Increase retention and lifetime value
57513.0,59,4646,1060,27,2.0,At Risk Customers,"{'Strategy': 'Re-engagement Campaign', 'Channels': ['Email', 'Push Notifications'], 'Offers': ['Win-back Discounts'], 'Goal': 'Prevent churn'}",Re-engagement Campaign,"Email, Push Notifications",Win-back Discounts,Prevent churn
68142.0,96,4957,1459,24,1.0,New Customers,"{'Strategy': 'Welcome Campaign', 'Channels': ['Email', 'SMS'], 'Offers': ['First Purchase Discount'], 'Goal': 'Convert into repeat customers'}",Welcome Campaign,"Email, SMS",First Purchase Discount,Convert into repeat customers
7500.0,61,4957,18,4,1.0,New Customers,"{'Strategy': 'Welcome Campaign', 'Channels': ['Email', 'SMS'], 'Offers': ['First Purchase Discount'], 'Goal': 'Convert into repeat customers'}",Welcome Campaign,"Email, SMS",First Purchase Discount,Convert into repeat customers
83145.0,14,4933,1833,26,2.0,At Risk Customers,"{'Strategy': 'Re-engagement Campaign', 'Channels': ['Email', 'Push Notifications'], 'Offers': ['Win-back Discounts'], 'Goal': 'Prevent churn'}",Re-engagement Campaign,"Email, Push Notifications",Win-back Discounts,Prevent churn
54197.0,16,4375,237,12,3.0,Budget Buyers,"{'Strategy': 'Price-Based Promotions', 'Channels': ['SMS', 'Ads'], 'Offers': ['Coupons', 'Seasonal Discounts'], 'Goal': 'Increase purchase frequency'}",Price-Based Promotions,"SMS, Ads","Coupons, Seasonal Discounts",Increase purchase frequency
23091.0,98,4320,48,10,2.0,At Risk Customers,"{'Strategy': 'Re-engagement Campaign', 'Channels': ['Email', 'Push Notifications'], 'Offers': ['Win-back Discounts'], 'Goal': 'Prevent churn'}",Re-engagement Campaign,"Email, Push Notifications",Win-back Discounts,Prevent churn
46049.0,11,4631,515,26,3.0,Budget Buyers,"{'Strategy': 'Price-Based Promotions', 'Channels': ['SMS', 'Ads'], 'Offers': ['Coupons', 'Seasonal Discounts'], 'Goal': 'Increase purchase frequency'}",Price-Based Promotions,"SMS, Ads","Coupons, Seasonal Discounts",Increase purchase frequency
56715.0,52,4859,1020,15,1.0,New Customers,"{'Strategy': 'Welcome Campaign', 'Channels': ['Email', 'SMS'], 'Offers': ['First Purchase Discount'], 'Goal': 'Convert into repeat customers'}",Welcome Campaign,"Email, SMS",First Purchase Discount,Convert into repeat customers
79410.0,19,4319,1370,11,2.0,At Risk Customers,"{'Strategy': 'Re-engagement Campaign', 'Channels': ['Email', 'Push Notifications'], 'Offers': ['Win-back Discounts'], 'Goal': 'Prevent churn'}",Re-engagement Campaign,"Email, Push Notifications",Win-back Discounts,Prevent churn
57304.0,61,4763,1026,25,3.0,Budget Buyers,"{'Strategy': 'Price-Based Promotions', 'Channels': ['SMS', 'Ads'], 'Offers': ['Coupons', 'Seasonal Discounts'], 'Goal': 'Increase purchase frequency'}",Price-Based Promotions,"SMS, Ads","Coupons, Seasonal Discounts",Increase purchase frequency
44375.0,73,4386,301,12,3.0,Budget Buyers,"{'Strategy': 'Price-Based Promotions', 'Channels': ['SMS', 'Ads'], 'Offers': ['Coupons', 'Seasonal Discounts'], 'Goal': 'Increase purchase frequency'}",Price-Based Promotions,"SMS, Ads","Coupons, Seasonal Discounts",Increase purchase frequency
54450.0,0,4941,684,31,1.0,New Customers,"{'Strategy': 'Welcome Campaign', 'Channels': ['Email', 'SMS'], 'Offers': ['First Purchase Discount'], 'Goal': 'Convert into repeat customers'}",Welcome Campaign,"Email, SMS",First Purchase Discount,Convert into repeat customers
59594.0,74,4905,499,17,3.0,Budget Buyers,"{'Strategy': 'Price-Based Promotions', 'Channels': ['SMS', 'Ads'], 'Offers': ['Coupons', 'Seasonal Discounts'], 'Goal': 'Increase purchase frequency'}",Price-Based Promotions,"SMS, Ads","Coupons, Seasonal Discounts",Increase purchase frequency
80685.0,55,4964,1004,21,0.0,High Value Customers,"{'Strategy': 'Loyalty Rewards & Premium Offers', 'Channels': ['Email', 'Personal Calls'], 'Offers': ['Exclusive Discounts', 'Early Access'], 'Goal': 'Increase retention and lifetime value'}",Loyalty Rewards & Premium Offers,"Email, Personal Calls","Exclusive Discounts, Early Access",Increase retention and lifetime value
40344.0,48,4547,218,12,0.0,High Value Customers,"{'Strategy': 'Loyalty Rewards & Premium Offers', 'Channels': ['Email', 'Personal Calls'], 'Offers': ['Exclusive Discounts', 'Early Access'], 'Goal': 'Increase retention and lifetime value'}",Loyalty Rewards & Premium Offers,"Email, Personal Calls","Exclusive Discounts, Early Access",Increase retention and lifetime value
62710.0,53,4690,606,22,3.0,Budget Buyers,"{'Strategy': 'Price-Based Promotions', 'Channels': ['SMS', 'Ads'], 'Offers': ['Coupons', 'Seasonal Discounts'], 'Goal': 'Increase purchase frequency'}",Price-Based Promotions,"SMS, Ads","Coupons, Seasonal Discounts",Increase purchase frequency
48985.0,13,4647,75,6,3.0,Budget Buyers,"{'Strategy': 'Price-Based Promotions', 'Channels': ['SMS', 'Ads'], 'Offers': ['Coupons', 'Seasonal Discounts'], 'Goal': 'Increase purchase frequency'}",Price-Based Promotions,"SMS, Ads","Coupons, Seasonal Discounts",Increase purchase frequency
35322.0,34,4964,106,9,1.0,New Customers,"{'Strategy': 'Welcome Campaign', 'Channels': ['Email', 'SMS'], 'Offers': ['First Purchase Discount'], 'Goal': 'Convert into repeat customers'}",Welcome Campaign,"Email, SMS",First Purchase Discount,Convert into repeat customers
77142.0,54,4684,990,17,1.0,New Customers,"{'Strategy': 'Welcome Campaign', 'Channels': ['Email', 'SMS'], 'Offers': ['First Purchase Discount'], 'Goal': 'Convert into repeat customers'}",Welcome Campaign,"Email, SMS",First Purchase Discount,Convert into repeat customers
81657.0,69,4446,1097,16,2.0,At Risk Customers,"{'Strategy': 'Re-engagement Campaign', 'Channels': ['Email', 'Push Notifications'], 'Offers': ['Win-back Discounts'], 'Goal': 'Prevent churn'}",Re-engagement Campaign,"Email, Push Notifications",Win-back Discounts,Prevent churn
14421.0,81,4420,16,4,3.0,Budget Buyers,"{'Strategy': 'Price-Based Promotions', 'Channels': ['SMS', 'Ads'], 'Offers': ['Coupons', 'Seasonal Discounts'], 'Goal': 'Increase purchase frequency'}",Price-Based Promotions,"SMS, Ads","Coupons, Seasonal Discounts",Increase purchase frequency
20130.0,99,4392,34,5,0.0,High Value Customers,"{'Strategy': 'Loyalty Rewards & Premium Offers', 'Channels': ['Email', 'Personal Calls'], 'Offers': ['Exclusive Discounts', 'Early Access'], 'Goal': 'Increase retention and lifetime value'}",Loyalty Rewards & Premium Offers,"Email, Personal Calls","Exclusive Discounts, Early Access",Increase retention and lifetime value
74214.0,3,4960,1711,16,1.0,New Customers,"{'Strategy': 'Welcome Campaign', 'Channels': ['Email', 'SMS'], 'Offers': ['First Purchase Discount'], 'Goal': 'Convert into repeat customers'}",Welcome Campaign,"Email, SMS",First Purchase Discount,Convert into repeat customers
66726.0,61,4456,438,17,0.0,High Value Customers,"{'Strategy': 'Loyalty Rewards & Premium Offers', 'Channels': ['Email', 'Personal Calls'], 'Offers': ['Exclusive Discounts', 'Early Access'], 'Goal': 'Increase retention and lifetime value'}",Loyalty Rewards & Premium Offers,"Email, Personal Calls","Exclusive Discounts, Early Access",Increase retention and lifetime value
23724.0,65,4825,75,7,2.0,At Risk Customers,"{'Strategy': 'Re-engagement Campaign', 'Channels': ['Email', 'Push Notifications'], 'Offers': ['Win-back Discounts'], 'Goal': 'Prevent churn'}",Re-engagement Campaign,"Email, Push Notifications",Win-back Discounts,Prevent churn
47353.0,93,4516,225,13,0.0,High Value Customers,"{'Strategy': 'Loyalty Rewards & Premium Offers', 'Channels': ['Email', 'Personal Calls'], 'Offers': ['Exclusive Discounts', 'Early Access'], 'Goal': 'Increase retention and lifetime value'}",Loyalty Rewards & Premium Offers,"Email, Personal Calls","Exclusive Discounts, Early Access",Increase retention and lifetime value
33444.0,24,4891,18,4,2.0,At Risk Customers,"{'Strategy': 'Re-engagement Campaign', 'Channels': ['Email', 'Push Notifications'], 'Offers': ['Win-back Discounts'], 'Goal': 'Prevent churn'}",Re-engagement Campaign,"Email, Push Notifications",Win-back Discounts,Prevent churn
54386.0,8,4696,470,17,0.0,High Value Customers,"{'Strategy': 'Loyalty Rewards & Premium Offers', 'Channels': ['Email', 'Personal Calls'], 'Offers': ['Exclusive Discounts', 'Early Access'], 'Goal': 'Increase retention and lifetime value'}",Loyalty Rewards & Premium Offers,"Email, Personal Calls","Exclusive Discounts, Early Access",Increase retention and lifetime value
28510.0,72,4730,91,9,0.0,High Value Customers,"{'Strategy': 'Loyalty Rewards & Premium Offers', 'Channels': ['Email', 'Personal Calls'], 'Offers': ['Exclusive Discounts', 'Early Access'], 'Goal': 'Increase retention and lifetime value'}",Loyalty Rewards & Premium Offers,"Email, Personal Calls","Exclusive Discounts, Early Access",Increase retention and lifetime value
90638.0,29,4424,2525,18,3.0,Budget Buyers,"{'Strategy': 'Price-Based Promotions', 'Channels': ['SMS', 'Ads'], 'Offers': ['Coupons', 'Seasonal Discounts'], 'Goal': 'Increase purchase frequency'}",Price-Based Promotions,"SMS, Ads","Coupons, Seasonal Discounts",Increase purchase frequency
48070.0,33,4820,504,19,0.0,High Value Customers,"{'Strategy': 'Loyalty Rewards & Premium Offers', 'Channels': ['Email', 'Personal Calls'], 'Offers': ['Exclusive Discounts', 'Early Access'], 'Goal': 'Increase retention and lifetime value'}",Loyalty Rewards & Premium Offers,"Email, Personal Calls","Exclusive Discounts, Early Access",Increase retention and lifetime value
43140.0,68,4828,235,11,1.0,New Customers,"{'Strategy': 'Welcome Campaign', 'Channels': ['Email', 'SMS'], 'Offers': ['First Purchase Discount'], 'Goal': 'Convert into repeat customers'}",Welcome Campaign,"Email, SMS",First Purchase Discount,Convert into repeat customers
54959.0,55,4814,1232,21,1.0,New Customers,"{'Strategy': 'Welcome Campaign', 'Channels': ['Email', 'SMS'], 'Offers': ['First Purchase Discount'], 'Goal': 'Convert into repeat customers'}",Welcome Campaign,"Email, SMS",First Purchase Discount,Convert into repeat customers
15056.0,76,4710,88,12,1.0,New Customers,"{'Strategy': 'Welcome Campaign', 'Channels': ['Email', 'SMS'], 'Offers': ['First Purchase Discount'], 'Goal': 'Convert into repeat customers'}",Welcome Campaign,"Email, SMS",First Purchase Discount,Convert into repeat customers
26954.0,17,4340,17,4,2.0,At Risk Customers,"{'Strategy': 'Re-engagement Campaign', 'Channels': ['Email', 'Push Notifications'], 'Offers': ['Win-back Discounts'], 'Goal': 'Prevent churn'}",Re-engagement Campaign,"Email, Push Notifications",Win-back Discounts,Prevent churn
22327.0,94,4619,24,5,0.0,High Value Customers,"{'Strategy': 'Loyalty Rewards & Premium Offers', 'Channels': ['Email', 'Personal Calls'], 'Offers': ['Exclusive Discounts', 'Early Access'], 'Goal': 'Increase retention and lifetime value'}",Loyalty Rewards & Premium Offers,"Email, Personal Calls","Exclusive Discounts, Early Access",Increase retention and lifetime value
44393.0,86,4599,60,7,1.0,New Customers,"{'Strategy': 'Welcome Campaign', 'Channels': ['Email', 'SMS'], 'Offers': ['First Purchase Discount'], 'Goal': 'Convert into repeat customers'}",Welcome Campaign,"Email, SMS",First Purchase Discount,Convert into repeat customers
62000.0,25,4596,1020,26,2.0,At Risk Customers,"{'Strategy': 'Re-engagement Campaign', 'Channels': ['Email', 'Push Notifications'], 'Offers': ['Win-back Discounts'], 'Goal': 'Prevent churn'}",Re-engagement Campaign,"Email, Push Notifications",Win-back Discounts,Prevent churn
31497.0,22,4858,155,10,3.0,Budget Buyers,"{'Strategy': 'Price-Based Promotions', 'Channels': ['SMS', 'Ads'], 'Offers': ['Coupons', 'Seasonal Discounts'], 'Goal': 'Increase purchase frequency'}",Price-Based Promotions,"SMS, Ads","Coupons, Seasonal Discounts",Increase purchase frequency
45894.0,15,4410,51,5,1.0,New Customers,"{'Strategy': 'Welcome Campaign', 'Channels': ['Email', 'SMS'], 'Offers': ['First Purchase Discount'], 'Goal': 'Convert into repeat customers'}",Welcome Campaign,"Email, SMS",First Purchase Discount,Convert into repeat customers
78579.0,35,4842,1812,16,1.0,New Customers,"{'Strategy': 'Welcome Campaign', 'Channels': ['Email', 'SMS'], 'Offers': ['First Purchase Discount'], 'Goal': 'Convert into repeat customers'}",Welcome Campaign,"Email, SMS",First Purchase Discount,Convert into repeat customers
67369.0,81,4877,1461,25,0.0,High Value Customers,"{'Strategy': 'Loyalty Rewards & Premium Offers', 'Channels': ['Email', 'Personal Calls'], 'Offers': ['Exclusive Discounts', 'Early Access'], 'Goal': 'Increase retention and lifetime value'}",Loyalty Rewards & Premium Offers,"Email, Personal Calls","Exclusive Discounts, Early Access",Increase retention and lifetime value
58401.0,55,4358,96,6,3.0,Budget Buyers,"{'Strategy': 'Price-Based Promotions', 'Channels': ['SMS', 'Ads'], 'Offers': ['Coupons', 'Seasonal Discounts'], 'Goal': 'Increase purchase frequency'}",Price-Based Promotions,"SMS, Ads","Coupons, Seasonal Discounts",Increase purchase frequency
62307.0,94,4420,160,9,1.0,New Customers,"{'Strategy': 'Welcome Campaign', 'Channels': ['Email', 'SMS'], 'Offers': ['First Purchase Discount'], 'Goal': 'Convert into repeat customers'}",Welcome Campaign,"Email, SMS",First Purchase Discount,Convert into repeat customers
43641.0,50,4721,139,10,2.0,At Risk Customers,"{'Strategy': 'Re-engagement Campaign', 'Channels': ['Email', 'Push Notifications'], 'Offers': ['Win-back Discounts'], 'Goal': 'Prevent churn'}",Re-engagement Campaign,"Email, Push Notifications",Win-back Discounts,Prevent churn
63841.0,64,4722,908,22,3.0,Budget Buyers,"{'Strategy': 'Price-Based Promotions', 'Channels': ['SMS', 'Ads'], 'Offers': ['Coupons', 'Seasonal Discounts'], 'Goal': 'Increase purchase frequency'}",Price-Based Promotions,"SMS, Ads","Coupons, Seasonal Discounts",Increase purchase frequency
46891.0,91,4589,183,8,2.0,At Risk Customers,"{'Strategy': 'Re-engagement Campaign', 'Channels': ['Email', 'Push Notifications'], 'Offers': ['Win-back Discounts'], 'Goal': 'Prevent churn'}",Re-engagement Campaign,"Email, Push Notifications",Win-back Discounts,Prevent churn
70091.0,11,4743,1161,19,1.0,New Customers,"{'Strategy': 'Welcome Campaign', 'Channels': ['Email', 'SMS'], 'Offers': ['First Purchase Discount'], 'Goal': 'Convert into repeat customers'}",Welcome Campaign,"Email, SMS",First Purchase Discount,Convert into repeat customers
78075.0,72,4373,988,14,3.0,Budget Buyers,"{'Strategy': 'Price-Based Promotions', 'Channels': ['SMS', 'Ads'], 'Offers': ['Coupons', 'Seasonal Discounts'], 'Goal': 'Increase purchase frequency'}",Price-Based Promotions,"SMS, Ads","Coupons, Seasonal Discounts",Increase purchase frequency
59184.0,6,4946,1072,27,1.0,New Customers,"{'Strategy': 'Welcome Campaign', 'Channels': ['Email', 'SMS'], 'Offers': ['First Purchase Discount'], 'Goal': 'Convert into repeat customers'}",Welcome Campaign,"Email, SMS",First Purchase Discount,Convert into repeat customers
54809.0,0,4579,174,12,0.0,High Value Customers,"{'Strategy': 'Loyalty Rewards & Premium Offers', 'Channels': ['Email', 'Personal Calls'], 'Offers': ['Exclusive Discounts', 'Early Access'], 'Goal': 'Increase retention and lifetime value'}",Loyalty Rewards & Premium Offers,"Email, Personal Calls","Exclusive Discounts, Early Access",Increase retention and lifetime value
58113.0,66,4808,758,22,3.0,Budget Buyers,"{'Strategy': 'Price-Based Promotions', 'Channels': ['SMS', 'Ads'], 'Offers': ['Coupons', 'Seasonal Discounts'], 'Goal': 'Increase purchase frequency'}",Price-Based Promotions,"SMS, Ads","Coupons, Seasonal Discounts",Increase purchase frequency
51412.0,42,4468,195,11,3.0,Budget Buyers,"{'Strategy': 'Price-Based Promotions', 'Channels': ['SMS', 'Ads'], 'Offers': ['Coupons', 'Seasonal Discounts'], 'Goal': 'Increase purchase frequency'}",Price-Based Promotions,"SMS, Ads","Coupons, Seasonal Discounts",Increase purchase frequency
15287.0,60,4915,31,6,3.0,Budget Buyers,"{'Strategy': 'Price-Based Promotions', 'Channels': ['SMS', 'Ads'], 'Offers': ['Coupons', 'Seasonal Discounts'], 'Goal': 'Increase purchase frequency'}",Price-Based Promotions,"SMS, Ads","Coupons, Seasonal Discounts",Increase purchase frequency
66636.0,64,4604,1084,17,1.0,New Customers,"{'Strategy': 'Welcome Campaign', 'Channels': ['Email', 'SMS'], 'Offers': ['First Purchase Discount'], 'Goal': 'Convert into repeat customers'}",Welcome Campaign,"Email, SMS",First Purchase Discount,Convert into repeat customers
50965.0,87,4782,685,22,1.0,New Customers,"{'Strategy': 'Welcome Campaign', 'Channels': ['Email', 'SMS'], 'Offers': ['First Purchase Discount'], 'Goal': 'Convert into repeat customers'}",Welcome Campaign,"Email, SMS",First Purchase Discount,Convert into repeat customers
84618.0,96,4507,1672,26,0.0,High Value Customers,"{'Strategy': 'Loyalty Rewards & Premium Offers', 'Channels': ['Email', 'Personal Calls'], 'Offers': ['Exclusive Discounts', 'Early Access'], 'Goal': 'Increase retention and lifetime value'}",Loyalty Rewards & Premium Offers,"Email, Personal Calls","Exclusive Discounts, Early Access",Increase retention and lifetime value
18351.0,1,4531,43,6,1.0,New Customers,"{'Strategy': 'Welcome Campaign', 'Channels': ['Email', 'SMS'], 'Offers': ['First Purchase Discount'], 'Goal': 'Convert into repeat customers'}",Welcome Campaign,"Email, SMS",First Purchase Discount,Convert into repeat customers
40451.0,54,4421,49,5,3.0,Budget Buyers,"{'Strategy': 'Price-Based Promotions', 'Channels': ['SMS', 'Ads'], 'Offers': ['Coupons', 'Seasonal Discounts'], 'Goal': 'Increase purchase frequency'}",Price-Based Promotions,"SMS, Ads","Coupons, Seasonal Discounts",Increase purchase frequency
36317.0,53,4691,133,9,2.0,At Risk Customers,"{'Strategy': 'Re-engagement Campaign', 'Channels': ['Email', 'Push Notifications'], 'Offers': ['Win-back Discounts'], 'Goal': 'Prevent churn'}",Re-engagement Campaign,"Email, Push Notifications",Win-back Discounts,Prevent churn
42213.0,96,4548,363,15,3.0,Budget Buyers,"{'Strategy': 'Price-Based Promotions', 'Channels': ['SMS', 'Ads'], 'Offers': ['Coupons', 'Seasonal Discounts'], 'Goal': 'Increase purchase frequency'}",Price-Based Promotions,"SMS, Ads","Coupons, Seasonal Discounts",Increase purchase frequency
65748.0,58,4728,545,18,0.0,High Value Customers,"{'Strategy': 'Loyalty Rewards & Premium Offers', 'Channels': ['Email', 'Personal Calls'], 'Offers': ['Exclusive Discounts', 'Early Access'], 'Goal': 'Increase retention and lifetime value'}",Loyalty Rewards & Premium Offers,"Email, Personal Calls","Exclusive Discounts, Early Access",Increase retention and lifetime value
77044.0,12,4533,1065,31,0.0,High Value Customers,"{'Strategy': 'Loyalty Rewards & Premium Offers', 'Channels': ['Email', 'Personal Calls'], 'Offers': ['Exclusive Discounts', 'Early Access'], 'Goal': 'Increase retention and lifetime value'}",Loyalty Rewards & Premium Offers,"Email, Personal Calls","Exclusive Discounts, Early Access",Increase retention and lifetime value
74918.0,78,4762,2047,21,2.0,At Risk Customers,"{'Strategy': 'Re-engagement Campaign', 'Channels': ['Email', 'Push Notifications'], 'Offers': ['Win-back Discounts'], 'Goal': 'Prevent churn'}",Re-engagement Campaign,"Email, Push Notifications",Win-back Discounts,Prevent churn
56721.0,64,4894,296,15,0.0,High Value Customers,"{'Strategy': 'Loyalty Rewards & Premium Offers', 'Channels': ['Email', 'Personal Calls'], 'Offers': ['Exclusive Discounts', 'Early Access'], 'Goal': 'Increase retention and lifetime value'}",Loyalty Rewards & Premium Offers,"Email, Personal Calls","Exclusive Discounts, Early Access",Increase retention and lifetime value
42160.0,26,4654,140,11,3.0,Budget Buyers,"{'Strategy': 'Price-Based Promotions', 'Channels': ['SMS', 'Ads'], 'Offers': ['Coupons', 'Seasonal Discounts'], 'Goal': 'Increase purchase frequency'}",Price-Based Promotions,"SMS, Ads","Coupons, Seasonal Discounts",Increase purchase frequency
61559.0,8,4635,530,17,0.0,High Value Customers,"{'Strategy': 'Loyalty Rewards & Premium Offers', 'Channels': ['Email', 'Personal Calls'], 'Offers': ['Exclusive Discounts', 'Early Access'], 'Goal': 'Increase retention and lifetime value'}",Loyalty Rewards & Premium Offers,"Email, Personal Calls","Exclusive Discounts, Early Access",Increase retention and lifetime value
33629.0,49,4978,152,13,0.0,High Value Customers,"{'Strategy': 'Loyalty Rewards & Premium Offers', 'Channels': ['Email', 'Personal Calls'], 'Offers': ['Exclusive Discounts', 'Early Access'], 'Goal': 'Increase retention and lifetime value'}",Loyalty Rewards & Premium Offers,"Email, Personal Calls","Exclusive Discounts, Early Access",Increase retention and lifetime value
68682.0,56,4554,1598,24,1.0,New Customers,"{'Strategy': 'Welcome Campaign', 'Channels': ['Email', 'SMS'], 'Offers': ['First Purchase Discount'], 'Goal': 'Convert into repeat customers'}",Welcome Campaign,"Email, SMS",First Purchase Discount,Convert into repeat customers
34377.0,55,4814,114,8,3.0,Budget Buyers,"{'Strategy': 'Price-Based Promotions', 'Channels': ['SMS', 'Ads'], 'Offers': ['Coupons', 'Seasonal Discounts'], 'Goal': 'Increase purchase frequency'}",Price-Based Promotions,"SMS, Ads","Coupons, Seasonal Discounts",Increase purchase frequency
8940.0,25,4964,101,10,1.0,New Customers,"{'Strategy': 'Welcome Campaign', 'Channels': ['Email', 'SMS'], 'Offers': ['First Purchase Discount'], 'Goal': 'Convert into repeat customers'}",Welcome Campaign,"Email, SMS",First Purchase Discount,Convert into repeat customers
26228.0,50,4568,25,4,1.0,New Customers,"{'Strategy': 'Welcome Campaign', 'Channels': ['Email', 'SMS'], 'Offers': ['First Purchase Discount'], 'Goal': 'Convert into repeat customers'}",Welcome Campaign,"Email, SMS",First Purchase Discount,Convert into repeat customers
77297.0,84,4807,789,22,3.0,Budget Buyers,"{'Strategy': 'Price-Based Promotions', 'Channels': ['SMS', 'Ads'], 'Offers': ['Coupons', 'Seasonal Discounts'], 'Goal': 'Increase purchase frequency'}",Price-Based Promotions,"SMS, Ads","Coupons, Seasonal Discounts",Increase purchase frequency
40211.0,30,4622,87,7,3.0,Budget Buyers,"{'Strategy': 'Price-Based Promotions', 'Channels': ['SMS', 'Ads'], 'Offers': ['Coupons', 'Seasonal Discounts'], 'Goal': 'Increase purchase frequency'}",Price-Based Promotions,"SMS, Ads","Coupons, Seasonal Discounts",Increase purchase frequency
33438.0,81,4568,90,11,0.0,High Value Customers,"{'Strategy': 'Loyalty Rewards & Premium Offers', 'Channels': ['Email', 'Personal Calls'], 'Offers': ['Exclusive Discounts', 'Early Access'], 'Goal': 'Increase retention and lifetime value'}",Loyalty Rewards & Premium Offers,"Email, Personal Calls","Exclusive Discounts, Early Access",Increase retention and lifetime value
75032.0,74,4715,1215,20,3.0,Budget Buyers,"{'Strategy': 'Price-Based Promotions', 'Channels': ['SMS', 'Ads'], 'Offers': ['Coupons', 'Seasonal Discounts'], 'Goal': 'Increase purchase frequency'}",Price-Based Promotions,"SMS, Ads","Coupons, Seasonal Discounts",Increase purchase frequency
61284.0,76,4548,811,22,1.0,New Customers,"{'Strategy': 'Welcome Campaign', 'Channels': ['Email', 'SMS'], 'Offers': ['First Purchase Discount'], 'Goal': 'Convert into repeat customers'}",Welcome Campaign,"Email, SMS",First Purchase Discount,Convert into repeat customers
22518.0,36,4903,61,7,0.0,High Value Customers,"{'Strategy': 'Loyalty Rewards & Premium Offers', 'Channels': ['Email', 'Personal Calls'], 'Offers': ['Exclusive Discounts', 'Early Access'], 'Goal': 'Increase retention and lifetime value'}",Loyalty Rewards & Premium Offers,"Email, Personal Calls","Exclusive Discounts, Early Access",Increase retention and lifetime value
54730.0,64,4606,405,18,1.0,New Customers,"{'Strategy': 'Welcome Campaign', 'Channels': ['Email', 'SMS'], 'Offers': ['First Purchase Discount'], 'Goal': 'Convert into repeat customers'}",Welcome Campaign,"Email, SMS",First Purchase Discount,Convert into repeat customers
38452.0,62,4379,72,9,1.0,New Customers,"{'Strategy': 'Welcome Campaign', 'Channels': ['Email', 'SMS'], 'Offers': ['First Purchase Discount'], 'Goal': 'Convert into repeat customers'}",Welcome Campaign,"Email, SMS",First Purchase Discount,Convert into repeat customers
44421.0,53,4787,189,14,0.0,High Value Customers,"{'Strategy': 'Loyalty Rewards & Premium Offers', 'Channels': ['Email', 'Personal Calls'], 'Offers': ['Exclusive Discounts', 'Early Access'], 'Goal': 'Increase retention and lifetime value'}",Loyalty Rewards & Premium Offers,"Email, Personal Calls","Exclusive Discounts, Early Access",Increase retention and lifetime value
38197.0,86,4653,40,5,1.0,New Customers,"{'Strategy': 'Welcome Campaign', 'Channels': ['Email', 'SMS'], 'Offers': ['First Purchase Discount'], 'Goal': 'Convert into repeat customers'}",Welcome Campaign,"Email, SMS",First Purchase Discount,Convert into repeat customers
41986.0,15,4428,63,10,2.0,At Risk Customers,"{'Strategy': 'Re-engagement Campaign', 'Channels': ['Email', 'Push Notifications'], 'Offers': ['Win-back Discounts'], 'Goal': 'Prevent churn'}",Re-engagement Campaign,"Email, Push Notifications",Win-back Discounts,Prevent churn
28427.0,67,4753,52,7,1.0,New Customers,"{'Strategy': 'Welcome Campaign', 'Channels': ['Email', 'SMS'], 'Offers': ['First Purchase Discount'], 'Goal': 'Convert into repeat customers'}",Welcome Campaign,"Email, SMS",First Purchase Discount,Convert into repeat customers
37395.0,47,4346,39,5,3.0,Budget Buyers,"{'Strategy': 'Price-Based Promotions', 'Channels': ['SMS', 'Ads'], 'Offers': ['Coupons', 'Seasonal Discounts'], 'Goal': 'Increase purchase frequency'}",Price-Based Promotions,"SMS, Ads","Coupons, Seasonal Discounts",Increase purchase frequency
64722.0,47,4322,805,25,1.0,New Customers,"{'Strategy': 'Welcome Campaign', 'Channels': ['Email', 'SMS'], 'Offers': ['First Purchase Discount'], 'Goal': 'Convert into repeat customers'}",Welcome Campaign,"Email, SMS",First Purchase Discount,Convert into repeat customers
55249.0,81,4361,130,8,1.0,New Customers,"{'Strategy': 'Welcome Campaign', 'Channels': ['Email', 'SMS'], 'Offers': ['First Purchase Discount'], 'Goal': 'Convert into repeat customers'}",Welcome Campaign,"Email, SMS",First Purchase Discount,Convert into repeat customers
84906.0,98,4556,1631,24,1.0,New Customers,"{'Strategy': 'Welcome Campaign', 'Channels': ['Email', 'SMS'], 'Offers': ['First Purchase Discount'], 'Goal': 'Convert into repeat customers'}",Welcome Campaign,"Email, SMS",First Purchase Discount,Convert into repeat customers
28691.0,56,4648,34,5,1.0,New Customers,"{'Strategy': 'Welcome Campaign', 'Channels': ['Email', 'SMS'], 'Offers': ['First Purchase Discount'], 'Goal': 'Convert into repeat customers'}",Welcome Campaign,"Email, SMS",First Purchase Discount,Convert into repeat customers
44213.0,48,4500,152,12,3.0,Budget Buyers,"{'Strategy': 'Price-Based Promotions', 'Channels': ['SMS', 'Ads'], 'Offers': ['Coupons', 'Seasonal Discounts'], 'Goal': 'Increase purchase frequency'}",Price-Based Promotions,"SMS, Ads","Coupons, Seasonal Discounts",Increase purchase frequency
25707.0,18,4450,21,5,1.0,New Customers,"{'Strategy': 'Welcome Campaign', 'Channels': ['Email', 'SMS'], 'Offers': ['First Purchase Discount'], 'Goal': 'Convert into repeat customers'}",Welcome Campaign,"Email, SMS",First Purchase Discount,Convert into repeat customers
59062.0,74,4557,71,7,0.0,High Value Customers,"{'Strategy': 'Loyalty Rewards & Premium Offers', 'Channels': ['Email', 'Personal Calls'], 'Offers': ['Exclusive Discounts', 'Early Access'], 'Goal': 'Increase retention and lifetime value'}",Loyalty Rewards & Premium Offers,"Email, Personal Calls","Exclusive Discounts, Early Access",Increase retention and lifetime value
76624.0,68,4324,899,23,1.0,New Customers,"{'Strategy': 'Welcome Campaign', 'Channels': ['Email', 'SMS'], 'Offers': ['First Purchase Discount'], 'Goal': 'Convert into repeat customers'}",Welcome Campaign,"Email, SMS",First Purchase Discount,Convert into repeat customers
66000.0,36,4358,711,10,0.0,High Value Customers,"{'Strategy': 'Loyalty Rewards & Premium Offers', 'Channels': ['Email', 'Personal Calls'], 'Offers': ['Exclusive Discounts', 'Early Access'], 'Goal': 'Increase retention and lifetime value'}",Loyalty Rewards & Premium Offers,"Email, Personal Calls","Exclusive Discounts, Early Access",Increase retention and lifetime value
27683.0,90,4982,351,16,0.0,High Value Customers,"{'Strategy': 'Loyalty Rewards & Premium Offers', 'Channels': ['Email', 'Personal Calls'], 'Offers': ['Exclusive Discounts', 'Early Access'], 'Goal': 'Increase retention and lifetime value'}",Loyalty Rewards & Premium Offers,"Email, Personal Calls","Exclusive Discounts, Early Access",Increase retention and lifetime value
1730.0,65,4330,8,15,1.0,New Customers,"{'Strategy': 'Welcome Campaign', 'Channels': ['Email', 'SMS'], 'Offers': ['First Purchase Discount'], 'Goal': 'Convert into repeat customers'}",Welcome Campaign,"Email, SMS",First Purchase Discount,Convert into repeat customers
7500.0,63,4861,119,11,2.0,At Risk Customers,"{'Strategy': 'Re-engagement Campaign', 'Channels': ['Email', 'Push Notifications'], 'Offers': ['Win-back Discounts'], 'Goal': 'Prevent churn'}",Re-engagement Campaign,"Email, Push Notifications",Win-back Discounts,Prevent churn
40521.0,82,4738,21,4,3.0,Budget Buyers,"{'Strategy': 'Price-Based Promotions', 'Channels': ['SMS', 'Ads'], 'Offers': ['Coupons', 'Seasonal Discounts'], 'Goal': 'Increase purchase frequency'}",Price-Based Promotions,"SMS, Ads","Coupons, Seasonal Discounts",Increase purchase frequency
20427.0,63,4385,10,4,3.0,Budget Buyers,"{'Strategy': 'Price-Based Promotions', 'Channels': ['SMS', 'Ads'], 'Offers': ['Coupons', 'Seasonal Discounts'], 'Goal': 'Increase purchase frequency'}",Price-Based Promotions,"SMS, Ads","Coupons, Seasonal Discounts",Increase purchase frequency
65106.0,55,4324,973,27,3.0,Budget Buyers,"{'Strategy': 'Price-Based Promotions', 'Channels': ['SMS', 'Ads'], 'Offers': ['Coupons', 'Seasonal Discounts'], 'Goal': 'Increase purchase frequency'}",Price-Based Promotions,"SMS, Ads","Coupons, Seasonal Discounts",Increase purchase frequency
69969.0,64,4594,1536,13,3.0,Budget Buyers,"{'Strategy': 'Price-Based Promotions', 'Channels': ['SMS', 'Ads'], 'Offers': ['Coupons', 'Seasonal Discounts'], 'Goal': 'Increase purchase frequency'}",Price-Based Promotions,"SMS, Ads","Coupons, Seasonal Discounts",Increase purchase frequency
67433.0,51,4636,992,28,2.0,At Risk Customers,"{'Strategy': 'Re-engagement Campaign', 'Channels': ['Email', 'Push Notifications'], 'Offers': ['Win-back Discounts'], 'Goal': 'Prevent churn'}",Re-engagement Campaign,"Email, Push Notifications",Win-back Discounts,Prevent churn
77766.0,97,4780,1529,34,0.0,High Value Customers,"{'Strategy': 'Loyalty Rewards & Premium Offers', 'Channels': ['Email', 'Personal Calls'], 'Offers': ['Exclusive Discounts', 'Early Access'], 'Goal': 'Increase retention and lifetime value'}",Loyalty Rewards & Premium Offers,"Email, Personal Calls","Exclusive Discounts, Early Access",Increase retention and lifetime value
74716.0,92,4578,860,17,0.0,High Value Customers,"{'Strategy': 'Loyalty Rewards & Premium Offers', 'Channels': ['Email', 'Personal Calls'], 'Offers': ['Exclusive Discounts', 'Early Access'], 'Goal': 'Increase retention and lifetime value'}",Loyalty Rewards & Premium Offers,"Email, Personal Calls","Exclusive Discounts, Early Access",Increase retention and lifetime value
68118.0,51,4542,928,23,2.0,At Risk Customers,"{'Strategy': 'Re-engagement Campaign', 'Channels': ['Email', 'Push Notifications'], 'Offers': ['Win-back Discounts'], 'Goal': 'Prevent churn'}",Re-engagement Campaign,"Email, Push Notifications",Win-back Discounts,Prevent churn
55158.0,72,4987,418,18,1.0,New Customers,"{'Strategy': 'Welcome Campaign', 'Channels': ['Email', 'SMS'], 'Offers': ['First Purchase Discount'], 'Goal': 'Convert into repeat customers'}",Welcome Campaign,"Email, SMS",First Purchase Discount,Convert into repeat customers
62972.0,39,4983,587,16,3.0,Budget Buyers,"{'Strategy': 'Price-Based Promotions', 'Channels': ['SMS', 'Ads'], 'Offers': ['Coupons', 'Seasonal Discounts'], 'Goal': 'Increase purchase frequency'}",Price-Based Promotions,"SMS, Ads","Coupons, Seasonal Discounts",Increase purchase frequency
74190.0,49,4336,641,19,1.0,New Customers,"{'Strategy': 'Welcome Campaign', 'Channels': ['Email', 'SMS'], 'Offers': ['First Purchase Discount'], 'Goal': 'Convert into repeat customers'}",Welcome Campaign,"Email, SMS",First Purchase Discount,Convert into repeat customers
39356.0,21,4390,23,4,3.0,Budget Buyers,"{'Strategy': 'Price-Based Promotions', 'Channels': ['SMS', 'Ads'], 'Offers': ['Coupons', 'Seasonal Discounts'], 'Goal': 'Increase purchase frequency'}",Price-Based Promotions,"SMS, Ads","Coupons, Seasonal Discounts",Increase purchase frequency
76653.0,91,4605,2279,23,3.0,Budget Buyers,"{'Strategy': 'Price-Based Promotions', 'Channels': ['SMS', 'Ads'], 'Offers': ['Coupons', 'Seasonal Discounts'], 'Goal': 'Increase purchase frequency'}",Price-Based Promotions,"SMS, Ads","Coupons, Seasonal Discounts",Increase purchase frequency
35860.0,37,4329,49,6,0.0,High Value Customers,"{'Strategy': 'Loyalty Rewards & Premium Offers', 'Channels': ['Email', 'Personal Calls'], 'Offers': ['Exclusive Discounts', 'Early Access'], 'Goal': 'Increase retention and lifetime value'}",Loyalty Rewards & Premium Offers,"Email, Personal Calls","Exclusive Discounts, Early Access",Increase retention and lifetime value
90687.0,98,4691,1779,17,1.0,New Customers,"{'Strategy': 'Welcome Campaign', 'Channels': ['Email', 'SMS'], 'Offers': ['First Purchase Discount'], 'Goal': 'Convert into repeat customers'}",Welcome Campaign,"Email, SMS",First Purchase Discount,Convert into repeat customers
73450.0,85,4494,1804,27,3.0,Budget Buyers,"{'Strategy': 'Price-Based Promotions', 'Channels': ['SMS', 'Ads'], 'Offers': ['Coupons', 'Seasonal Discounts'], 'Goal': 'Increase purchase frequency'}",Price-Based Promotions,"SMS, Ads","Coupons, Seasonal Discounts",Increase purchase frequency
31454.0,40,4646,48,8,3.0,Budget Buyers,"{'Strategy': 'Price-Based Promotions', 'Channels': ['SMS', 'Ads'], 'Offers': ['Coupons', 'Seasonal Discounts'], 'Goal': 'Increase purchase frequency'}",Price-Based Promotions,"SMS, Ads","Coupons, Seasonal Discounts",Increase purchase frequency
47139.0,2,4403,83,7,0.0,High Value Customers,"{'Strategy': 'Loyalty Rewards & Premium Offers', 'Channels': ['Email', 'Personal Calls'], 'Offers': ['Exclusive Discounts', 'Early Access'], 'Goal': 'Increase retention and lifetime value'}",Loyalty Rewards & Premium Offers,"Email, Personal Calls","Exclusive Discounts, Early Access",Increase retention and lifetime value
83829.0,78,4552,1862,17,1.0,New Customers,"{'Strategy': 'Welcome Campaign', 'Channels': ['Email', 'SMS'], 'Offers': ['First Purchase Discount'], 'Goal': 'Convert into repeat customers'}",Welcome Campaign,"Email, SMS",First Purchase Discount,Convert into repeat customers
53378.0,41,4931,793,29,3.0,Budget Buyers,"{'Strategy': 'Price-Based Promotions', 'Channels': ['SMS', 'Ads'], 'Offers': ['Coupons', 'Seasonal Discounts'], 'Goal': 'Increase purchase frequency'}",Price-Based Promotions,"SMS, Ads","Coupons, Seasonal Discounts",Increase purchase frequency
19656.0,94,4794,84,9,2.0,At Risk Customers,"{'Strategy': 'Re-engagement Campaign', 'Channels': ['Email', 'Push Notifications'], 'Offers': ['Win-back Discounts'], 'Goal': 'Prevent churn'}",Re-engagement Campaign,"Email, Push Notifications",Win-back Discounts,Prevent churn
45579.0,10,4601,183,10,2.0,At Risk Customers,"{'Strategy': 'Re-engagement Campaign', 'Channels': ['Email', 'Push Notifications'], 'Offers': ['Win-back Discounts'], 'Goal': 'Prevent churn'}",Re-engagement Campaign,"Email, Push Notifications",Win-back Discounts,Prevent churn
85485.0,73,4296,1383,19,0.0,High Value Customers,"{'Strategy': 'Loyalty Rewards & Premium Offers', 'Channels': ['Email', 'Personal Calls'], 'Offers': ['Exclusive Discounts', 'Early Access'], 'Goal': 'Increase retention and lifetime value'}",Loyalty Rewards & Premium Offers,"Email, Personal Calls","Exclusive Discounts, Early Access",Increase retention and lifetime value
55956.0,22,4371,999,16,3.0,Budget Buyers,"{'Strategy': 'Price-Based Promotions', 'Channels': ['SMS', 'Ads'], 'Offers': ['Coupons', 'Seasonal Discounts'], 'Goal': 'Increase purchase frequency'}",Price-Based Promotions,"SMS, Ads","Coupons, Seasonal Discounts",Increase purchase frequency
64191.0,30,4811,825,24,0.0,High Value Customers,"{'Strategy': 'Loyalty Rewards & Premium Offers', 'Channels': ['Email', 'Personal Calls'], 'Offers': ['Exclusive Discounts', 'Early Access'], 'Goal': 'Increase retention and lifetime value'}",Loyalty Rewards & Premium Offers,"Email, Personal Calls","Exclusive Discounts, Early Access",Increase retention and lifetime value
38808.0,21,4960,246,14,3.0,Budget Buyers,"{'Strategy': 'Price-Based Promotions', 'Channels': ['SMS', 'Ads'], 'Offers': ['Coupons', 'Seasonal Discounts'], 'Goal': 'Increase purchase frequency'}",Price-Based Promotions,"SMS, Ads","Coupons, Seasonal Discounts",Increase purchase frequency
57183.0,51,4755,610,25,1.0,New Customers,"{'Strategy': 'Welcome Campaign', 'Channels': ['Email', 'SMS'], 'Offers': ['First Purchase Discount'], 'Goal': 'Convert into repeat customers'}",Welcome Campaign,"Email, SMS",First Purchase Discount,Convert into repeat customers
23748.0,97,4873,76,9,0.0,High Value Customers,"{'Strategy': 'Loyalty Rewards & Premium Offers', 'Channels': ['Email', 'Personal Calls'], 'Offers': ['Exclusive Discounts', 'Early Access'], 'Goal': 'Increase retention and lifetime value'}",Loyalty Rewards & Premium Offers,"Email, Personal Calls","Exclusive Discounts, Early Access",Increase retention and lifetime value
66303.0,56,4776,1286,22,3.0,Budget Buyers,"{'Strategy': 'Price-Based Promotions', 'Channels': ['SMS', 'Ads'], 'Offers': ['Coupons', 'Seasonal Discounts'], 'Goal': 'Increase purchase frequency'}",Price-Based Promotions,"SMS, Ads","Coupons, Seasonal Discounts",Increase purchase frequency
37368.0,4,4483,30,4,1.0,New Customers,"{'Strategy': 'Welcome Campaign', 'Channels': ['Email', 'SMS'], 'Offers': ['First Purchase Discount'], 'Goal': 'Convert into repeat customers'}",Welcome Campaign,"Email, SMS",First Purchase Discount,Convert into repeat customers
40800.0,77,4832,99,8,2.0,At Risk Customers,"{'Strategy': 'Re-engagement Campaign', 'Channels': ['Email', 'Push Notifications'], 'Offers': ['Win-back Discounts'], 'Goal': 'Prevent churn'}",Re-engagement Campaign,"Email, Push Notifications",Win-back Discounts,Prevent churn
71847.0,95,4934,1192,22,3.0,Budget Buyers,"{'Strategy': 'Price-Based Promotions', 'Channels': ['SMS', 'Ads'], 'Offers': ['Coupons', 'Seasonal Discounts'], 'Goal': 'Increase purchase frequency'}",Price-Based Promotions,"SMS, Ads","Coupons, Seasonal Discounts",Increase purchase frequency
46149.0,36,4500,362,18,0.0,High Value Customers,"{'Strategy': 'Loyalty Rewards & Premium Offers', 'Channels': ['Email', 'Personal Calls'], 'Offers': ['Exclusive Discounts', 'Early Access'], 'Goal': 'Increase retention and lifetime value'}",Loyalty Rewards & Premium Offers,"Email, Personal Calls","Exclusive Discounts, Early Access",Increase retention and lifetime value
78687.0,13,4977,2130,19,0.0,High Value Customers,"{'Strategy': 'Loyalty Rewards & Premium Offers', 'Channels': ['Email', 'Personal Calls'], 'Offers': ['Exclusive Discounts', 'Early Access'], 'Goal': 'Increase retention and lifetime value'}",Loyalty Rewards & Premium Offers,"Email, Personal Calls","Exclusive Discounts, Early Access",Increase retention and lifetime value
49118.0,90,4968,1229,28,0.0,High Value Customers,"{'Strategy': 'Loyalty Rewards & Premium Offers', 'Channels': ['Email', 'Personal Calls'], 'Offers': ['Exclusive Discounts', 'Early Access'], 'Goal': 'Increase retention and lifetime value'}",Loyalty Rewards & Premium Offers,"Email, Personal Calls","Exclusive Discounts, Early Access",Increase retention and lifetime value
37633.0,49,4935,38,6,0.0,High Value Customers,"{'Strategy': 'Loyalty Rewards & Premium Offers', 'Channels': ['Email', 'Personal Calls'], 'Offers': ['Exclusive Discounts', 'Early Access'], 'Goal': 'Increase retention and lifetime value'}",Loyalty Rewards & Premium Offers,"Email, Personal Calls","Exclusive Discounts, Early Access",Increase retention and lifetime value
39767.0,18,4631,485,17,3.0,Budget Buyers,"{'Strategy': 'Price-Based Promotions', 'Channels': ['SMS', 'Ads'], 'Offers': ['Coupons', 'Seasonal Discounts'], 'Goal': 'Increase purchase frequency'}",Price-Based Promotions,"SMS, Ads","Coupons, Seasonal Discounts",Increase purchase frequency
26997.0,89,4889,434,13,1.0,New Customers,"{'Strategy': 'Welcome Campaign', 'Channels': ['Email', 'SMS'], 'Offers': ['First Purchase Discount'], 'Goal': 'Convert into repeat customers'}",Welcome Campaign,"Email, SMS",First Purchase Discount,Convert into repeat customers
33986.0,43,4760,44,5,3.0,Budget Buyers,"{'Strategy': 'Price-Based Promotions', 'Channels': ['SMS', 'Ads'], 'Offers': ['Coupons', 'Seasonal Discounts'], 'Goal': 'Increase purchase frequency'}",Price-Based Promotions,"SMS, Ads","Coupons, Seasonal Discounts",Increase purchase frequency
57091.0,82,4871,496,18,3.0,Budget Buyers,"{'Strategy': 'Price-Based Promotions', 'Channels': ['SMS', 'Ads'], 'Offers': ['Coupons', 'Seasonal Discounts'], 'Goal': 'Increase purchase frequency'}",Price-Based Promotions,"SMS, Ads","Coupons, Seasonal Discounts",Increase purchase frequency
46831.0,84,4674,78,7,1.0,New Customers,"{'Strategy': 'Welcome Campaign', 'Channels': ['Email', 'SMS'], 'Offers': ['First Purchase Discount'], 'Goal': 'Convert into repeat customers'}",Welcome Campaign,"Email, SMS",First Purchase Discount,Convert into repeat customers
83151.0,80,4792,2346,23,1.0,New Customers,"{'Strategy': 'Welcome Campaign', 'Channels': ['Email', 'SMS'], 'Offers': ['First Purchase Discount'], 'Goal': 'Convert into repeat customers'}",Welcome Campaign,"Email, SMS",First Purchase Discount,Convert into repeat customers
52531.0,68,4834,794,21,1.0,New Customers,"{'Strategy': 'Welcome Campaign', 'Channels': ['Email', 'SMS'], 'Offers': ['First Purchase Discount'], 'Goal': 'Convert into repeat customers'}",Welcome Campaign,"Email, SMS",First Purchase Discount,Convert into repeat customers
15759.0,12,4585,17,4,1.0,New Customers,"{'Strategy': 'Welcome Campaign', 'Channels': ['Email', 'SMS'], 'Offers': ['First Purchase Discount'], 'Goal': 'Convert into repeat customers'}",Welcome Campaign,"Email, SMS",First Purchase Discount,Convert into repeat customers
22804.0,75,4621,26,5,1.0,New Customers,"{'Strategy': 'Welcome Campaign', 'Channels': ['Email', 'SMS'], 'Offers': ['First Purchase Discount'], 'Goal': 'Convert into repeat customers'}",Welcome Campaign,"Email, SMS",First Purchase Discount,Convert into repeat customers
43050.0,10,4391,76,8,1.0,New Customers,"{'Strategy': 'Welcome Campaign', 'Channels': ['Email', 'SMS'], 'Offers': ['First Purchase Discount'], 'Goal': 'Convert into repeat customers'}",Welcome Campaign,"Email, SMS",First Purchase Discount,Convert into repeat customers
42997.0,91,4492,15,4,1.0,New Customers,"{'Strategy': 'Welcome Campaign', 'Channels': ['Email', 'SMS'], 'Offers': ['First Purchase Discount'], 'Goal': 'Convert into repeat customers'}",Welcome Campaign,"Email, SMS",First Purchase Discount,Convert into repeat customers
48918.0,21,4366,62,7,3.0,Budget Buyers,"{'Strategy': 'Price-Based Promotions', 'Channels': ['SMS', 'Ads'], 'Offers': ['Coupons', 'Seasonal Discounts'], 'Goal': 'Increase purchase frequency'}",Price-Based Promotions,"SMS, Ads","Coupons, Seasonal Discounts",Increase purchase frequency
60033.0,28,4380,198,10,2.0,At Risk Customers,"{'Strategy': 'Re-engagement Campaign', 'Channels': ['Email', 'Push Notifications'], 'Offers': ['Win-back Discounts'], 'Goal': 'Prevent churn'}",Re-engagement Campaign,"Email, Push Notifications",Win-back Discounts,Prevent churn
34043.0,97,4535,49,5,0.0,High Value Customers,"{'Strategy': 'Loyalty Rewards & Premium Offers', 'Channels': ['Email', 'Personal Calls'], 'Offers': ['Exclusive Discounts', 'Early Access'], 'Goal': 'Increase retention and lifetime value'}",Loyalty Rewards & Premium Offers,"Email, Personal Calls","Exclusive Discounts, Early Access",Increase retention and lifetime value
57811.0,49,4658,802,25,2.0,At Risk Customers,"{'Strategy': 'Re-engagement Campaign', 'Channels': ['Email', 'Push Notifications'], 'Offers': ['Win-back Discounts'], 'Goal': 'Prevent churn'}",Re-engagement Campaign,"Email, Push Notifications",Win-back Discounts,Prevent churn
78569.0,14,4418,1736,15,3.0,Budget Buyers,"{'Strategy': 'Price-Based Promotions', 'Channels': ['SMS', 'Ads'], 'Offers': ['Coupons', 'Seasonal Discounts'], 'Goal': 'Increase purchase frequency'}",Price-Based Promotions,"SMS, Ads","Coupons, Seasonal Discounts",Increase purchase frequency
7500.0,5,4837,57,10,1.0,New Customers,"{'Strategy': 'Welcome Campaign', 'Channels': ['Email', 'SMS'], 'Offers': ['First Purchase Discount'], 'Goal': 'Convert into repeat customers'}",Welcome Campaign,"Email, SMS",First Purchase Discount,Convert into repeat customers
157733.0,37,4678,59,2,0.0,High Value Customers,"{'Strategy': 'Loyalty Rewards & Premium Offers', 'Channels': ['Email', 'Personal Calls'], 'Offers': ['Exclusive Discounts', 'Early Access'], 'Goal': 'Increase retention and lifetime value'}",Loyalty Rewards & Premium Offers,"Email, Personal Calls","Exclusive Discounts, Early Access",Increase retention and lifetime value
94384.0,62,4770,2302,18,3.0,Budget Buyers,"{'Strategy': 'Price-Based Promotions', 'Channels': ['SMS', 'Ads'], 'Offers': ['Coupons', 'Seasonal Discounts'], 'Goal': 'Increase purchase frequency'}",Price-Based Promotions,"SMS, Ads","Coupons, Seasonal Discounts",Increase purchase frequency
23148.0,83,4419,37,6,3.0,Budget Buyers,"{'Strategy': 'Price-Based Promotions', 'Channels': ['SMS', 'Ads'], 'Offers': ['Coupons', 'Seasonal Discounts'], 'Goal': 'Increase purchase frequency'}",Price-Based Promotions,"SMS, Ads","Coupons, Seasonal Discounts",Increase purchase frequency
44267.0,48,4777,310,16,3.0,Budget Buyers,"{'Strategy': 'Price-Based Promotions', 'Channels': ['SMS', 'Ads'], 'Offers': ['Coupons', 'Seasonal Discounts'], 'Goal': 'Increase purchase frequency'}",Price-Based Promotions,"SMS, Ads","Coupons, Seasonal Discounts",Increase purchase frequency
71626.0,94,4893,1305,19,2.0,At Risk Customers,"{'Strategy': 'Re-engagement Campaign', 'Channels': ['Email', 'Push Notifications'], 'Offers': ['Win-back Discounts'], 'Goal': 'Prevent churn'}",Re-engagement Campaign,"Email, Push Notifications",Win-back Discounts,Prevent churn
60894.0,61,4654,832,26,2.0,At Risk Customers,"{'Strategy': 'Re-engagement Campaign', 'Channels': ['Email', 'Push Notifications'], 'Offers': ['Win-back Discounts'], 'Goal': 'Prevent churn'}",Re-engagement Campaign,"Email, Push Notifications",Win-back Discounts,Prevent churn
50200.0,70,4740,401,19,2.0,At Risk Customers,"{'Strategy': 'Re-engagement Campaign', 'Channels': ['Email', 'Push Notifications'], 'Offers': ['Win-back Discounts'], 'Goal': 'Prevent churn'}",Re-engagement Campaign,"Email, Push Notifications",Win-back Discounts,Prevent churn
81051.0,43,4325,1501,23,2.0,At Risk Customers,"{'Strategy': 'Re-engagement Campaign', 'Channels': ['Email', 'Push Notifications'], 'Offers': ['Win-back Discounts'], 'Goal': 'Prevent churn'}",Re-engagement Campaign,"Email, Push Notifications",Win-back Discounts,Prevent churn
65169.0,23,4454,1189,28,3.0,Budget Buyers,"{'Strategy': 'Price-Based Promotions', 'Channels': ['SMS', 'Ads'], 'Offers': ['Coupons', 'Seasonal Discounts'], 'Goal': 'Increase purchase frequency'}",Price-Based Promotions,"SMS, Ads","Coupons, Seasonal Discounts",Increase purchase frequency
59868.0,37,4630,1194,32,1.0,New Customers,"{'Strategy': 'Welcome Campaign', 'Channels': ['Email', 'SMS'], 'Offers': ['First Purchase Discount'], 'Goal': 'Convert into repeat customers'}",Welcome Campaign,"Email, SMS",First Purchase Discount,Convert into repeat customers
65695.0,50,4437,656,21,2.0,At Risk Customers,"{'Strategy': 'Re-engagement Campaign', 'Channels': ['Email', 'Push Notifications'], 'Offers': ['Win-back Discounts'], 'Goal': 'Prevent churn'}",Re-engagement Campaign,"Email, Push Notifications",Win-back Discounts,Prevent churn
64857.0,78,4871,1540,23,1.0,New Customers,"{'Strategy': 'Welcome Campaign', 'Channels': ['Email', 'SMS'], 'Offers': ['First Purchase Discount'], 'Goal': 'Convert into repeat customers'}",Welcome Campaign,"Email, SMS",First Purchase Discount,Convert into repeat customers
45143.0,74,4595,311,15,0.0,High Value Customers,"{'Strategy': 'Loyalty Rewards & Premium Offers', 'Channels': ['Email', 'Personal Calls'], 'Offers': ['Exclusive Discounts', 'Early Access'], 'Goal': 'Increase retention and lifetime value'}",Loyalty Rewards & Premium Offers,"Email, Personal Calls","Exclusive Discounts, Early Access",Increase retention and lifetime value
74805.0,14,4523,820,26,3.0,Budget Buyers,"{'Strategy': 'Price-Based Promotions', 'Channels': ['SMS', 'Ads'], 'Offers': ['Coupons', 'Seasonal Discounts'], 'Goal': 'Increase purchase frequency'}",Price-Based Promotions,"SMS, Ads","Coupons, Seasonal Discounts",Increase purchase frequency
59060.0,77,4457,274,14,1.0,New Customers,"{'Strategy': 'Welcome Campaign', 'Channels': ['Email', 'SMS'], 'Offers': ['First Purchase Discount'], 'Goal': 'Convert into repeat customers'}",Welcome Campaign,"Email, SMS",First Purchase Discount,Convert into repeat customers
27238.0,39,4723,57,9,1.0,New Customers,"{'Strategy': 'Welcome Campaign', 'Channels': ['Email', 'SMS'], 'Offers': ['First Purchase Discount'], 'Goal': 'Convert into repeat customers'}",Welcome Campaign,"Email, SMS",First Purchase Discount,Convert into repeat customers
47009.0,89,4559,448,17,1.0,New Customers,"{'Strategy': 'Welcome Campaign', 'Channels': ['Email', 'SMS'], 'Offers': ['First Purchase Discount'], 'Goal': 'Convert into repeat customers'}",Welcome Campaign,"Email, SMS",First Purchase Discount,Convert into repeat customers
46094.0,62,4307,44,5,2.0,At Risk Customers,"{'Strategy': 'Re-engagement Campaign', 'Channels': ['Email', 'Push Notifications'], 'Offers': ['Win-back Discounts'], 'Goal': 'Prevent churn'}",Re-engagement Campaign,"Email, Push Notifications",Win-back Discounts,Prevent churn
40321.0,59,4623,102,8,0.0,High Value Customers,"{'Strategy': 'Loyalty Rewards & Premium Offers', 'Channels': ['Email', 'Personal Calls'], 'Offers': ['Exclusive Discounts', 'Early Access'], 'Goal': 'Increase retention and lifetime value'}",Loyalty Rewards & Premium Offers,"Email, Personal Calls","Exclusive Discounts, Early Access",Increase retention and lifetime value
37235.0,68,4436,61,5,2.0,At Risk Customers,"{'Strategy': 'Re-engagement Campaign', 'Channels': ['Email', 'Push Notifications'], 'Offers': ['Win-back Discounts'], 'Goal': 'Prevent churn'}",Re-engagement Campaign,"Email, Push Notifications",Win-back Discounts,Prevent churn
81843.0,13,4721,1643,27,0.0,High Value Customers,"{'Strategy': 'Loyalty Rewards & Premium Offers', 'Channels': ['Email', 'Personal Calls'], 'Offers': ['Exclusive Discounts', 'Early Access'], 'Goal': 'Increase retention and lifetime value'}",Loyalty Rewards & Premium Offers,"Email, Personal Calls","Exclusive Discounts, Early Access",Increase retention and lifetime value
46692.0,37,4676,397,15,1.0,New Customers,"{'Strategy': 'Welcome Campaign', 'Channels': ['Email', 'SMS'], 'Offers': ['First Purchase Discount'], 'Goal': 'Convert into repeat customers'}",Welcome Campaign,"Email, SMS",First Purchase Discount,Convert into repeat customers
77382.0,36,4461,1121,26,2.0,At Risk Customers,"{'Strategy': 'Re-engagement Campaign', 'Channels': ['Email', 'Push Notifications'], 'Offers': ['Win-back Discounts'], 'Goal': 'Prevent churn'}",Re-engagement Campaign,"Email, Push Notifications",Win-back Discounts,Prevent churn
37774.0,28,4952,473,16,1.0,New Customers,"{'Strategy': 'Welcome Campaign', 'Channels': ['Email', 'SMS'], 'Offers': ['First Purchase Discount'], 'Goal': 'Convert into repeat customers'}",Welcome Campaign,"Email, SMS",First Purchase Discount,Convert into repeat customers
18393.0,2,4380,50,8,1.0,New Customers,"{'Strategy': 'Welcome Campaign', 'Channels': ['Email', 'SMS'], 'Offers': ['First Purchase Discount'], 'Goal': 'Convert into repeat customers'}",Welcome Campaign,"Email, SMS",First Purchase Discount,Convert into repeat customers
72828.0,17,4788,1678,28,1.0,New Customers,"{'Strategy': 'Welcome Campaign', 'Channels': ['Email', 'SMS'], 'Offers': ['First Purchase Discount'], 'Goal': 'Convert into repeat customers'}",Welcome Campaign,"Email, SMS",First Purchase Discount,Convert into repeat customers
24711.0,86,4360,58,7,2.0,At Risk Customers,"{'Strategy': 'Re-engagement Campaign', 'Channels': ['Email', 'Push Notifications'], 'Offers': ['Win-back Discounts'], 'Goal': 'Prevent churn'}",Re-engagement Campaign,"Email, Push Notifications",Win-back Discounts,Prevent churn
45503.0,54,4565,170,9,1.0,New Customers,"{'Strategy': 'Welcome Campaign', 'Channels': ['Email', 'SMS'], 'Offers': ['First Purchase Discount'], 'Goal': 'Convert into repeat customers'}",Welcome Campaign,"Email, SMS",First Purchase Discount,Convert into repeat customers
6560.0,2,4487,373,2,0.0,High Value Customers,"{'Strategy': 'Loyalty Rewards & Premium Offers', 'Channels': ['Email', 'Personal Calls'], 'Offers': ['Exclusive Discounts', 'Early Access'], 'Goal': 'Increase retention and lifetime value'}",Loyalty Rewards & Premium Offers,"Email, Personal Calls","Exclusive Discounts, Early Access",Increase retention and lifetime value
71604.0,3,4512,1196,17,2.0,At Risk Customers,"{'Strategy': 'Re-engagement Campaign', 'Channels': ['Email', 'Push Notifications'], 'Offers': ['Win-back Discounts'], 'Goal': 'Prevent churn'}",Re-engagement Campaign,"Email, Push Notifications",Win-back Discounts,Prevent churn
27244.0,84,4402,101,8,3.0,Budget Buyers,"{'Strategy': 'Price-Based Promotions', 'Channels': ['SMS', 'Ads'], 'Offers': ['Coupons', 'Seasonal Discounts'], 'Goal': 'Increase purchase frequency'}",Price-Based Promotions,"SMS, Ads","Coupons, Seasonal Discounts",Increase purchase frequency
48752.0,8,4852,316,17,2.0,At Risk Customers,"{'Strategy': 'Re-engagement Campaign', 'Channels': ['Email', 'Push Notifications'], 'Offers': ['Win-back Discounts'], 'Goal': 'Prevent churn'}",Re-engagement Campaign,"Email, Push Notifications",Win-back Discounts,Prevent churn
71434.0,4,4572,1400,21,1.0,New Customers,"{'Strategy': 'Welcome Campaign', 'Channels': ['Email', 'SMS'], 'Offers': ['First Purchase Discount'], 'Goal': 'Convert into repeat customers'}",Welcome Campaign,"Email, SMS",First Purchase Discount,Convert into repeat customers
90842.0,57,4623,1424,27,2.0,At Risk Customers,"{'Strategy': 'Re-engagement Campaign', 'Channels': ['Email', 'Push Notifications'], 'Offers': ['Win-back Discounts'], 'Goal': 'Prevent churn'}",Re-engagement Campaign,"Email, Push Notifications",Win-back Discounts,Prevent churn
88097.0,24,4968,844,20,1.0,New Customers,"{'Strategy': 'Welcome Campaign', 'Channels': ['Email', 'SMS'], 'Offers': ['First Purchase Discount'], 'Goal': 'Convert into repeat customers'}",Welcome Campaign,"Email, SMS",First Purchase Discount,Convert into repeat customers
51948.0,51,4573,311,13,1.0,New Customers,"{'Strategy': 'Welcome Campaign', 'Channels': ['Email', 'SMS'], 'Offers': ['First Purchase Discount'], 'Goal': 'Convert into repeat customers'}",Welcome Campaign,"Email, SMS",First Purchase Discount,Convert into repeat customers
71853.0,29,4705,1149,17,0.0,High Value Customers,"{'Strategy': 'Loyalty Rewards & Premium Offers', 'Channels': ['Email', 'Personal Calls'], 'Offers': ['Exclusive Discounts', 'Early Access'], 'Goal': 'Increase retention and lifetime value'}",Loyalty Rewards & Premium Offers,"Email, Personal Calls","Exclusive Discounts, Early Access",Increase retention and lifetime value
35876.0,13,4358,129,8,1.0,New Customers,"{'Strategy': 'Welcome Campaign', 'Channels': ['Email', 'SMS'], 'Offers': ['First Purchase Discount'], 'Goal': 'Convert into repeat customers'}",Welcome Campaign,"Email, SMS",First Purchase Discount,Convert into repeat customers
40049.0,23,4544,32,5,0.0,High Value Customers,"{'Strategy': 'Loyalty Rewards & Premium Offers', 'Channels': ['Email', 'Personal Calls'], 'Offers': ['Exclusive Discounts', 'Early Access'], 'Goal': 'Increase retention and lifetime value'}",Loyalty Rewards & Premium Offers,"Email, Personal Calls","Exclusive Discounts, Early Access",Increase retention and lifetime value
39660.0,36,4978,299,14,2.0,At Risk Customers,"{'Strategy': 'Re-engagement Campaign', 'Channels': ['Email', 'Push Notifications'], 'Offers': ['Win-back Discounts'], 'Goal': 'Prevent churn'}",Re-engagement Campaign,"Email, Push Notifications",Win-back Discounts,Prevent churn
50127.0,88,4319,320,13,0.0,High Value Customers,"{'Strategy': 'Loyalty Rewards & Premium Offers', 'Channels': ['Email', 'Personal Calls'], 'Offers': ['Exclusive Discounts', 'Early Access'], 'Goal': 'Increase retention and lifetime value'}",Loyalty Rewards & Premium Offers,"Email, Personal Calls","Exclusive Discounts, Early Access",Increase retention and lifetime value
43263.0,2,4873,441,16,0.0,High Value Customers,"{'Strategy': 'Loyalty Rewards & Premium Offers', 'Channels': ['Email', 'Personal Calls'], 'Offers': ['Exclusive Discounts', 'Early Access'], 'Goal': 'Increase retention and lifetime value'}",Loyalty Rewards & Premium Offers,"Email, Personal Calls","Exclusive Discounts, Early Access",Increase retention and lifetime value
62845.0,3,4924,1178,28,0.0,High Value Customers,"{'Strategy': 'Loyalty Rewards & Premium Offers', 'Channels': ['Email', 'Personal Calls'], 'Offers': ['Exclusive Discounts', 'Early Access'], 'Goal': 'Increase retention and lifetime value'}",Loyalty Rewards & Premium Offers,"Email, Personal Calls","Exclusive Discounts, Early Access",Increase retention and lifetime value
18929.0,15,4786,85,6,0.0,High Value Customers,"{'Strategy': 'Loyalty Rewards & Premium Offers', 'Channels': ['Email', 'Personal Calls'], 'Offers': ['Exclusive Discounts', 'Early Access'], 'Goal': 'Increase retention and lifetime value'}",Loyalty Rewards & Premium Offers,"Email, Personal Calls","Exclusive Discounts, Early Access",Increase retention and lifetime value
24367.0,58,4754,24,4,0.0,High Value Customers,"{'Strategy': 'Loyalty Rewards & Premium Offers', 'Channels': ['Email', 'Personal Calls'], 'Offers': ['Exclusive Discounts', 'Early Access'], 'Goal': 'Increase retention and lifetime value'}",Loyalty Rewards & Premium Offers,"Email, Personal Calls","Exclusive Discounts, Early Access",Increase retention and lifetime value
33249.0,11,4782,112,8,2.0,At Risk Customers,"{'Strategy': 'Re-engagement Campaign', 'Channels': ['Email', 'Push Notifications'], 'Offers': ['Win-back Discounts'], 'Goal': 'Prevent churn'}",Re-engagement Campaign,"Email, Push Notifications",Win-back Discounts,Prevent churn
26887.0,27,4792,30,5,3.0,Budget Buyers,"{'Strategy': 'Price-Based Promotions', 'Channels': ['SMS', 'Ads'], 'Offers': ['Coupons', 'Seasonal Discounts'], 'Goal': 'Increase purchase frequency'}",Price-Based Promotions,"SMS, Ads","Coupons, Seasonal Discounts",Increase purchase frequency
50150.0,32,4662,410,16,3.0,Budget Buyers,"{'Strategy': 'Price-Based Promotions', 'Channels': ['SMS', 'Ads'], 'Offers': ['Coupons', 'Seasonal Discounts'], 'Goal': 'Increase purchase frequency'}",Price-Based Promotions,"SMS, Ads","Coupons, Seasonal Discounts",Increase purchase frequency
62061.0,12,4590,800,24,2.0,At Risk Customers,"{'Strategy': 'Re-engagement Campaign', 'Channels': ['Email', 'Push Notifications'], 'Offers': ['Win-back Discounts'], 'Goal': 'Prevent churn'}",Re-engagement Campaign,"Email, Push Notifications",Win-back Discounts,Prevent churn
85696.0,88,4710,1313,20,0.0,High Value Customers,"{'Strategy': 'Loyalty Rewards & Premium Offers', 'Channels': ['Email', 'Personal Calls'], 'Offers': ['Exclusive Discounts', 'Early Access'], 'Goal': 'Increase retention and lifetime value'}",Loyalty Rewards & Premium Offers,"Email, Personal Calls","Exclusive Discounts, Early Access",Increase retention and lifetime value
76542.0,91,4744,1483,23,1.0,New Customers,"{'Strategy': 'Welcome Campaign', 'Channels': ['Email', 'SMS'], 'Offers': ['First Purchase Discount'], 'Goal': 'Convert into repeat customers'}",Welcome Campaign,"Email, SMS",First Purchase Discount,Convert into repeat customers
70515.0,12,4539,1258,17,2.0,At Risk Customers,"{'Strategy': 'Re-engagement Campaign', 'Channels': ['Email', 'Push Notifications'], 'Offers': ['Win-back Discounts'], 'Goal': 'Prevent churn'}",Re-engagement Campaign,"Email, Push Notifications",Win-back Discounts,Prevent churn
18227.0,21,4886,28,4,2.0,At Risk Customers,"{'Strategy': 'Re-engagement Campaign', 'Channels': ['Email', 'Push Notifications'], 'Offers': ['Win-back Discounts'], 'Goal': 'Prevent churn'}",Re-engagement Campaign,"Email, Push Notifications",Win-back Discounts,Prevent churn
69139.0,23,4441,227,11,0.0,High Value Customers,"{'Strategy': 'Loyalty Rewards & Premium Offers', 'Channels': ['Email', 'Personal Calls'], 'Offers': ['Exclusive Discounts', 'Early Access'], 'Goal': 'Increase retention and lifetime value'}",Loyalty Rewards & Premium Offers,"Email, Personal Calls","Exclusive Discounts, Early Access",Increase retention and lifetime value
69109.0,10,4885,1555,20,3.0,Budget Buyers,"{'Strategy': 'Price-Based Promotions', 'Channels': ['SMS', 'Ads'], 'Offers': ['Coupons', 'Seasonal Discounts'], 'Goal': 'Increase purchase frequency'}",Price-Based Promotions,"SMS, Ads","Coupons, Seasonal Discounts",Increase purchase frequency
69627.0,35,4757,861,23,3.0,Budget Buyers,"{'Strategy': 'Price-Based Promotions', 'Channels': ['SMS', 'Ads'], 'Offers': ['Coupons', 'Seasonal Discounts'], 'Goal': 'Increase purchase frequency'}",Price-Based Promotions,"SMS, Ads","Coupons, Seasonal Discounts",Increase purchase frequency
38136.0,69,4721,103,8,1.0,New Customers,"{'Strategy': 'Welcome Campaign', 'Channels': ['Email', 'SMS'], 'Offers': ['First Purchase Discount'], 'Goal': 'Convert into repeat customers'}",Welcome Campaign,"Email, SMS",First Purchase Discount,Convert into repeat customers
62159.0,68,4350,634,19,3.0,Budget Buyers,"{'Strategy': 'Price-Based Promotions', 'Channels': ['SMS', 'Ads'], 'Offers': ['Coupons', 'Seasonal Discounts'], 'Goal': 'Increase purchase frequency'}",Price-Based Promotions,"SMS, Ads","Coupons, Seasonal Discounts",Increase purchase frequency
80695.0,85,4470,1918,19,1.0,New Customers,"{'Strategy': 'Welcome Campaign', 'Channels': ['Email', 'SMS'], 'Offers': ['First Purchase Discount'], 'Goal': 'Convert into repeat customers'}",Welcome Campaign,"Email, SMS",First Purchase Discount,Convert into repeat customers
33316.0,34,4556,131,10,2.0,At Risk Customers,"{'Strategy': 'Re-engagement Campaign', 'Channels': ['Email', 'Push Notifications'], 'Offers': ['Win-back Discounts'], 'Goal': 'Prevent churn'}",Re-engagement Campaign,"Email, Push Notifications",Win-back Discounts,Prevent churn
58554.0,55,4929,586,22,2.0,At Risk Customers,"{'Strategy': 'Re-engagement Campaign', 'Channels': ['Email', 'Push Notifications'], 'Offers': ['Win-back Discounts'], 'Goal': 'Prevent churn'}",Re-engagement Campaign,"Email, Push Notifications",Win-back Discounts,Prevent churn
17256.0,10,4506,62,7,2.0,At Risk Customers,"{'Strategy': 'Re-engagement Campaign', 'Channels': ['Email', 'Push Notifications'], 'Offers': ['Win-back Discounts'], 'Goal': 'Prevent churn'}",Re-engagement Campaign,"Email, Push Notifications",Win-back Discounts,Prevent churn
53034.0,30,4683,447,22,3.0,Budget Buyers,"{'Strategy': 'Price-Based Promotions', 'Channels': ['SMS', 'Ads'], 'Offers': ['Coupons', 'Seasonal Discounts'], 'Goal': 'Increase purchase frequency'}",Price-Based Promotions,"SMS, Ads","Coupons, Seasonal Discounts",Increase purchase frequency
52203.0,36,4986,939,27,1.0,New Customers,"{'Strategy': 'Welcome Campaign', 'Channels': ['Email', 'SMS'], 'Offers': ['First Purchase Discount'], 'Goal': 'Convert into repeat customers'}",Welcome Campaign,"Email, SMS",First Purchase Discount,Convert into repeat customers
59601.0,14,4627,797,15,1.0,New Customers,"{'Strategy': 'Welcome Campaign', 'Channels': ['Email', 'SMS'], 'Offers': ['First Purchase Discount'], 'Goal': 'Convert into repeat customers'}",Welcome Campaign,"Email, SMS",First Purchase Discount,Convert into repeat customers
75154.0,79,4951,1143,16,1.0,New Customers,"{'Strategy': 'Welcome Campaign', 'Channels': ['Email', 'SMS'], 'Offers': ['First Purchase Discount'], 'Goal': 'Convert into repeat customers'}",Welcome Campaign,"Email, SMS",First Purchase Discount,Convert into repeat customers
47025.0,52,4522,415,17,1.0,New Customers,"{'Strategy': 'Welcome Campaign', 'Channels': ['Email', 'SMS'], 'Offers': ['First Purchase Discount'], 'Goal': 'Convert into repeat customers'}",Welcome Campaign,"Email, SMS",First Purchase Discount,Convert into repeat customers
37971.0,97,4504,30,5,1.0,New Customers,"{'Strategy': 'Welcome Campaign', 'Channels': ['Email', 'SMS'], 'Offers': ['First Purchase Discount'], 'Goal': 'Convert into repeat customers'}",Welcome Campaign,"Email, SMS",First Purchase Discount,Convert into repeat customers
41335.0,24,4473,187,12,1.0,New Customers,"{'Strategy': 'Welcome Campaign', 'Channels': ['Email', 'SMS'], 'Offers': ['First Purchase Discount'], 'Goal': 'Convert into repeat customers'}",Welcome Campaign,"Email, SMS",First Purchase Discount,Convert into repeat customers
67267.0,0,4335,251,11,0.0,High Value Customers,"{'Strategy': 'Loyalty Rewards & Premium Offers', 'Channels': ['Email', 'Personal Calls'], 'Offers': ['Exclusive Discounts', 'Early Access'], 'Goal': 'Increase retention and lifetime value'}",Loyalty Rewards & Premium Offers,"Email, Personal Calls","Exclusive Discounts, Early Access",Increase retention and lifetime value
57338.0,96,4349,237,12,3.0,Budget Buyers,"{'Strategy': 'Price-Based Promotions', 'Channels': ['SMS', 'Ads'], 'Offers': ['Coupons', 'Seasonal Discounts'], 'Goal': 'Increase purchase frequency'}",Price-Based Promotions,"SMS, Ads","Coupons, Seasonal Discounts",Increase purchase frequency
50523.0,89,4474,91,8,3.0,Budget Buyers,"{'Strategy': 'Price-Based Promotions', 'Channels': ['SMS', 'Ads'], 'Offers': ['Coupons', 'Seasonal Discounts'], 'Goal': 'Increase purchase frequency'}",Price-Based Promotions,"SMS, Ads","Coupons, Seasonal Discounts",Increase purchase frequency
35791.0,94,4707,35,6,0.0,High Value Customers,"{'Strategy': 'Loyalty Rewards & Premium Offers', 'Channels': ['Email', 'Personal Calls'], 'Offers': ['Exclusive Discounts', 'Early Access'], 'Goal': 'Increase retention and lifetime value'}",Loyalty Rewards & Premium Offers,"Email, Personal Calls","Exclusive Discounts, Early Access",Increase retention and lifetime value
50611.0,98,4921,493,22,2.0,At Risk Customers,"{'Strategy': 'Re-engagement Campaign', 'Channels': ['Email', 'Push Notifications'], 'Offers': ['Win-back Discounts'], 'Goal': 'Prevent churn'}",Re-engagement Campaign,"Email, Push Notifications",Win-back Discounts,Prevent churn
56242.0,72,4771,971,28,0.0,High Value Customers,"{'Strategy': 'Loyalty Rewards & Premium Offers', 'Channels': ['Email', 'Personal Calls'], 'Offers': ['Exclusive Discounts', 'Early Access'], 'Goal': 'Increase retention and lifetime value'}",Loyalty Rewards & Premium Offers,"Email, Personal Calls","Exclusive Discounts, Early Access",Increase retention and lifetime value
48904.0,1,4862,371,17,0.0,High Value Customers,"{'Strategy': 'Loyalty Rewards & Premium Offers', 'Channels': ['Email', 'Personal Calls'], 'Offers': ['Exclusive Discounts', 'Early Access'], 'Goal': 'Increase retention and lifetime value'}",Loyalty Rewards & Premium Offers,"Email, Personal Calls","Exclusive Discounts, Early Access",Increase retention and lifetime value
56243.0,26,4469,396,20,0.0,High Value Customers,"{'Strategy': 'Loyalty Rewards & Premium Offers', 'Channels': ['Email', 'Personal Calls'], 'Offers': ['Exclusive Discounts', 'Early Access'], 'Goal': 'Increase retention and lifetime value'}",Loyalty Rewards & Premium Offers,"Email, Personal Calls","Exclusive Discounts, Early Access",Increase retention and lifetime value
21355.0,5,4601,68,7,1.0,New Customers,"{'Strategy': 'Welcome Campaign', 'Channels': ['Email', 'SMS'], 'Offers': ['First Purchase Discount'], 'Goal': 'Convert into repeat customers'}",Welcome Campaign,"Email, SMS",First Purchase Discount,Convert into repeat customers
57420.0,22,4657,322,15,1.0,New Customers,"{'Strategy': 'Welcome Campaign', 'Channels': ['Email', 'SMS'], 'Offers': ['First Purchase Discount'], 'Goal': 'Convert into repeat customers'}",Welcome Campaign,"Email, SMS",First Purchase Discount,Convert into repeat customers
52247.25135379061,39,4742,317,14,0.0,High Value Customers,"{'Strategy': 'Loyalty Rewards & Premium Offers', 'Channels': ['Email', 'Personal Calls'], 'Offers': ['Exclusive Discounts', 'Early Access'], 'Goal': 'Increase retention and lifetime value'}",Loyalty Rewards & Premium Offers,"Email, Personal Calls","Exclusive Discounts, Early Access",Increase retention and lifetime value
46390.0,56,4343,222,10,1.0,New Customers,"{'Strategy': 'Welcome Campaign', 'Channels': ['Email', 'SMS'], 'Offers': ['First Purchase Discount'], 'Goal': 'Convert into repeat customers'}",Welcome Campaign,"Email, SMS",First Purchase Discount,Convert into repeat customers
54342.0,74,4649,177,12,0.0,High Value Customers,"{'Strategy': 'Loyalty Rewards & Premium Offers', 'Channels': ['Email', 'Personal Calls'], 'Offers': ['Exclusive Discounts', 'Early Access'], 'Goal': 'Increase retention and lifetime value'}",Loyalty Rewards & Premium Offers,"Email, Personal Calls","Exclusive Discounts, Early Access",Increase retention and lifetime value
52247.25135379061,87,4952,45,5,2.0,At Risk Customers,"{'Strategy': 'Re-engagement Campaign', 'Channels': ['Email', 'Push Notifications'], 'Offers': ['Win-back Discounts'], 'Goal': 'Prevent churn'}",Re-engagement Campaign,"Email, Push Notifications",Win-back Discounts,Prevent churn
52247.25135379061,49,4456,21,4,1.0,New Customers,"{'Strategy': 'Welcome Campaign', 'Channels': ['Email', 'SMS'], 'Offers': ['First Purchase Discount'], 'Goal': 'Convert into repeat customers'}",Welcome Campaign,"Email, SMS",First Purchase Discount,Convert into repeat customers
20895.0,24,4919,45,6,1.0,New Customers,"{'Strategy': 'Welcome Campaign', 'Channels': ['Email', 'SMS'], 'Offers': ['First Purchase Discount'], 'Goal': 'Convert into repeat customers'}",Welcome Campaign,"Email, SMS",First Purchase Discount,Convert into repeat customers
92344.0,9,4453,1899,20,0.0,High Value Customers,"{'Strategy': 'Loyalty Rewards & Premium Offers', 'Channels': ['Email', 'Personal Calls'], 'Offers': ['Exclusive Discounts', 'Early Access'], 'Goal': 'Increase retention and lifetime value'}",Loyalty Rewards & Premium Offers,"Email, Personal Calls","Exclusive Discounts, Early Access",Increase retention and lifetime value
52247.25135379061,17,4407,42,5,2.0,At Risk Customers,"{'Strategy': 'Re-engagement Campaign', 'Channels': ['Email', 'Push Notifications'], 'Offers': ['Win-back Discounts'], 'Goal': 'Prevent churn'}",Re-engagement Campaign,"Email, Push Notifications",Win-back Discounts,Prevent churn
26907.0,10,4601,22,6,2.0,At Risk Customers,"{'Strategy': 'Re-engagement Campaign', 'Channels': ['Email', 'Push Notifications'], 'Offers': ['Win-back Discounts'], 'Goal': 'Prevent churn'}",Re-engagement Campaign,"Email, Push Notifications",Win-back Discounts,Prevent churn
44964.0,35,4848,41,5,1.0,New Customers,"{'Strategy': 'Welcome Campaign', 'Channels': ['Email', 'SMS'], 'Offers': ['First Purchase Discount'], 'Goal': 'Convert into repeat customers'}",Welcome Campaign,"Email, SMS",First Purchase Discount,Convert into repeat customers
75507.0,56,4346,1440,21,1.0,New Customers,"{'Strategy': 'Welcome Campaign', 'Channels': ['Email', 'SMS'], 'Offers': ['First Purchase Discount'], 'Goal': 'Convert into repeat customers'}",Welcome Campaign,"Email, SMS",First Purchase Discount,Convert into repeat customers
53761.0,7,4549,325,17,0.0,High Value Customers,"{'Strategy': 'Loyalty Rewards & Premium Offers', 'Channels': ['Email', 'Personal Calls'], 'Offers': ['Exclusive Discounts', 'Early Access'], 'Goal': 'Increase retention and lifetime value'}",Loyalty Rewards & Premium Offers,"Email, Personal Calls","Exclusive Discounts, Early Access",Increase retention and lifetime value
22682.0,51,4557,95,10,1.0,New Customers,"{'Strategy': 'Welcome Campaign', 'Channels': ['Email', 'SMS'], 'Offers': ['First Purchase Discount'], 'Goal': 'Convert into repeat customers'}",Welcome Campaign,"Email, SMS",First Purchase Discount,Convert into repeat customers
38887.0,17,4407,42,5,2.0,At Risk Customers,"{'Strategy': 'Re-engagement Campaign', 'Channels': ['Email', 'Push Notifications'], 'Offers': ['Win-back Discounts'], 'Goal': 'Prevent churn'}",Re-engagement Campaign,"Email, Push Notifications",Win-back Discounts,Prevent churn
41658.0,30,4885,72,6,1.0,New Customers,"{'Strategy': 'Welcome Campaign', 'Channels': ['Email', 'SMS'], 'Offers': ['First Purchase Discount'], 'Goal': 'Convert into repeat customers'}",Welcome Campaign,"Email, SMS",First Purchase Discount,Convert into repeat customers
29791.0,21,4333,20,7,1.0,New Customers,"{'Strategy': 'Welcome Campaign', 'Channels': ['Email', 'SMS'], 'Offers': ['First Purchase Discount'], 'Goal': 'Convert into repeat customers'}",Welcome Campaign,"Email, SMS",First Purchase Discount,Convert into repeat customers
63915.0,2,4622,789,23,3.0,Budget Buyers,"{'Strategy': 'Price-Based Promotions', 'Channels': ['SMS', 'Ads'], 'Offers': ['Coupons', 'Seasonal Discounts'], 'Goal': 'Increase purchase frequency'}",Price-Based Promotions,"SMS, Ads","Coupons, Seasonal Discounts",Increase purchase frequency
39996.0,85,4326,15,4,0.0,High Value Customers,"{'Strategy': 'Loyalty Rewards & Premium Offers', 'Channels': ['Email', 'Personal Calls'], 'Offers': ['Exclusive Discounts', 'Early Access'], 'Goal': 'Increase retention and lifetime value'}",Loyalty Rewards & Premium Offers,"Email, Personal Calls","Exclusive Discounts, Early Access",Increase retention and lifetime value
26759.0,65,4430,59,8,3.0,Budget Buyers,"{'Strategy': 'Price-Based Promotions', 'Channels': ['SMS', 'Ads'], 'Offers': ['Coupons', 'Seasonal Discounts'], 'Goal': 'Increase purchase frequency'}",Price-Based Promotions,"SMS, Ads","Coupons, Seasonal Discounts",Increase purchase frequency
63841.0,64,4722,908,22,2.0,At Risk Customers,"{'Strategy': 'Re-engagement Campaign', 'Channels': ['Email', 'Push Notifications'], 'Offers': ['Win-back Discounts'], 'Goal': 'Prevent churn'}",Re-engagement Campaign,"Email, Push Notifications",Win-back Discounts,Prevent churn
51039.0,11,4854,417,14,1.0,New Customers,"{'Strategy': 'Welcome Campaign', 'Channels': ['Email', 'SMS'], 'Offers': ['First Purchase Discount'], 'Goal': 'Convert into repeat customers'}",Welcome Campaign,"Email, SMS",First Purchase Discount,Convert into repeat customers
60544.0,92,4961,289,15,0.0,High Value Customers,"{'Strategy': 'Loyalty Rewards & Premium Offers', 'Channels': ['Email', 'Personal Calls'], 'Offers': ['Exclusive Discounts', 'Early Access'], 'Goal': 'Increase retention and lifetime value'}",Loyalty Rewards & Premium Offers,"Email, Personal Calls","Exclusive Discounts, Early Access",Increase retention and lifetime value
65685.0,54,4380,769,21,2.0,At Risk Customers,"{'Strategy': 'Re-engagement Campaign', 'Channels': ['Email', 'Push Notifications'], 'Offers': ['Win-back Discounts'], 'Goal': 'Prevent churn'}",Re-engagement Campaign,"Email, Push Notifications",Win-back Discounts,Prevent churn
37716.0,4,4357,188,10,0.0,High Value Customers,"{'Strategy': 'Loyalty Rewards & Premium Offers', 'Channels': ['Email', 'Personal Calls'], 'Offers': ['Exclusive Discounts', 'Early Access'], 'Goal': 'Increase retention and lifetime value'}",Loyalty Rewards & Premium Offers,"Email, Personal Calls","Exclusive Discounts, Early Access",Increase retention and lifetime value
36864.0,53,4973,354,14,0.0,High Value Customers,"{'Strategy': 'Loyalty Rewards & Premium Offers', 'Channels': ['Email', 'Personal Calls'], 'Offers': ['Exclusive Discounts', 'Early Access'], 'Goal': 'Increase retention and lifetime value'}",Loyalty Rewards & Premium Offers,"Email, Personal Calls","Exclusive Discounts, Early Access",Increase retention and lifetime value
44511.0,39,4913,727,26,2.0,At Risk Customers,"{'Strategy': 'Re-engagement Campaign', 'Channels': ['Email', 'Push Notifications'], 'Offers': ['Win-back Discounts'], 'Goal': 'Prevent churn'}",Re-engagement Campaign,"Email, Push Notifications",Win-back Discounts,Prevent churn
36947.0,49,4979,146,11,0.0,High Value Customers,"{'Strategy': 'Loyalty Rewards & Premium Offers', 'Channels': ['Email', 'Personal Calls'], 'Offers': ['Exclusive Discounts', 'Early Access'], 'Goal': 'Increase retention and lifetime value'}",Loyalty Rewards & Premium Offers,"Email, Personal Calls","Exclusive Discounts, Early Access",Increase retention and lifetime value
47352.0,70,4732,319,16,0.0,High Value Customers,"{'Strategy': 'Loyalty Rewards & Premium Offers', 'Channels': ['Email', 'Personal Calls'], 'Offers': ['Exclusive Discounts', 'Early Access'], 'Goal': 'Increase retention and lifetime value'}",Loyalty Rewards & Premium Offers,"Email, Personal Calls","Exclusive Discounts, Early Access",Increase retention and lifetime value
67087.0,40,4482,794,22,2.0,At Risk Customers,"{'Strategy': 'Re-engagement Campaign', 'Channels': ['Email', 'Push Notifications'], 'Offers': ['Win-back Discounts'], 'Goal': 'Prevent churn'}",Re-engagement Campaign,"Email, Push Notifications",Win-back Discounts,Prevent churn
57045.0,40,4947,454,18,2.0,At Risk Customers,"{'Strategy': 'Re-engagement Campaign', 'Channels': ['Email', 'Push Notifications'], 'Offers': ['Win-back Discounts'], 'Goal': 'Prevent churn'}",Re-engagement Campaign,"Email, Push Notifications",Win-back Discounts,Prevent churn
36957.0,43,4949,152,11,1.0,New Customers,"{'Strategy': 'Welcome Campaign', 'Channels': ['Email', 'SMS'], 'Offers': ['First Purchase Discount'], 'Goal': 'Convert into repeat customers'}",Welcome Campaign,"Email, SMS",First Purchase Discount,Convert into repeat customers
69389.0,17,4927,797,22,2.0,At Risk Customers,"{'Strategy': 'Re-engagement Campaign', 'Channels': ['Email', 'Push Notifications'], 'Offers': ['Win-back Discounts'], 'Goal': 'Prevent churn'}",Re-engagement Campaign,"Email, Push Notifications",Win-back Discounts,Prevent churn
80134.0,40,4693,1690,16,0.0,High Value Customers,"{'Strategy': 'Loyalty Rewards & Premium Offers', 'Channels': ['Email', 'Personal Calls'], 'Offers': ['Exclusive Discounts', 'Early Access'], 'Goal': 'Increase retention and lifetime value'}",Loyalty Rewards & Premium Offers,"Email, Personal Calls","Exclusive Discounts, Early Access",Increase retention and lifetime value
43142.0,84,4419,20,4,3.0,Budget Buyers,"{'Strategy': 'Price-Based Promotions', 'Channels': ['SMS', 'Ads'], 'Offers': ['Coupons', 'Seasonal Discounts'], 'Goal': 'Increase purchase frequency'}",Price-Based Promotions,"SMS, Ads","Coupons, Seasonal Discounts",Increase purchase frequency
80589.0,25,4446,1428,21,0.0,High Value Customers,"{'Strategy': 'Loyalty Rewards & Premium Offers', 'Channels': ['Email', 'Personal Calls'], 'Offers': ['Exclusive Discounts', 'Early Access'], 'Goal': 'Increase retention and lifetime value'}",Loyalty Rewards & Premium Offers,"Email, Personal Calls","Exclusive Discounts, Early Access",Increase retention and lifetime value
34412.0,62,4789,209,11,1.0,New Customers,"{'Strategy': 'Welcome Campaign', 'Channels': ['Email', 'SMS'], 'Offers': ['First Purchase Discount'], 'Goal': 'Convert into repeat customers'}",Welcome Campaign,"Email, SMS",First Purchase Discount,Convert into repeat customers
57537.0,83,4672,545,19,1.0,New Customers,"{'Strategy': 'Welcome Campaign', 'Channels': ['Email', 'SMS'], 'Offers': ['First Purchase Discount'], 'Goal': 'Convert into repeat customers'}",Welcome Campaign,"Email, SMS",First Purchase Discount,Convert into repeat customers
22634.0,47,4817,96,6,1.0,New Customers,"{'Strategy': 'Welcome Campaign', 'Channels': ['Email', 'SMS'], 'Offers': ['First Purchase Discount'], 'Goal': 'Convert into repeat customers'}",Welcome Campaign,"Email, SMS",First Purchase Discount,Convert into repeat customers
51315.0,45,4414,222,10,1.0,New Customers,"{'Strategy': 'Welcome Campaign', 'Channels': ['Email', 'SMS'], 'Offers': ['First Purchase Discount'], 'Goal': 'Convert into repeat customers'}",Welcome Campaign,"Email, SMS",First Purchase Discount,Convert into repeat customers
36026.0,34,4393,61,7,2.0,At Risk Customers,"{'Strategy': 'Re-engagement Campaign', 'Channels': ['Email', 'Push Notifications'], 'Offers': ['Win-back Discounts'], 'Goal': 'Prevent churn'}",Re-engagement Campaign,"Email, Push Notifications",Win-back Discounts,Prevent churn
24639.0,3,4440,44,9,3.0,Budget Buyers,"{'Strategy': 'Price-Based Promotions', 'Channels': ['SMS', 'Ads'], 'Offers': ['Coupons', 'Seasonal Discounts'], 'Goal': 'Increase purchase frequency'}",Price-Based Promotions,"SMS, Ads","Coupons, Seasonal Discounts",Increase purchase frequency
34578.0,1,4367,8,4,1.0,New Customers,"{'Strategy': 'Welcome Campaign', 'Channels': ['Email', 'SMS'], 'Offers': ['First Purchase Discount'], 'Goal': 'Convert into repeat customers'}",Welcome Campaign,"Email, SMS",First Purchase Discount,Convert into repeat customers
65704.0,18,4547,817,23,0.0,High Value Customers,"{'Strategy': 'Loyalty Rewards & Premium Offers', 'Channels': ['Email', 'Personal Calls'], 'Offers': ['Exclusive Discounts', 'Early Access'], 'Goal': 'Increase retention and lifetime value'}",Loyalty Rewards & Premium Offers,"Email, Personal Calls","Exclusive Discounts, Early Access",Increase retention and lifetime value
63810.0,45,4883,1371,23,0.0,High Value Customers,"{'Strategy': 'Loyalty Rewards & Premium Offers', 'Channels': ['Email', 'Personal Calls'], 'Offers': ['Exclusive Discounts', 'Early Access'], 'Goal': 'Increase retention and lifetime value'}",Loyalty Rewards & Premium Offers,"Email, Personal Calls","Exclusive Discounts, Early Access",Increase retention and lifetime value
54132.0,81,4421,42,5,0.0,High Value Customers,"{'Strategy': 'Loyalty Rewards & Premium Offers', 'Channels': ['Email', 'Personal Calls'], 'Offers': ['Exclusive Discounts', 'Early Access'], 'Goal': 'Increase retention and lifetime value'}",Loyalty Rewards & Premium Offers,"Email, Personal Calls","Exclusive Discounts, Early Access",Increase retention and lifetime value
18690.0,77,4836,60,5,1.0,New Customers,"{'Strategy': 'Welcome Campaign', 'Channels': ['Email', 'SMS'], 'Offers': ['First Purchase Discount'], 'Goal': 'Convert into repeat customers'}",Welcome Campaign,"Email, SMS",First Purchase Discount,Convert into repeat customers
28164.0,23,4709,78,9,1.0,New Customers,"{'Strategy': 'Welcome Campaign', 'Channels': ['Email', 'SMS'], 'Offers': ['First Purchase Discount'], 'Goal': 'Convert into repeat customers'}",Welcome Campaign,"Email, SMS",First Purchase Discount,Convert into repeat customers
34596.0,48,4730,23,4,0.0,High Value Customers,"{'Strategy': 'Loyalty Rewards & Premium Offers', 'Channels': ['Email', 'Personal Calls'], 'Offers': ['Exclusive Discounts', 'Early Access'], 'Goal': 'Increase retention and lifetime value'}",Loyalty Rewards & Premium Offers,"Email, Personal Calls","Exclusive Discounts, Early Access",Increase retention and lifetime value
43269.0,61,4574,19,4,0.0,High Value Customers,"{'Strategy': 'Loyalty Rewards & Premium Offers', 'Channels': ['Email', 'Personal Calls'], 'Offers': ['Exclusive Discounts', 'Early Access'], 'Goal': 'Increase retention and lifetime value'}",Loyalty Rewards & Premium Offers,"Email, Personal Calls","Exclusive Discounts, Early Access",Increase retention and lifetime value
38741.0,60,4379,61,7,1.0,New Customers,"{'Strategy': 'Welcome Campaign', 'Channels': ['Email', 'SMS'], 'Offers': ['First Purchase Discount'], 'Goal': 'Convert into repeat customers'}",Welcome Campaign,"Email, SMS",First Purchase Discount,Convert into repeat customers
31907.0,75,4770,449,14,3.0,Budget Buyers,"{'Strategy': 'Price-Based Promotions', 'Channels': ['SMS', 'Ads'], 'Offers': ['Coupons', 'Seasonal Discounts'], 'Goal': 'Increase purchase frequency'}",Price-Based Promotions,"SMS, Ads","Coupons, Seasonal Discounts",Increase purchase frequency
27100.0,64,4738,37,5,1.0,New Customers,"{'Strategy': 'Welcome Campaign', 'Channels': ['Email', 'SMS'], 'Offers': ['First Purchase Discount'], 'Goal': 'Convert into repeat customers'}",Welcome Campaign,"Email, SMS",First Purchase Discount,Convert into repeat customers
31163.0,54,4424,38,5,2.0,At Risk Customers,"{'Strategy': 'Re-engagement Campaign', 'Channels': ['Email', 'Push Notifications'], 'Offers': ['Win-back Discounts'], 'Goal': 'Prevent churn'}",Re-engagement Campaign,"Email, Push Notifications",Win-back Discounts,Prevent churn
92533.0,84,4480,1131,23,0.0,High Value Customers,"{'Strategy': 'Loyalty Rewards & Premium Offers', 'Channels': ['Email', 'Personal Calls'], 'Offers': ['Exclusive Discounts', 'Early Access'], 'Goal': 'Increase retention and lifetime value'}",Loyalty Rewards & Premium Offers,"Email, Personal Calls","Exclusive Discounts, Early Access",Increase retention and lifetime value
34853.0,75,4476,34,7,3.0,Budget Buyers,"{'Strategy': 'Price-Based Promotions', 'Channels': ['SMS', 'Ads'], 'Offers': ['Coupons', 'Seasonal Discounts'], 'Goal': 'Increase purchase frequency'}",Price-Based Promotions,"SMS, Ads","Coupons, Seasonal Discounts",Increase purchase frequency
70844.0,16,4530,294,17,0.0,High Value Customers,"{'Strategy': 'Loyalty Rewards & Premium Offers', 'Channels': ['Email', 'Personal Calls'], 'Offers': ['Exclusive Discounts', 'Early Access'], 'Goal': 'Increase retention and lifetime value'}",Loyalty Rewards & Premium Offers,"Email, Personal Calls","Exclusive Discounts, Early Access",Increase retention and lifetime value
31086.0,79,4709,48,6,1.0,New Customers,"{'Strategy': 'Welcome Campaign', 'Channels': ['Email', 'SMS'], 'Offers': ['First Purchase Discount'], 'Goal': 'Convert into repeat customers'}",Welcome Campaign,"Email, SMS",First Purchase Discount,Convert into repeat customers
60544.0,92,4961,289,15,0.0,High Value Customers,"{'Strategy': 'Loyalty Rewards & Premium Offers', 'Channels': ['Email', 'Personal Calls'], 'Offers': ['Exclusive Discounts', 'Early Access'], 'Goal': 'Increase retention and lifetime value'}",Loyalty Rewards & Premium Offers,"Email, Personal Calls","Exclusive Discounts, Early Access",Increase retention and lifetime value
20491.0,16,4808,30,4,1.0,New Customers,"{'Strategy': 'Welcome Campaign', 'Channels': ['Email', 'SMS'], 'Offers': ['First Purchase Discount'], 'Goal': 'Convert into repeat customers'}",Welcome Campaign,"Email, SMS",First Purchase Discount,Convert into repeat customers
42523.0,96,4355,125,7,1.0,New Customers,"{'Strategy': 'Welcome Campaign', 'Channels': ['Email', 'SMS'], 'Offers': ['First Purchase Discount'], 'Goal': 'Convert into repeat customers'}",Welcome Campaign,"Email, SMS",First Purchase Discount,Convert into repeat customers
39922.0,30,4788,156,9,0.0,High Value Customers,"{'Strategy': 'Loyalty Rewards & Premium Offers', 'Channels': ['Email', 'Personal Calls'], 'Offers': ['Exclusive Discounts', 'Early Access'], 'Goal': 'Increase retention and lifetime value'}",Loyalty Rewards & Premium Offers,"Email, Personal Calls","Exclusive Discounts, Early Access",Increase retention and lifetime value
33402.0,60,4634,70,9,2.0,At Risk Customers,"{'Strategy': 'Re-engagement Campaign', 'Channels': ['Email', 'Push Notifications'], 'Offers': ['Win-back Discounts'], 'Goal': 'Prevent churn'}",Re-engagement Campaign,"Email, Push Notifications",Win-back Discounts,Prevent churn
36408.0,11,4569,22,4,3.0,Budget Buyers,"{'Strategy': 'Price-Based Promotions', 'Channels': ['SMS', 'Ads'], 'Offers': ['Coupons', 'Seasonal Discounts'], 'Goal': 'Increase purchase frequency'}",Price-Based Promotions,"SMS, Ads","Coupons, Seasonal Discounts",Increase purchase frequency
21645.0,75,4952,65,9,1.0,New Customers,"{'Strategy': 'Welcome Campaign', 'Channels': ['Email', 'SMS'], 'Offers': ['First Purchase Discount'], 'Goal': 'Convert into repeat customers'}",Welcome Campaign,"Email, SMS",First Purchase Discount,Convert into repeat customers
78427.0,36,4901,1930,23,3.0,Budget Buyers,"{'Strategy': 'Price-Based Promotions', 'Channels': ['SMS', 'Ads'], 'Offers': ['Coupons', 'Seasonal Discounts'], 'Goal': 'Increase purchase frequency'}",Price-Based Promotions,"SMS, Ads","Coupons, Seasonal Discounts",Increase purchase frequency
82657.0,71,4563,2283,23,3.0,Budget Buyers,"{'Strategy': 'Price-Based Promotions', 'Channels': ['SMS', 'Ads'], 'Offers': ['Coupons', 'Seasonal Discounts'], 'Goal': 'Increase purchase frequency'}",Price-Based Promotions,"SMS, Ads","Coupons, Seasonal Discounts",Increase purchase frequency
51876.0,88,4545,310,13,3.0,Budget Buyers,"{'Strategy': 'Price-Based Promotions', 'Channels': ['SMS', 'Ads'], 'Offers': ['Coupons', 'Seasonal Discounts'], 'Goal': 'Increase purchase frequency'}",Price-Based Promotions,"SMS, Ads","Coupons, Seasonal Discounts",Increase purchase frequency
78041.0,93,4848,1319,18,2.0,At Risk Customers,"{'Strategy': 'Re-engagement Campaign', 'Channels': ['Email', 'Push Notifications'], 'Offers': ['Win-back Discounts'], 'Goal': 'Prevent churn'}",Re-engagement Campaign,"Email, Push Notifications",Win-back Discounts,Prevent churn
52852.0,93,4863,879,26,0.0,High Value Customers,"{'Strategy': 'Loyalty Rewards & Premium Offers', 'Channels': ['Email', 'Personal Calls'], 'Offers': ['Exclusive Discounts', 'Early Access'], 'Goal': 'Increase retention and lifetime value'}",Loyalty Rewards & Premium Offers,"Email, Personal Calls","Exclusive Discounts, Early Access",Increase retention and lifetime value
70038.0,54,4535,1244,17,2.0,At Risk Customers,"{'Strategy': 'Re-engagement Campaign', 'Channels': ['Email', 'Push Notifications'], 'Offers': ['Win-back Discounts'], 'Goal': 'Prevent churn'}",Re-engagement Campaign,"Email, Push Notifications",Win-back Discounts,Prevent churn
69401.0,41,4386,690,17,2.0,At Risk Customers,"{'Strategy': 'Re-engagement Campaign', 'Channels': ['Email', 'Push Notifications'], 'Offers': ['Win-back Discounts'], 'Goal': 'Prevent churn'}",Re-engagement Campaign,"Email, Push Notifications",Win-back Discounts,Prevent churn
46053.0,46,4785,209,12,1.0,New Customers,"{'Strategy': 'Welcome Campaign', 'Channels': ['Email', 'SMS'], 'Offers': ['First Purchase Discount'], 'Goal': 'Convert into repeat customers'}",Welcome Campaign,"Email, SMS",First Purchase Discount,Convert into repeat customers
77343.0,28,4308,1134,17,0.0,High Value Customers,"{'Strategy': 'Loyalty Rewards & Premium Offers', 'Channels': ['Email', 'Personal Calls'], 'Offers': ['Exclusive Discounts', 'Early Access'], 'Goal': 'Increase retention and lifetime value'}",Loyalty Rewards & Premium Offers,"Email, Personal Calls","Exclusive Discounts, Early Access",Increase retention and lifetime value
73892.0,40,4516,1507,23,2.0,At Risk Customers,"{'Strategy': 'Re-engagement Campaign', 'Channels': ['Email', 'Push Notifications'], 'Offers': ['Win-back Discounts'], 'Goal': 'Prevent churn'}",Re-engagement Campaign,"Email, Push Notifications",Win-back Discounts,Prevent churn
40304.0,82,4560,57,6,0.0,High Value Customers,"{'Strategy': 'Loyalty Rewards & Premium Offers', 'Channels': ['Email', 'Personal Calls'], 'Offers': ['Exclusive Discounts', 'Early Access'], 'Goal': 'Increase retention and lifetime value'}",Loyalty Rewards & Premium Offers,"Email, Personal Calls","Exclusive Discounts, Early Access",Increase retention and lifetime value
32727.0,38,4958,529,17,0.0,High Value Customers,"{'Strategy': 'Loyalty Rewards & Premium Offers', 'Channels': ['Email', 'Personal Calls'], 'Offers': ['Exclusive Discounts', 'Early Access'], 'Goal': 'Increase retention and lifetime value'}",Loyalty Rewards & Premium Offers,"Email, Personal Calls","Exclusive Discounts, Early Access",Increase retention and lifetime value
68695.0,3,4292,1091,16,2.0,At Risk Customers,"{'Strategy': 'Re-engagement Campaign', 'Channels': ['Email', 'Push Notifications'], 'Offers': ['Win-back Discounts'], 'Goal': 'Prevent churn'}",Re-engagement Campaign,"Email, Push Notifications",Win-back Discounts,Prevent churn
43300.0,87,4912,180,11,0.0,High Value Customers,"{'Strategy': 'Loyalty Rewards & Premium Offers', 'Channels': ['Email', 'Personal Calls'], 'Offers': ['Exclusive Discounts', 'Early Access'], 'Goal': 'Increase retention and lifetime value'}",Loyalty Rewards & Premium Offers,"Email, Personal Calls","Exclusive Discounts, Early Access",Increase retention and lifetime value
26290.0,49,4821,77,10,2.0,At Risk Customers,"{'Strategy': 'Re-engagement Campaign', 'Channels': ['Email', 'Push Notifications'], 'Offers': ['Win-back Discounts'], 'Goal': 'Prevent churn'}",Re-engagement Campaign,"Email, Push Notifications",Win-back Discounts,Prevent churn
93790.0,16,4425,2349,25,2.0,At Risk Customers,"{'Strategy': 'Re-engagement Campaign', 'Channels': ['Email', 'Push Notifications'], 'Offers': ['Win-back Discounts'], 'Goal': 'Prevent churn'}",Re-engagement Campaign,"Email, Push Notifications",Win-back Discounts,Prevent churn
38410.0,65,4941,534,18,1.0,New Customers,"{'Strategy': 'Welcome Campaign', 'Channels': ['Email', 'SMS'], 'Offers': ['First Purchase Discount'], 'Goal': 'Convert into repeat customers'}",Welcome Campaign,"Email, SMS",First Purchase Discount,Convert into repeat customers
64866.0,9,4442,556,21,1.0,New Customers,"{'Strategy': 'Welcome Campaign', 'Channels': ['Email', 'SMS'], 'Offers': ['First Purchase Discount'], 'Goal': 'Convert into repeat customers'}",Welcome Campaign,"Email, SMS",First Purchase Discount,Convert into repeat customers
57957.0,24,4602,637,25,0.0,High Value Customers,"{'Strategy': 'Loyalty Rewards & Premium Offers', 'Channels': ['Email', 'Personal Calls'], 'Offers': ['Exclusive Discounts', 'Early Access'], 'Goal': 'Increase retention and lifetime value'}",Loyalty Rewards & Premium Offers,"Email, Personal Calls","Exclusive Discounts, Early Access",Increase retention and lifetime value
46015.0,25,4365,46,5,2.0,At Risk Customers,"{'Strategy': 'Re-engagement Campaign', 'Channels': ['Email', 'Push Notifications'], 'Offers': ['Win-back Discounts'], 'Goal': 'Prevent churn'}",Re-engagement Campaign,"Email, Push Notifications",Win-back Discounts,Prevent churn
16531.0,43,4299,44,9,3.0,Budget Buyers,"{'Strategy': 'Price-Based Promotions', 'Channels': ['SMS', 'Ads'], 'Offers': ['Coupons', 'Seasonal Discounts'], 'Goal': 'Increase purchase frequency'}",Price-Based Promotions,"SMS, Ads","Coupons, Seasonal Discounts",Increase purchase frequency
28072.0,10,4644,47,5,3.0,Budget Buyers,"{'Strategy': 'Price-Based Promotions', 'Channels': ['SMS', 'Ads'], 'Offers': ['Coupons', 'Seasonal Discounts'], 'Goal': 'Increase purchase frequency'}",Price-Based Promotions,"SMS, Ads","Coupons, Seasonal Discounts",Increase purchase frequency
49476.0,29,4662,795,22,1.0,New Customers,"{'Strategy': 'Welcome Campaign', 'Channels': ['Email', 'SMS'], 'Offers': ['First Purchase Discount'], 'Goal': 'Convert into repeat customers'}",Welcome Campaign,"Email, SMS",First Purchase Discount,Convert into repeat customers
50725.0,45,4789,586,21,2.0,At Risk Customers,"{'Strategy': 'Re-engagement Campaign', 'Channels': ['Email', 'Push Notifications'], 'Offers': ['Win-back Discounts'], 'Goal': 'Prevent churn'}",Re-engagement Campaign,"Email, Push Notifications",Win-back Discounts,Prevent churn
83844.0,57,4701,1574,20,1.0,New Customers,"{'Strategy': 'Welcome Campaign', 'Channels': ['Email', 'SMS'], 'Offers': ['First Purchase Discount'], 'Goal': 'Convert into repeat customers'}",Welcome Campaign,"Email, SMS",First Purchase Discount,Convert into repeat customers
41145.0,20,4429,13,4,0.0,High Value Customers,"{'Strategy': 'Loyalty Rewards & Premium Offers', 'Channels': ['Email', 'Personal Calls'], 'Offers': ['Exclusive Discounts', 'Early Access'], 'Goal': 'Increase retention and lifetime value'}",Loyalty Rewards & Premium Offers,"Email, Personal Calls","Exclusive Discounts, Early Access",Increase retention and lifetime value
67419.0,29,4817,1471,25,0.0,High Value Customers,"{'Strategy': 'Loyalty Rewards & Premium Offers', 'Channels': ['Email', 'Personal Calls'], 'Offers': ['Exclusive Discounts', 'Early Access'], 'Goal': 'Increase retention and lifetime value'}",Loyalty Rewards & Premium Offers,"Email, Personal Calls","Exclusive Discounts, Early Access",Increase retention and lifetime value
23162.0,82,4478,65,8,3.0,Budget Buyers,"{'Strategy': 'Price-Based Promotions', 'Channels': ['SMS', 'Ads'], 'Offers': ['Coupons', 'Seasonal Discounts'], 'Goal': 'Increase purchase frequency'}",Price-Based Promotions,"SMS, Ads","Coupons, Seasonal Discounts",Increase purchase frequency
34380.0,68,4711,175,12,2.0,At Risk Customers,"{'Strategy': 'Re-engagement Campaign', 'Channels': ['Email', 'Push Notifications'], 'Offers': ['Win-back Discounts'], 'Goal': 'Prevent churn'}",Re-engagement Campaign,"Email, Push Notifications",Win-back Discounts,Prevent churn
34704.0,65,4716,40,5,0.0,High Value Customers,"{'Strategy': 'Loyalty Rewards & Premium Offers', 'Channels': ['Email', 'Personal Calls'], 'Offers': ['Exclusive Discounts', 'Early Access'], 'Goal': 'Increase retention and lifetime value'}",Loyalty Rewards & Premium Offers,"Email, Personal Calls","Exclusive Discounts, Early Access",Increase retention and lifetime value
94871.0,99,4954,1078,18,3.0,Budget Buyers,"{'Strategy': 'Price-Based Promotions', 'Channels': ['SMS', 'Ads'], 'Offers': ['Coupons', 'Seasonal Discounts'], 'Goal': 'Increase purchase frequency'}",Price-Based Promotions,"SMS, Ads","Coupons, Seasonal Discounts",Increase purchase frequency
65148.0,9,4878,1115,21,1.0,New Customers,"{'Strategy': 'Welcome Campaign', 'Channels': ['Email', 'SMS'], 'Offers': ['First Purchase Discount'], 'Goal': 'Convert into repeat customers'}",Welcome Campaign,"Email, SMS",First Purchase Discount,Convert into repeat customers
39898.0,20,4790,134,9,1.0,New Customers,"{'Strategy': 'Welcome Campaign', 'Channels': ['Email', 'SMS'], 'Offers': ['First Purchase Discount'], 'Goal': 'Convert into repeat customers'}",Welcome Campaign,"Email, SMS",First Purchase Discount,Convert into repeat customers
64857.0,78,4871,1540,23,3.0,Budget Buyers,"{'Strategy': 'Price-Based Promotions', 'Channels': ['SMS', 'Ads'], 'Offers': ['Coupons', 'Seasonal Discounts'], 'Goal': 'Increase purchase frequency'}",Price-Based Promotions,"SMS, Ads","Coupons, Seasonal Discounts",Increase purchase frequency
59892.0,26,4527,87,7,2.0,At Risk Customers,"{'Strategy': 'Re-engagement Campaign', 'Channels': ['Email', 'Push Notifications'], 'Offers': ['Win-back Discounts'], 'Goal': 'Prevent churn'}",Re-engagement Campaign,"Email, Push Notifications",Win-back Discounts,Prevent churn
41020.0,68,4532,217,10,3.0,Budget Buyers,"{'Strategy': 'Price-Based Promotions', 'Channels': ['SMS', 'Ads'], 'Offers': ['Coupons', 'Seasonal Discounts'], 'Goal': 'Increase purchase frequency'}",Price-Based Promotions,"SMS, Ads","Coupons, Seasonal Discounts",Increase purchase frequency
57072.0,79,4444,1034,27,1.0,New Customers,"{'Strategy': 'Welcome Campaign', 'Channels': ['Email', 'SMS'], 'Offers': ['First Purchase Discount'], 'Goal': 'Convert into repeat customers'}",Welcome Campaign,"Email, SMS",First Purchase Discount,Convert into repeat customers
60474.0,25,4742,1180,31,1.0,New Customers,"{'Strategy': 'Welcome Campaign', 'Channels': ['Email', 'SMS'], 'Offers': ['First Purchase Discount'], 'Goal': 'Convert into repeat customers'}",Welcome Campaign,"Email, SMS",First Purchase Discount,Convert into repeat customers
62807.0,83,4955,819,23,3.0,Budget Buyers,"{'Strategy': 'Price-Based Promotions', 'Channels': ['SMS', 'Ads'], 'Offers': ['Coupons', 'Seasonal Discounts'], 'Goal': 'Increase purchase frequency'}",Price-Based Promotions,"SMS, Ads","Coupons, Seasonal Discounts",Increase purchase frequency
19414.0,32,4544,32,5,3.0,Budget Buyers,"{'Strategy': 'Price-Based Promotions', 'Channels': ['SMS', 'Ads'], 'Offers': ['Coupons', 'Seasonal Discounts'], 'Goal': 'Increase purchase frequency'}",Price-Based Promotions,"SMS, Ads","Coupons, Seasonal Discounts",Increase purchase frequency
19107.0,49,4599,46,6,3.0,Budget Buyers,"{'Strategy': 'Price-Based Promotions', 'Channels': ['SMS', 'Ads'], 'Offers': ['Coupons', 'Seasonal Discounts'], 'Goal': 'Increase purchase frequency'}",Price-Based Promotions,"SMS, Ads","Coupons, Seasonal Discounts",Increase purchase frequency
75484.0,50,4984,1159,18,2.0,At Risk Customers,"{'Strategy': 'Re-engagement Campaign', 'Channels': ['Email', 'Push Notifications'], 'Offers': ['Win-back Discounts'], 'Goal': 'Prevent churn'}",Re-engagement Campaign,"Email, Push Notifications",Win-back Discounts,Prevent churn
70379.0,84,4771,860,25,3.0,Budget Buyers,"{'Strategy': 'Price-Based Promotions', 'Channels': ['SMS', 'Ads'], 'Offers': ['Coupons', 'Seasonal Discounts'], 'Goal': 'Increase purchase frequency'}",Price-Based Promotions,"SMS, Ads","Coupons, Seasonal Discounts",Increase purchase frequency
79419.0,96,4295,1631,15,1.0,New Customers,"{'Strategy': 'Welcome Campaign', 'Channels': ['Email', 'SMS'], 'Offers': ['First Purchase Discount'], 'Goal': 'Convert into repeat customers'}",Welcome Campaign,"Email, SMS",First Purchase Discount,Convert into repeat customers
64014.0,56,4307,444,22,2.0,At Risk Customers,"{'Strategy': 'Re-engagement Campaign', 'Channels': ['Email', 'Push Notifications'], 'Offers': ['Win-back Discounts'], 'Goal': 'Prevent churn'}",Re-engagement Campaign,"Email, Push Notifications",Win-back Discounts,Prevent churn
76998.0,85,4822,1910,29,0.0,High Value Customers,"{'Strategy': 'Loyalty Rewards & Premium Offers', 'Channels': ['Email', 'Personal Calls'], 'Offers': ['Exclusive Discounts', 'Early Access'], 'Goal': 'Increase retention and lifetime value'}",Loyalty Rewards & Premium Offers,"Email, Personal Calls","Exclusive Discounts, Early Access",Increase retention and lifetime value
49854.0,63,4519,380,18,3.0,Budget Buyers,"{'Strategy': 'Price-Based Promotions', 'Channels': ['SMS', 'Ads'], 'Offers': ['Coupons', 'Seasonal Discounts'], 'Goal': 'Increase purchase frequency'}",Price-Based Promotions,"SMS, Ads","Coupons, Seasonal Discounts",Increase purchase frequency
60585.0,17,4658,736,30,2.0,At Risk Customers,"{'Strategy': 'Re-engagement Campaign', 'Channels': ['Email', 'Push Notifications'], 'Offers': ['Win-back Discounts'], 'Goal': 'Prevent churn'}",Re-engagement Campaign,"Email, Push Notifications",Win-back Discounts,Prevent churn
42873.0,11,4812,269,15,1.0,New Customers,"{'Strategy': 'Welcome Campaign', 'Channels': ['Email', 'SMS'], 'Offers': ['First Purchase Discount'], 'Goal': 'Convert into repeat customers'}",Welcome Campaign,"Email, SMS",First Purchase Discount,Convert into repeat customers
87679.0,62,4625,2524,29,3.0,Budget Buyers,"{'Strategy': 'Price-Based Promotions', 'Channels': ['SMS', 'Ads'], 'Offers': ['Coupons', 'Seasonal Discounts'], 'Goal': 'Increase purchase frequency'}",Price-Based Promotions,"SMS, Ads","Coupons, Seasonal Discounts",Increase purchase frequency
57867.0,48,4559,612,25,1.0,New Customers,"{'Strategy': 'Welcome Campaign', 'Channels': ['Email', 'SMS'], 'Offers': ['First Purchase Discount'], 'Goal': 'Convert into repeat customers'}",Welcome Campaign,"Email, SMS",First Purchase Discount,Convert into repeat customers
35765.0,86,4488,75,8,2.0,At Risk Customers,"{'Strategy': 'Re-engagement Campaign', 'Channels': ['Email', 'Push Notifications'], 'Offers': ['Win-back Discounts'], 'Goal': 'Prevent churn'}",Re-engagement Campaign,"Email, Push Notifications",Win-back Discounts,Prevent churn
65492.0,73,4442,1045,26,2.0,At Risk Customers,"{'Strategy': 'Re-engagement Campaign', 'Channels': ['Email', 'Push Notifications'], 'Offers': ['Win-back Discounts'], 'Goal': 'Prevent churn'}",Re-engagement Campaign,"Email, Push Notifications",Win-back Discounts,Prevent churn
32952.0,36,4498,55,6,3.0,Budget Buyers,"{'Strategy': 'Price-Based Promotions', 'Channels': ['SMS', 'Ads'], 'Offers': ['Coupons', 'Seasonal Discounts'], 'Goal': 'Increase purchase frequency'}",Price-Based Promotions,"SMS, Ads","Coupons, Seasonal Discounts",Increase purchase frequency
53374.0,34,4970,1064,21,3.0,Budget Buyers,"{'Strategy': 'Price-Based Promotions', 'Channels': ['SMS', 'Ads'], 'Offers': ['Coupons', 'Seasonal Discounts'], 'Goal': 'Increase purchase frequency'}",Price-Based Promotions,"SMS, Ads","Coupons, Seasonal Discounts",Increase purchase frequency
71706.0,16,4881,1443,25,1.0,New Customers,"{'Strategy': 'Welcome Campaign', 'Channels': ['Email', 'SMS'], 'Offers': ['First Purchase Discount'], 'Goal': 'Convert into repeat customers'}",Welcome Campaign,"Email, SMS",First Purchase Discount,Convert into repeat customers
68487.0,48,4820,1366,30,0.0,High Value Customers,"{'Strategy': 'Loyalty Rewards & Premium Offers', 'Channels': ['Email', 'Personal Calls'], 'Offers': ['Exclusive Discounts', 'Early Access'], 'Goal': 'Increase retention and lifetime value'}",Loyalty Rewards & Premium Offers,"Email, Personal Calls","Exclusive Discounts, Early Access",Increase retention and lifetime value
53253.0,61,4791,436,19,3.0,Budget Buyers,"{'Strategy': 'Price-Based Promotions', 'Channels': ['SMS', 'Ads'], 'Offers': ['Coupons', 'Seasonal Discounts'], 'Goal': 'Increase purchase frequency'}",Price-Based Promotions,"SMS, Ads","Coupons, Seasonal Discounts",Increase purchase frequency
31163.0,54,4424,38,5,2.0,At Risk Customers,"{'Strategy': 'Re-engagement Campaign', 'Channels': ['Email', 'Push Notifications'], 'Offers': ['Win-back Discounts'], 'Goal': 'Prevent churn'}",Re-engagement Campaign,"Email, Push Notifications",Win-back Discounts,Prevent churn
42014.0,56,4969,436,20,3.0,Budget Buyers,"{'Strategy': 'Price-Based Promotions', 'Channels': ['SMS', 'Ads'], 'Offers': ['Coupons', 'Seasonal Discounts'], 'Goal': 'Increase purchase frequency'}",Price-Based Promotions,"SMS, Ads","Coupons, Seasonal Discounts",Increase purchase frequency
54108.0,74,4889,747,32,2.0,At Risk Customers,"{'Strategy': 'Re-engagement Campaign', 'Channels': ['Email', 'Push Notifications'], 'Offers': ['Win-back Discounts'], 'Goal': 'Prevent churn'}",Re-engagement Campaign,"Email, Push Notifications",Win-back Discounts,Prevent churn
49667.0,35,4966,1396,22,3.0,Budget Buyers,"{'Strategy': 'Price-Based Promotions', 'Channels': ['SMS', 'Ads'], 'Offers': ['Coupons', 'Seasonal Discounts'], 'Goal': 'Increase purchase frequency'}",Price-Based Promotions,"SMS, Ads","Coupons, Seasonal Discounts",Increase purchase frequency
63206.0,65,4389,928,14,2.0,At Risk Customers,"{'Strategy': 'Re-engagement Campaign', 'Channels': ['Email', 'Push Notifications'], 'Offers': ['Win-back Discounts'], 'Goal': 'Prevent churn'}",Re-engagement Campaign,"Email, Push Notifications",Win-back Discounts,Prevent churn
57136.0,48,4643,642,26,2.0,At Risk Customers,"{'Strategy': 'Re-engagement Campaign', 'Channels': ['Email', 'Push Notifications'], 'Offers': ['Win-back Discounts'], 'Goal': 'Prevent churn'}",Re-engagement Campaign,"Email, Push Notifications",Win-back Discounts,Prevent churn
46772.0,88,4887,1048,30,2.0,At Risk Customers,"{'Strategy': 'Re-engagement Campaign', 'Channels': ['Email', 'Push Notifications'], 'Offers': ['Win-back Discounts'], 'Goal': 'Prevent churn'}",Re-engagement Campaign,"Email, Push Notifications",Win-back Discounts,Prevent churn
78931.0,19,4535,943,24,0.0,High Value Customers,"{'Strategy': 'Loyalty Rewards & Premium Offers', 'Channels': ['Email', 'Personal Calls'], 'Offers': ['Exclusive Discounts', 'Early Access'], 'Goal': 'Increase retention and lifetime value'}",Loyalty Rewards & Premium Offers,"Email, Personal Calls","Exclusive Discounts, Early Access",Increase retention and lifetime value
53977.0,21,4674,907,27,3.0,Budget Buyers,"{'Strategy': 'Price-Based Promotions', 'Channels': ['SMS', 'Ads'], 'Offers': ['Coupons', 'Seasonal Discounts'], 'Goal': 'Increase purchase frequency'}",Price-Based Promotions,"SMS, Ads","Coupons, Seasonal Discounts",Increase purchase frequency
84219.0,27,4435,1198,18,2.0,At Risk Customers,"{'Strategy': 'Re-engagement Campaign', 'Channels': ['Email', 'Push Notifications'], 'Offers': ['Win-back Discounts'], 'Goal': 'Prevent churn'}",Re-engagement Campaign,"Email, Push Notifications",Win-back Discounts,Prevent churn
46098.0,86,4968,120,11,0.0,High Value Customers,"{'Strategy': 'Loyalty Rewards & Premium Offers', 'Channels': ['Email', 'Personal Calls'], 'Offers': ['Exclusive Discounts', 'Early Access'], 'Goal': 'Increase retention and lifetime value'}",Loyalty Rewards & Premium Offers,"Email, Personal Calls","Exclusive Discounts, Early Access",Increase retention and lifetime value
73538.0,92,4869,1658,26,1.0,New Customers,"{'Strategy': 'Welcome Campaign', 'Channels': ['Email', 'SMS'], 'Offers': ['First Purchase Discount'], 'Goal': 'Convert into repeat customers'}",Welcome Campaign,"Email, SMS",First Purchase Discount,Convert into repeat customers
79529.0,1,4351,1638,22,3.0,Budget Buyers,"{'Strategy': 'Price-Based Promotions', 'Channels': ['SMS', 'Ads'], 'Offers': ['Coupons', 'Seasonal Discounts'], 'Goal': 'Increase purchase frequency'}",Price-Based Promotions,"SMS, Ads","Coupons, Seasonal Discounts",Increase purchase frequency
20981.0,14,4713,73,7,1.0,New Customers,"{'Strategy': 'Welcome Campaign', 'Channels': ['Email', 'SMS'], 'Offers': ['First Purchase Discount'], 'Goal': 'Convert into repeat customers'}",Welcome Campaign,"Email, SMS",First Purchase Discount,Convert into repeat customers
51766.0,74,4398,275,12,1.0,New Customers,"{'Strategy': 'Welcome Campaign', 'Channels': ['Email', 'SMS'], 'Offers': ['First Purchase Discount'], 'Goal': 'Convert into repeat customers'}",Welcome Campaign,"Email, SMS",First Purchase Discount,Convert into repeat customers
55759.0,84,4866,854,26,0.0,High Value Customers,"{'Strategy': 'Loyalty Rewards & Premium Offers', 'Channels': ['Email', 'Personal Calls'], 'Offers': ['Exclusive Discounts', 'Early Access'], 'Goal': 'Increase retention and lifetime value'}",Loyalty Rewards & Premium Offers,"Email, Personal Calls","Exclusive Discounts, Early Access",Increase retention and lifetime value
33039.0,4,4581,78,7,3.0,Budget Buyers,"{'Strategy': 'Price-Based Promotions', 'Channels': ['SMS', 'Ads'], 'Offers': ['Coupons', 'Seasonal Discounts'], 'Goal': 'Increase purchase frequency'}",Price-Based Promotions,"SMS, Ads","Coupons, Seasonal Discounts",Increase purchase frequency
37787.0,50,4570,106,7,2.0,At Risk Customers,"{'Strategy': 'Re-engagement Campaign', 'Channels': ['Email', 'Push Notifications'], 'Offers': ['Win-back Discounts'], 'Goal': 'Prevent churn'}",Re-engagement Campaign,"Email, Push Notifications",Win-back Discounts,Prevent churn
27242.0,2,4883,106,7,1.0,New Customers,"{'Strategy': 'Welcome Campaign', 'Channels': ['Email', 'SMS'], 'Offers': ['First Purchase Discount'], 'Goal': 'Convert into repeat customers'}",Welcome Campaign,"Email, SMS",First Purchase Discount,Convert into repeat customers
87188.0,73,4679,1923,19,1.0,New Customers,"{'Strategy': 'Welcome Campaign', 'Channels': ['Email', 'SMS'], 'Offers': ['First Purchase Discount'], 'Goal': 'Convert into repeat customers'}",Welcome Campaign,"Email, SMS",First Purchase Discount,Convert into repeat customers
69930.0,21,4687,1662,22,0.0,High Value Customers,"{'Strategy': 'Loyalty Rewards & Premium Offers', 'Channels': ['Email', 'Personal Calls'], 'Offers': ['Exclusive Discounts', 'Early Access'], 'Goal': 'Increase retention and lifetime value'}",Loyalty Rewards & Premium Offers,"Email, Personal Calls","Exclusive Discounts, Early Access",Increase retention and lifetime value
37697.0,82,4430,84,7,2.0,At Risk Customers,"{'Strategy': 'Re-engagement Campaign', 'Channels': ['Email', 'Push Notifications'], 'Offers': ['Win-back Discounts'], 'Goal': 'Prevent churn'}",Re-engagement Campaign,"Email, Push Notifications",Win-back Discounts,Prevent churn
37401.0,14,4342,48,7,2.0,At Risk Customers,"{'Strategy': 'Re-engagement Campaign', 'Channels': ['Email', 'Push Notifications'], 'Offers': ['Win-back Discounts'], 'Goal': 'Prevent churn'}",Re-engagement Campaign,"Email, Push Notifications",Win-back Discounts,Prevent churn
3502.0,56,4730,5,0,0.0,High Value Customers,"{'Strategy': 'Loyalty Rewards & Premium Offers', 'Channels': ['Email', 'Personal Calls'], 'Offers': ['Exclusive Discounts', 'Early Access'], 'Goal': 'Increase retention and lifetime value'}",Loyalty Rewards & Premium Offers,"Email, Personal Calls","Exclusive Discounts, Early Access",Increase retention and lifetime value
58597.0,20,4874,733,32,2.0,At Risk Customers,"{'Strategy': 'Re-engagement Campaign', 'Channels': ['Email', 'Push Notifications'], 'Offers': ['Win-back Discounts'], 'Goal': 'Prevent churn'}",Re-engagement Campaign,"Email, Push Notifications",Win-back Discounts,Prevent churn
82032.0,54,4373,1234,17,0.0,High Value Customers,"{'Strategy': 'Loyalty Rewards & Premium Offers', 'Channels': ['Email', 'Personal Calls'], 'Offers': ['Exclusive Discounts', 'Early Access'], 'Goal': 'Increase retention and lifetime value'}",Loyalty Rewards & Premium Offers,"Email, Personal Calls","Exclusive Discounts, Early Access",Increase retention and lifetime value
28087.0,77,4853,112,9,2.0,At Risk Customers,"{'Strategy': 'Re-engagement Campaign', 'Channels': ['Email', 'Push Notifications'], 'Offers': ['Win-back Discounts'], 'Goal': 'Prevent churn'}",Re-engagement Campaign,"Email, Push Notifications",Win-back Discounts,Prevent churn
74004.0,5,4413,1658,15,0.0,High Value Customers,"{'Strategy': 'Loyalty Rewards & Premium Offers', 'Channels': ['Email', 'Personal Calls'], 'Offers': ['Exclusive Discounts', 'Early Access'], 'Goal': 'Increase retention and lifetime value'}",Loyalty Rewards & Premium Offers,"Email, Personal Calls","Exclusive Discounts, Early Access",Increase retention and lifetime value
19740.0,65,4750,55,7,2.0,At Risk Customers,"{'Strategy': 'Re-engagement Campaign', 'Channels': ['Email', 'Push Notifications'], 'Offers': ['Win-back Discounts'], 'Goal': 'Prevent churn'}",Re-engagement Campaign,"Email, Push Notifications",Win-back Discounts,Prevent churn
57036.0,33,4853,1513,26,0.0,High Value Customers,"{'Strategy': 'Loyalty Rewards & Premium Offers', 'Channels': ['Email', 'Personal Calls'], 'Offers': ['Exclusive Discounts', 'Early Access'], 'Goal': 'Increase retention and lifetime value'}",Loyalty Rewards & Premium Offers,"Email, Personal Calls","Exclusive Discounts, Early Access",Increase retention and lifetime value
53083.0,65,4698,271,17,0.0,High Value Customers,"{'Strategy': 'Loyalty Rewards & Premium Offers', 'Channels': ['Email', 'Personal Calls'], 'Offers': ['Exclusive Discounts', 'Early Access'], 'Goal': 'Increase retention and lifetime value'}",Loyalty Rewards & Premium Offers,"Email, Personal Calls","Exclusive Discounts, Early Access",Increase retention and lifetime value
69283.0,41,4303,904,27,0.0,High Value Customers,"{'Strategy': 'Loyalty Rewards & Premium Offers', 'Channels': ['Email', 'Personal Calls'], 'Offers': ['Exclusive Discounts', 'Early Access'], 'Goal': 'Increase retention and lifetime value'}",Loyalty Rewards & Premium Offers,"Email, Personal Calls","Exclusive Discounts, Early Access",Increase retention and lifetime value
46098.0,86,4968,120,11,1.0,New Customers,"{'Strategy': 'Welcome Campaign', 'Channels': ['Email', 'SMS'], 'Offers': ['First Purchase Discount'], 'Goal': 'Convert into repeat customers'}",Welcome Campaign,"Email, SMS",First Purchase Discount,Convert into repeat customers
23331.0,92,4951,103,8,2.0,At Risk Customers,"{'Strategy': 'Re-engagement Campaign', 'Channels': ['Email', 'Push Notifications'], 'Offers': ['Win-back Discounts'], 'Goal': 'Prevent churn'}",Re-engagement Campaign,"Email, Push Notifications",Win-back Discounts,Prevent churn
23331.0,97,4920,269,17,3.0,Budget Buyers,"{'Strategy': 'Price-Based Promotions', 'Channels': ['SMS', 'Ads'], 'Offers': ['Coupons', 'Seasonal Discounts'], 'Goal': 'Increase purchase frequency'}",Price-Based Promotions,"SMS, Ads","Coupons, Seasonal Discounts",Increase purchase frequency
9255.0,91,4479,22,5,2.0,At Risk Customers,"{'Strategy': 'Re-engagement Campaign', 'Channels': ['Email', 'Push Notifications'], 'Offers': ['Win-back Discounts'], 'Goal': 'Prevent churn'}",Re-engagement Campaign,"Email, Push Notifications",Win-back Discounts,Prevent churn
67786.0,0,4492,1156,16,1.0,New Customers,"{'Strategy': 'Welcome Campaign', 'Channels': ['Email', 'SMS'], 'Offers': ['First Purchase Discount'], 'Goal': 'Convert into repeat customers'}",Welcome Campaign,"Email, SMS",First Purchase Discount,Convert into repeat customers
71969.0,59,4909,1086,19,3.0,Budget Buyers,"{'Strategy': 'Price-Based Promotions', 'Channels': ['SMS', 'Ads'], 'Offers': ['Coupons', 'Seasonal Discounts'], 'Goal': 'Increase purchase frequency'}",Price-Based Promotions,"SMS, Ads","Coupons, Seasonal Discounts",Increase purchase frequency
59235.0,4,4821,1128,28,3.0,Budget Buyers,"{'Strategy': 'Price-Based Promotions', 'Channels': ['SMS', 'Ads'], 'Offers': ['Coupons', 'Seasonal Discounts'], 'Goal': 'Increase purchase frequency'}",Price-Based Promotions,"SMS, Ads","Coupons, Seasonal Discounts",Increase purchase frequency
31928.0,5,4381,72,9,1.0,New Customers,"{'Strategy': 'Welcome Campaign', 'Channels': ['Email', 'SMS'], 'Offers': ['First Purchase Discount'], 'Goal': 'Convert into repeat customers'}",Welcome Campaign,"Email, SMS",First Purchase Discount,Convert into repeat customers
74881.0,48,4766,964,27,3.0,Budget Buyers,"{'Strategy': 'Price-Based Promotions', 'Channels': ['SMS', 'Ads'], 'Offers': ['Coupons', 'Seasonal Discounts'], 'Goal': 'Increase purchase frequency'}",Price-Based Promotions,"SMS, Ads","Coupons, Seasonal Discounts",Increase purchase frequency
65819.0,99,4865,1383,20,0.0,High Value Customers,"{'Strategy': 'Loyalty Rewards & Premium Offers', 'Channels': ['Email', 'Personal Calls'], 'Offers': ['Exclusive Discounts', 'Early Access'], 'Goal': 'Increase retention and lifetime value'}",Loyalty Rewards & Premium Offers,"Email, Personal Calls","Exclusive Discounts, Early Access",Increase retention and lifetime value
51411.0,81,4687,18,4,1.0,New Customers,"{'Strategy': 'Welcome Campaign', 'Channels': ['Email', 'SMS'], 'Offers': ['First Purchase Discount'], 'Goal': 'Convert into repeat customers'}",Welcome Campaign,"Email, SMS",First Purchase Discount,Convert into repeat customers
51983.0,95,4955,793,24,0.0,High Value Customers,"{'Strategy': 'Loyalty Rewards & Premium Offers', 'Channels': ['Email', 'Personal Calls'], 'Offers': ['Exclusive Discounts', 'Early Access'], 'Goal': 'Increase retention and lifetime value'}",Loyalty Rewards & Premium Offers,"Email, Personal Calls","Exclusive Discounts, Early Access",Increase retention and lifetime value
42386.0,43,4820,100,7,3.0,Budget Buyers,"{'Strategy': 'Price-Based Promotions', 'Channels': ['SMS', 'Ads'], 'Offers': ['Coupons', 'Seasonal Discounts'], 'Goal': 'Increase purchase frequency'}",Price-Based Promotions,"SMS, Ads","Coupons, Seasonal Discounts",Increase purchase frequency
30390.0,5,4588,80,6,0.0,High Value Customers,"{'Strategy': 'Loyalty Rewards & Premium Offers', 'Channels': ['Email', 'Personal Calls'], 'Offers': ['Exclusive Discounts', 'Early Access'], 'Goal': 'Increase retention and lifetime value'}",Loyalty Rewards & Premium Offers,"Email, Personal Calls","Exclusive Discounts, Early Access",Increase retention and lifetime value
30983.0,50,4885,167,8,1.0,New Customers,"{'Strategy': 'Welcome Campaign', 'Channels': ['Email', 'SMS'], 'Offers': ['First Purchase Discount'], 'Goal': 'Convert into repeat customers'}",Welcome Campaign,"Email, SMS",First Purchase Discount,Convert into repeat customers
66033.0,76,4813,677,20,2.0,At Risk Customers,"{'Strategy': 'Re-engagement Campaign', 'Channels': ['Email', 'Push Notifications'], 'Offers': ['Win-back Discounts'], 'Goal': 'Prevent churn'}",Re-engagement Campaign,"Email, Push Notifications",Win-back Discounts,Prevent churn
37284.0,46,4745,23,4,3.0,Budget Buyers,"{'Strategy': 'Price-Based Promotions', 'Channels': ['SMS', 'Ads'], 'Offers': ['Coupons', 'Seasonal Discounts'], 'Goal': 'Increase purchase frequency'}",Price-Based Promotions,"SMS, Ads","Coupons, Seasonal Discounts",Increase purchase frequency
57530.0,68,4548,92,7,3.0,Budget Buyers,"{'Strategy': 'Price-Based Promotions', 'Channels': ['SMS', 'Ads'], 'Offers': ['Coupons', 'Seasonal Discounts'], 'Goal': 'Increase purchase frequency'}",Price-Based Promotions,"SMS, Ads","Coupons, Seasonal Discounts",Increase purchase frequency
76800.0,33,4401,641,16,3.0,Budget Buyers,"{'Strategy': 'Price-Based Promotions', 'Channels': ['SMS', 'Ads'], 'Offers': ['Coupons', 'Seasonal Discounts'], 'Goal': 'Increase purchase frequency'}",Price-Based Promotions,"SMS, Ads","Coupons, Seasonal Discounts",Increase purchase frequency
63943.0,50,4953,1106,17,1.0,New Customers,"{'Strategy': 'Welcome Campaign', 'Channels': ['Email', 'SMS'], 'Offers': ['First Purchase Discount'], 'Goal': 'Convert into repeat customers'}",Welcome Campaign,"Email, SMS",First Purchase Discount,Convert into repeat customers
76081.0,85,4325,1033,14,0.0,High Value Customers,"{'Strategy': 'Loyalty Rewards & Premium Offers', 'Channels': ['Email', 'Personal Calls'], 'Offers': ['Exclusive Discounts', 'Early Access'], 'Goal': 'Increase retention and lifetime value'}",Loyalty Rewards & Premium Offers,"Email, Personal Calls","Exclusive Discounts, Early Access",Increase retention and lifetime value
67445.0,63,4974,1174,32,1.0,New Customers,"{'Strategy': 'Welcome Campaign', 'Channels': ['Email', 'SMS'], 'Offers': ['First Purchase Discount'], 'Goal': 'Convert into repeat customers'}",Welcome Campaign,"Email, SMS",First Purchase Discount,Convert into repeat customers
37054.0,89,4575,25,6,0.0,High Value Customers,"{'Strategy': 'Loyalty Rewards & Premium Offers', 'Channels': ['Email', 'Personal Calls'], 'Offers': ['Exclusive Discounts', 'Early Access'], 'Goal': 'Increase retention and lifetime value'}",Loyalty Rewards & Premium Offers,"Email, Personal Calls","Exclusive Discounts, Early Access",Increase retention and lifetime value
47175.0,81,4897,240,17,2.0,At Risk Customers,"{'Strategy': 'Re-engagement Campaign', 'Channels': ['Email', 'Push Notifications'], 'Offers': ['Win-back Discounts'], 'Goal': 'Prevent churn'}",Re-engagement Campaign,"Email, Push Notifications",Win-back Discounts,Prevent churn
31859.0,77,4668,20,4,0.0,High Value Customers,"{'Strategy': 'Loyalty Rewards & Premium Offers', 'Channels': ['Email', 'Personal Calls'], 'Offers': ['Exclusive Discounts', 'Early Access'], 'Goal': 'Increase retention and lifetime value'}",Loyalty Rewards & Premium Offers,"Email, Personal Calls","Exclusive Discounts, Early Access",Increase retention and lifetime value
27215.0,50,4810,102,11,3.0,Budget Buyers,"{'Strategy': 'Price-Based Promotions', 'Channels': ['SMS', 'Ads'], 'Offers': ['Coupons', 'Seasonal Discounts'], 'Goal': 'Increase purchase frequency'}",Price-Based Promotions,"SMS, Ads","Coupons, Seasonal Discounts",Increase purchase frequency
70179.0,10,4631,1034,26,0.0,High Value Customers,"{'Strategy': 'Loyalty Rewards & Premium Offers', 'Channels': ['Email', 'Personal Calls'], 'Offers': ['Exclusive Discounts', 'Early Access'], 'Goal': 'Increase retention and lifetime value'}",Loyalty Rewards & Premium Offers,"Email, Personal Calls","Exclusive Discounts, Early Access",Increase retention and lifetime value
39922.0,30,4788,156,9,2.0,At Risk Customers,"{'Strategy': 'Re-engagement Campaign', 'Channels': ['Email', 'Push Notifications'], 'Offers': ['Win-back Discounts'], 'Goal': 'Prevent churn'}",Re-engagement Campaign,"Email, Push Notifications",Win-back Discounts,Prevent churn
49681.0,66,4525,458,21,1.0,New Customers,"{'Strategy': 'Welcome Campaign', 'Channels': ['Email', 'SMS'], 'Offers': ['First Purchase Discount'], 'Goal': 'Convert into repeat customers'}",Welcome Campaign,"Email, SMS",First Purchase Discount,Convert into repeat customers
24645.0,16,4893,17,4,0.0,High Value Customers,"{'Strategy': 'Loyalty Rewards & Premium Offers', 'Channels': ['Email', 'Personal Calls'], 'Offers': ['Exclusive Discounts', 'Early Access'], 'Goal': 'Increase retention and lifetime value'}",Loyalty Rewards & Premium Offers,"Email, Personal Calls","Exclusive Discounts, Early Access",Increase retention and lifetime value
79865.0,12,4299,792,21,3.0,Budget Buyers,"{'Strategy': 'Price-Based Promotions', 'Channels': ['SMS', 'Ads'], 'Offers': ['Coupons', 'Seasonal Discounts'], 'Goal': 'Increase purchase frequency'}",Price-Based Promotions,"SMS, Ads","Coupons, Seasonal Discounts",Increase purchase frequency
44322.0,30,4301,92,8,2.0,At Risk Customers,"{'Strategy': 'Re-engagement Campaign', 'Channels': ['Email', 'Push Notifications'], 'Offers': ['Win-back Discounts'], 'Goal': 'Prevent churn'}",Re-engagement Campaign,"Email, Push Notifications",Win-back Discounts,Prevent churn
47958.0,8,4814,407,16,3.0,Budget Buyers,"{'Strategy': 'Price-Based Promotions', 'Channels': ['SMS', 'Ads'], 'Offers': ['Coupons', 'Seasonal Discounts'], 'Goal': 'Increase purchase frequency'}",Price-Based Promotions,"SMS, Ads","Coupons, Seasonal Discounts",Increase purchase frequency
63972.0,93,4862,1269,23,2.0,At Risk Customers,"{'Strategy': 'Re-engagement Campaign', 'Channels': ['Email', 'Push Notifications'], 'Offers': ['Win-back Discounts'], 'Goal': 'Prevent churn'}",Re-engagement Campaign,"Email, Push Notifications",Win-back Discounts,Prevent churn
75315.0,14,4363,841,23,2.0,At Risk Customers,"{'Strategy': 'Re-engagement Campaign', 'Channels': ['Email', 'Push Notifications'], 'Offers': ['Win-back Discounts'], 'Goal': 'Prevent churn'}",Re-engagement Campaign,"Email, Push Notifications",Win-back Discounts,Prevent churn
55517.0,53,4928,633,23,0.0,High Value Customers,"{'Strategy': 'Loyalty Rewards & Premium Offers', 'Channels': ['Email', 'Personal Calls'], 'Offers': ['Exclusive Discounts', 'Early Access'], 'Goal': 'Increase retention and lifetime value'}",Loyalty Rewards & Premium Offers,"Email, Personal Calls","Exclusive Discounts, Early Access",Increase retention and lifetime value
75283.0,26,4747,1019,25,2.0,At Risk Customers,"{'Strategy': 'Re-engagement Campaign', 'Channels': ['Email', 'Push Notifications'], 'Offers': ['Win-back Discounts'], 'Goal': 'Prevent churn'}",Re-engagement Campaign,"Email, Push Notifications",Win-back Discounts,Prevent churn
82800.0,23,4870,1315,26,1.0,New Customers,"{'Strategy': 'Welcome Campaign', 'Channels': ['Email', 'SMS'], 'Offers': ['First Purchase Discount'], 'Goal': 'Convert into repeat customers'}",Welcome Campaign,"Email, SMS",First Purchase Discount,Convert into repeat customers
38998.0,92,4891,54,8,0.0,High Value Customers,"{'Strategy': 'Loyalty Rewards & Premium Offers', 'Channels': ['Email', 'Personal Calls'], 'Offers': ['Exclusive Discounts', 'Early Access'], 'Goal': 'Increase retention and lifetime value'}",Loyalty Rewards & Premium Offers,"Email, Personal Calls","Exclusive Discounts, Early Access",Increase retention and lifetime value
90638.0,29,4424,2525,18,0.0,High Value Customers,"{'Strategy': 'Loyalty Rewards & Premium Offers', 'Channels': ['Email', 'Personal Calls'], 'Offers': ['Exclusive Discounts', 'Early Access'], 'Goal': 'Increase retention and lifetime value'}",Loyalty Rewards & Premium Offers,"Email, Personal Calls","Exclusive Discounts, Early Access",Increase retention and lifetime value
27161.0,41,4532,52,5,1.0,New Customers,"{'Strategy': 'Welcome Campaign', 'Channels': ['Email', 'SMS'], 'Offers': ['First Purchase Discount'], 'Goal': 'Convert into repeat customers'}",Welcome Campaign,"Email, SMS",First Purchase Discount,Convert into repeat customers
42014.0,56,4969,436,20,3.0,Budget Buyers,"{'Strategy': 'Price-Based Promotions', 'Channels': ['SMS', 'Ads'], 'Offers': ['Coupons', 'Seasonal Discounts'], 'Goal': 'Increase purchase frequency'}",Price-Based Promotions,"SMS, Ads","Coupons, Seasonal Discounts",Increase purchase frequency
38201.0,19,4745,268,15,0.0,High Value Customers,"{'Strategy': 'Loyalty Rewards & Premium Offers', 'Channels': ['Email', 'Personal Calls'], 'Offers': ['Exclusive Discounts', 'Early Access'], 'Goal': 'Increase retention and lifetime value'}",Loyalty Rewards & Premium Offers,"Email, Personal Calls","Exclusive Discounts, Early Access",Increase retention and lifetime value
45203.0,4,4386,147,8,3.0,Budget Buyers,"{'Strategy': 'Price-Based Promotions', 'Channels': ['SMS', 'Ads'], 'Offers': ['Coupons', 'Seasonal Discounts'], 'Goal': 'Increase purchase frequency'}",Price-Based Promotions,"SMS, Ads","Coupons, Seasonal Discounts",Increase purchase frequency
81574.0,89,4350,1798,18,1.0,New Customers,"{'Strategy': 'Welcome Campaign', 'Channels': ['Email', 'SMS'], 'Offers': ['First Purchase Discount'], 'Goal': 'Convert into repeat customers'}",Welcome Campaign,"Email, SMS",First Purchase Discount,Convert into repeat customers
34935.0,71,4661,137,8,2.0,At Risk Customers,"{'Strategy': 'Re-engagement Campaign', 'Channels': ['Email', 'Push Notifications'], 'Offers': ['Win-back Discounts'], 'Goal': 'Prevent churn'}",Re-engagement Campaign,"Email, Push Notifications",Win-back Discounts,Prevent churn
60482.0,81,4810,507,17,3.0,Budget Buyers,"{'Strategy': 'Price-Based Promotions', 'Channels': ['SMS', 'Ads'], 'Offers': ['Coupons', 'Seasonal Discounts'], 'Goal': 'Increase purchase frequency'}",Price-Based Promotions,"SMS, Ads","Coupons, Seasonal Discounts",Increase purchase frequency
34633.0,31,4445,15,4,1.0,New Customers,"{'Strategy': 'Welcome Campaign', 'Channels': ['Email', 'SMS'], 'Offers': ['First Purchase Discount'], 'Goal': 'Convert into repeat customers'}",Welcome Campaign,"Email, SMS",First Purchase Discount,Convert into repeat customers
78093.0,53,4488,1105,17,2.0,At Risk Customers,"{'Strategy': 'Re-engagement Campaign', 'Channels': ['Email', 'Push Notifications'], 'Offers': ['Win-back Discounts'], 'Goal': 'Prevent churn'}",Re-engagement Campaign,"Email, Push Notifications",Win-back Discounts,Prevent churn
82460.0,78,4497,974,15,1.0,New Customers,"{'Strategy': 'Welcome Campaign', 'Channels': ['Email', 'SMS'], 'Offers': ['First Purchase Discount'], 'Goal': 'Convert into repeat customers'}",Welcome Campaign,"Email, SMS",First Purchase Discount,Convert into repeat customers
45903.0,80,4355,66,8,0.0,High Value Customers,"{'Strategy': 'Loyalty Rewards & Premium Offers', 'Channels': ['Email', 'Personal Calls'], 'Offers': ['Exclusive Discounts', 'Early Access'], 'Goal': 'Increase retention and lifetime value'}",Loyalty Rewards & Premium Offers,"Email, Personal Calls","Exclusive Discounts, Early Access",Increase retention and lifetime value
81361.0,18,4412,778,27,1.0,New Customers,"{'Strategy': 'Welcome Campaign', 'Channels': ['Email', 'SMS'], 'Offers': ['First Purchase Discount'], 'Goal': 'Convert into repeat customers'}",Welcome Campaign,"Email, SMS",First Purchase Discount,Convert into repeat customers
35860.0,37,4329,49,6,0.0,High Value Customers,"{'Strategy': 'Loyalty Rewards & Premium Offers', 'Channels': ['Email', 'Personal Calls'], 'Offers': ['Exclusive Discounts', 'Early Access'], 'Goal': 'Increase retention and lifetime value'}",Loyalty Rewards & Premium Offers,"Email, Personal Calls","Exclusive Discounts, Early Access",Increase retention and lifetime value
40442.0,52,4967,169,12,2.0,At Risk Customers,"{'Strategy': 'Re-engagement Campaign', 'Channels': ['Email', 'Push Notifications'], 'Offers': ['Win-back Discounts'], 'Goal': 'Prevent churn'}",Re-engagement Campaign,"Email, Push Notifications",Win-back Discounts,Prevent churn
61482.0,39,4290,299,12,0.0,High Value Customers,"{'Strategy': 'Loyalty Rewards & Premium Offers', 'Channels': ['Email', 'Personal Calls'], 'Offers': ['Exclusive Discounts', 'Early Access'], 'Goal': 'Increase retention and lifetime value'}",Loyalty Rewards & Premium Offers,"Email, Personal Calls","Exclusive Discounts, Early Access",Increase retention and lifetime value
34968.0,11,4733,221,17,3.0,Budget Buyers,"{'Strategy': 'Price-Based Promotions', 'Channels': ['SMS', 'Ads'], 'Offers': ['Coupons', 'Seasonal Discounts'], 'Goal': 'Increase purchase frequency'}",Price-Based Promotions,"SMS, Ads","Coupons, Seasonal Discounts",Increase purchase frequency
75794.0,33,4475,1682,25,0.0,High Value Customers,"{'Strategy': 'Loyalty Rewards & Premium Offers', 'Channels': ['Email', 'Personal Calls'], 'Offers': ['Exclusive Discounts', 'Early Access'], 'Goal': 'Increase retention and lifetime value'}",Loyalty Rewards & Premium Offers,"Email, Personal Calls","Exclusive Discounts, Early Access",Increase retention and lifetime value
31497.0,22,4858,155,10,1.0,New Customers,"{'Strategy': 'Welcome Campaign', 'Channels': ['Email', 'SMS'], 'Offers': ['First Purchase Discount'], 'Goal': 'Convert into repeat customers'}",Welcome Campaign,"Email, SMS",First Purchase Discount,Convert into repeat customers
74268.0,83,4788,892,13,1.0,New Customers,"{'Strategy': 'Welcome Campaign', 'Channels': ['Email', 'SMS'], 'Offers': ['First Purchase Discount'], 'Goal': 'Convert into repeat customers'}",Welcome Campaign,"Email, SMS",First Purchase Discount,Convert into repeat customers
13724.0,43,4955,58,5,0.0,High Value Customers,"{'Strategy': 'Loyalty Rewards & Premium Offers', 'Channels': ['Email', 'Personal Calls'], 'Offers': ['Exclusive Discounts', 'Early Access'], 'Goal': 'Increase retention and lifetime value'}",Loyalty Rewards & Premium Offers,"Email, Personal Calls","Exclusive Discounts, Early Access",Increase retention and lifetime value
45143.0,74,4595,311,15,1.0,New Customers,"{'Strategy': 'Welcome Campaign', 'Channels': ['Email', 'SMS'], 'Offers': ['First Purchase Discount'], 'Goal': 'Convert into repeat customers'}",Welcome Campaign,"Email, SMS",First Purchase Discount,Convert into repeat customers
52569.0,54,4373,95,7,1.0,New Customers,"{'Strategy': 'Welcome Campaign', 'Channels': ['Email', 'SMS'], 'Offers': ['First Purchase Discount'], 'Goal': 'Convert into repeat customers'}",Welcome Campaign,"Email, SMS",First Purchase Discount,Convert into repeat customers
48432.0,3,4907,424,19,2.0,At Risk Customers,"{'Strategy': 'Re-engagement Campaign', 'Channels': ['Email', 'Push Notifications'], 'Offers': ['Win-back Discounts'], 'Goal': 'Prevent churn'}",Re-engagement Campaign,"Email, Push Notifications",Win-back Discounts,Prevent churn
17144.0,96,4422,47,12,1.0,New Customers,"{'Strategy': 'Welcome Campaign', 'Channels': ['Email', 'SMS'], 'Offers': ['First Purchase Discount'], 'Goal': 'Convert into repeat customers'}",Welcome Campaign,"Email, SMS",First Purchase Discount,Convert into repeat customers
36108.0,68,4545,339,15,3.0,Budget Buyers,"{'Strategy': 'Price-Based Promotions', 'Channels': ['SMS', 'Ads'], 'Offers': ['Coupons', 'Seasonal Discounts'], 'Goal': 'Increase purchase frequency'}",Price-Based Promotions,"SMS, Ads","Coupons, Seasonal Discounts",Increase purchase frequency
76445.0,2,4927,1410,21,2.0,At Risk Customers,"{'Strategy': 'Re-engagement Campaign', 'Channels': ['Email', 'Push Notifications'], 'Offers': ['Win-back Discounts'], 'Goal': 'Prevent churn'}",Re-engagement Campaign,"Email, Push Notifications",Win-back Discounts,Prevent churn
36663.0,40,4353,35,6,3.0,Budget Buyers,"{'Strategy': 'Price-Based Promotions', 'Channels': ['SMS', 'Ads'], 'Offers': ['Coupons', 'Seasonal Discounts'], 'Goal': 'Increase purchase frequency'}",Price-Based Promotions,"SMS, Ads","Coupons, Seasonal Discounts",Increase purchase frequency
53843.0,64,4655,562,20,1.0,New Customers,"{'Strategy': 'Welcome Campaign', 'Channels': ['Email', 'SMS'], 'Offers': ['First Purchase Discount'], 'Goal': 'Convert into repeat customers'}",Welcome Campaign,"Email, SMS",First Purchase Discount,Convert into repeat customers
90226.0,26,4929,2352,24,1.0,New Customers,"{'Strategy': 'Welcome Campaign', 'Channels': ['Email', 'SMS'], 'Offers': ['First Purchase Discount'], 'Goal': 'Convert into repeat customers'}",Welcome Campaign,"Email, SMS",First Purchase Discount,Convert into repeat customers
70638.0,69,4681,1334,20,1.0,New Customers,"{'Strategy': 'Welcome Campaign', 'Channels': ['Email', 'SMS'], 'Offers': ['First Purchase Discount'], 'Goal': 'Convert into repeat customers'}",Welcome Campaign,"Email, SMS",First Purchase Discount,Convert into repeat customers
44512.0,57,4591,32,6,3.0,Budget Buyers,"{'Strategy': 'Price-Based Promotions', 'Channels': ['SMS', 'Ads'], 'Offers': ['Coupons', 'Seasonal Discounts'], 'Goal': 'Increase purchase frequency'}",Price-Based Promotions,"SMS, Ads","Coupons, Seasonal Discounts",Increase purchase frequency
27116.0,78,4407,41,7,2.0,At Risk Customers,"{'Strategy': 'Re-engagement Campaign', 'Channels': ['Email', 'Push Notifications'], 'Offers': ['Win-back Discounts'], 'Goal': 'Prevent churn'}",Re-engagement Campaign,"Email, Push Notifications",Win-back Discounts,Prevent churn
54072.0,71,4625,39,5,1.0,New Customers,"{'Strategy': 'Welcome Campaign', 'Channels': ['Email', 'SMS'], 'Offers': ['First Purchase Discount'], 'Goal': 'Convert into repeat customers'}",Welcome Campaign,"Email, SMS",First Purchase Discount,Convert into repeat customers
71855.0,59,4817,1141,25,2.0,At Risk Customers,"{'Strategy': 'Re-engagement Campaign', 'Channels': ['Email', 'Push Notifications'], 'Offers': ['Win-back Discounts'], 'Goal': 'Prevent churn'}",Re-engagement Campaign,"Email, Push Notifications",Win-back Discounts,Prevent churn
51250.0,28,4744,710,24,3.0,Budget Buyers,"{'Strategy': 'Price-Based Promotions', 'Channels': ['SMS', 'Ads'], 'Offers': ['Coupons', 'Seasonal Discounts'], 'Goal': 'Increase purchase frequency'}",Price-Based Promotions,"SMS, Ads","Coupons, Seasonal Discounts",Increase purchase frequency
60432.0,61,4400,401,19,0.0,High Value Customers,"{'Strategy': 'Loyalty Rewards & Premium Offers', 'Channels': ['Email', 'Personal Calls'], 'Offers': ['Exclusive Discounts', 'Early Access'], 'Goal': 'Increase retention and lifetime value'}",Loyalty Rewards & Premium Offers,"Email, Personal Calls","Exclusive Discounts, Early Access",Increase retention and lifetime value
65526.0,22,4367,506,17,2.0,At Risk Customers,"{'Strategy': 'Re-engagement Campaign', 'Channels': ['Email', 'Push Notifications'], 'Offers': ['Win-back Discounts'], 'Goal': 'Prevent churn'}",Re-engagement Campaign,"Email, Push Notifications",Win-back Discounts,Prevent churn
68655.0,95,4976,1538,21,1.0,New Customers,"{'Strategy': 'Welcome Campaign', 'Channels': ['Email', 'SMS'], 'Offers': ['First Purchase Discount'], 'Goal': 'Convert into repeat customers'}",Welcome Campaign,"Email, SMS",First Purchase Discount,Convert into repeat customers
12393.0,38,4860,57,6,1.0,New Customers,"{'Strategy': 'Welcome Campaign', 'Channels': ['Email', 'SMS'], 'Offers': ['First Purchase Discount'], 'Goal': 'Convert into repeat customers'}",Welcome Campaign,"Email, SMS",First Purchase Discount,Convert into repeat customers
64509.0,19,4604,1722,19,2.0,At Risk Customers,"{'Strategy': 'Re-engagement Campaign', 'Channels': ['Email', 'Push Notifications'], 'Offers': ['Win-back Discounts'], 'Goal': 'Prevent churn'}",Re-engagement Campaign,"Email, Push Notifications",Win-back Discounts,Prevent churn
33955.0,92,4612,270,15,1.0,New Customers,"{'Strategy': 'Welcome Campaign', 'Channels': ['Email', 'SMS'], 'Offers': ['First Purchase Discount'], 'Goal': 'Convert into repeat customers'}",Welcome Campaign,"Email, SMS",First Purchase Discount,Convert into repeat customers
31353.0,24,4470,31,6,1.0,New Customers,"{'Strategy': 'Welcome Campaign', 'Channels': ['Email', 'SMS'], 'Offers': ['First Purchase Discount'], 'Goal': 'Convert into repeat customers'}",Welcome Campaign,"Email, SMS",First Purchase Discount,Convert into repeat customers
55434.0,21,4555,882,24,1.0,New Customers,"{'Strategy': 'Welcome Campaign', 'Channels': ['Email', 'SMS'], 'Offers': ['First Purchase Discount'], 'Goal': 'Convert into repeat customers'}",Welcome Campaign,"Email, SMS",First Purchase Discount,Convert into repeat customers
28359.0,35,4533,16,4,3.0,Budget Buyers,"{'Strategy': 'Price-Based Promotions', 'Channels': ['SMS', 'Ads'], 'Offers': ['Coupons', 'Seasonal Discounts'], 'Goal': 'Increase purchase frequency'}",Price-Based Promotions,"SMS, Ads","Coupons, Seasonal Discounts",Increase purchase frequency
57100.0,9,4330,311,14,1.0,New Customers,"{'Strategy': 'Welcome Campaign', 'Channels': ['Email', 'SMS'], 'Offers': ['First Purchase Discount'], 'Goal': 'Convert into repeat customers'}",Welcome Campaign,"Email, SMS",First Purchase Discount,Convert into repeat customers
69139.0,23,4441,227,11,0.0,High Value Customers,"{'Strategy': 'Loyalty Rewards & Premium Offers', 'Channels': ['Email', 'Personal Calls'], 'Offers': ['Exclusive Discounts', 'Early Access'], 'Goal': 'Increase retention and lifetime value'}",Loyalty Rewards & Premium Offers,"Email, Personal Calls","Exclusive Discounts, Early Access",Increase retention and lifetime value
52973.0,92,4886,1152,31,3.0,Budget Buyers,"{'Strategy': 'Price-Based Promotions', 'Channels': ['SMS', 'Ads'], 'Offers': ['Coupons', 'Seasonal Discounts'], 'Goal': 'Increase purchase frequency'}",Price-Based Promotions,"SMS, Ads","Coupons, Seasonal Discounts",Increase purchase frequency
51717.0,55,4601,122,8,3.0,Budget Buyers,"{'Strategy': 'Price-Based Promotions', 'Channels': ['SMS', 'Ads'], 'Offers': ['Coupons', 'Seasonal Discounts'], 'Goal': 'Increase purchase frequency'}",Price-Based Promotions,"SMS, Ads","Coupons, Seasonal Discounts",Increase purchase frequency
18793.0,14,4821,77,9,0.0,High Value Customers,"{'Strategy': 'Loyalty Rewards & Premium Offers', 'Channels': ['Email', 'Personal Calls'], 'Offers': ['Exclusive Discounts', 'Early Access'], 'Goal': 'Increase retention and lifetime value'}",Loyalty Rewards & Premium Offers,"Email, Personal Calls","Exclusive Discounts, Early Access",Increase retention and lifetime value
66664.0,78,4930,1289,19,1.0,New Customers,"{'Strategy': 'Welcome Campaign', 'Channels': ['Email', 'SMS'], 'Offers': ['First Purchase Discount'], 'Goal': 'Convert into repeat customers'}",Welcome Campaign,"Email, SMS",First Purchase Discount,Convert into repeat customers
50664.0,64,4817,561,24,2.0,At Risk Customers,"{'Strategy': 'Re-engagement Campaign', 'Channels': ['Email', 'Push Notifications'], 'Offers': ['Win-back Discounts'], 'Goal': 'Prevent churn'}",Re-engagement Campaign,"Email, Push Notifications",Win-back Discounts,Prevent churn
54414.0,49,4810,211,13,0.0,High Value Customers,"{'Strategy': 'Loyalty Rewards & Premium Offers', 'Channels': ['Email', 'Personal Calls'], 'Offers': ['Exclusive Discounts', 'Early Access'], 'Goal': 'Increase retention and lifetime value'}",Loyalty Rewards & Premium Offers,"Email, Personal Calls","Exclusive Discounts, Early Access",Increase retention and lifetime value
54549.0,8,4406,233,12,1.0,New Customers,"{'Strategy': 'Welcome Campaign', 'Channels': ['Email', 'SMS'], 'Offers': ['First Purchase Discount'], 'Goal': 'Convert into repeat customers'}",Welcome Campaign,"Email, SMS",First Purchase Discount,Convert into repeat customers
47111.0,35,4947,1092,21,1.0,New Customers,"{'Strategy': 'Welcome Campaign', 'Channels': ['Email', 'SMS'], 'Offers': ['First Purchase Discount'], 'Goal': 'Convert into repeat customers'}",Welcome Campaign,"Email, SMS",First Purchase Discount,Convert into repeat customers
41003.0,11,4757,601,17,2.0,At Risk Customers,"{'Strategy': 'Re-engagement Campaign', 'Channels': ['Email', 'Push Notifications'], 'Offers': ['Win-back Discounts'], 'Goal': 'Prevent churn'}",Re-engagement Campaign,"Email, Push Notifications",Win-back Discounts,Prevent churn
19444.0,8,4415,54,10,1.0,New Customers,"{'Strategy': 'Welcome Campaign', 'Channels': ['Email', 'SMS'], 'Offers': ['First Purchase Discount'], 'Goal': 'Convert into repeat customers'}",Welcome Campaign,"Email, SMS",First Purchase Discount,Convert into repeat customers
36301.0,53,4535,78,7,1.0,New Customers,"{'Strategy': 'Welcome Campaign', 'Channels': ['Email', 'SMS'], 'Offers': ['First Purchase Discount'], 'Goal': 'Convert into repeat customers'}",Welcome Campaign,"Email, SMS",First Purchase Discount,Convert into repeat customers
73059.0,36,4590,1095,26,0.0,High Value Customers,"{'Strategy': 'Loyalty Rewards & Premium Offers', 'Channels': ['Email', 'Personal Calls'], 'Offers': ['Exclusive Discounts', 'Early Access'], 'Goal': 'Increase retention and lifetime value'}",Loyalty Rewards & Premium Offers,"Email, Personal Calls","Exclusive Discounts, Early Access",Increase retention and lifetime value
42731.0,64,4539,244,13,1.0,New Customers,"{'Strategy': 'Welcome Campaign', 'Channels': ['Email', 'SMS'], 'Offers': ['First Purchase Discount'], 'Goal': 'Convert into repeat customers'}",Welcome Campaign,"Email, SMS",First Purchase Discount,Convert into repeat customers
52854.0,43,4385,116,9,2.0,At Risk Customers,"{'Strategy': 'Re-engagement Campaign', 'Channels': ['Email', 'Push Notifications'], 'Offers': ['Win-back Discounts'], 'Goal': 'Prevent churn'}",Re-engagement Campaign,"Email, Push Notifications",Win-back Discounts,Prevent churn
22775.0,40,4663,15,4,2.0,At Risk Customers,"{'Strategy': 'Re-engagement Campaign', 'Channels': ['Email', 'Push Notifications'], 'Offers': ['Win-back Discounts'], 'Goal': 'Prevent churn'}",Re-engagement Campaign,"Email, Push Notifications",Win-back Discounts,Prevent churn
46681.0,52,4552,425,16,2.0,At Risk Customers,"{'Strategy': 'Re-engagement Campaign', 'Channels': ['Email', 'Push Notifications'], 'Offers': ['Win-back Discounts'], 'Goal': 'Prevent churn'}",Re-engagement Campaign,"Email, Push Notifications",Win-back Discounts,Prevent churn
59821.0,11,4731,734,26,1.0,New Customers,"{'Strategy': 'Welcome Campaign', 'Channels': ['Email', 'SMS'], 'Offers': ['First Purchase Discount'], 'Goal': 'Convert into repeat customers'}",Welcome Campaign,"Email, SMS",First Purchase Discount,Convert into repeat customers
50002.0,21,4665,638,19,0.0,High Value Customers,"{'Strategy': 'Loyalty Rewards & Premium Offers', 'Channels': ['Email', 'Personal Calls'], 'Offers': ['Exclusive Discounts', 'Early Access'], 'Goal': 'Increase retention and lifetime value'}",Loyalty Rewards & Premium Offers,"Email, Personal Calls","Exclusive Discounts, Early Access",Increase retention and lifetime value
69755.0,23,4558,894,22,1.0,New Customers,"{'Strategy': 'Welcome Campaign', 'Channels': ['Email', 'SMS'], 'Offers': ['First Purchase Discount'], 'Goal': 'Convert into repeat customers'}",Welcome Campaign,"Email, SMS",First Purchase Discount,Convert into repeat customers
44078.0,17,4298,41,7,3.0,Budget Buyers,"{'Strategy': 'Price-Based Promotions', 'Channels': ['SMS', 'Ads'], 'Offers': ['Coupons', 'Seasonal Discounts'], 'Goal': 'Increase purchase frequency'}",Price-Based Promotions,"SMS, Ads","Coupons, Seasonal Discounts",Increase purchase frequency
30560.0,6,4655,31,5,3.0,Budget Buyers,"{'Strategy': 'Price-Based Promotions', 'Channels': ['SMS', 'Ads'], 'Offers': ['Coupons', 'Seasonal Discounts'], 'Goal': 'Increase purchase frequency'}",Price-Based Promotions,"SMS, Ads","Coupons, Seasonal Discounts",Increase purchase frequency
35924.0,56,4386,34,5,1.0,New Customers,"{'Strategy': 'Welcome Campaign', 'Channels': ['Email', 'SMS'], 'Offers': ['First Purchase Discount'], 'Goal': 'Convert into repeat customers'}",Welcome Campaign,"Email, SMS",First Purchase Discount,Convert into repeat customers
64140.0,71,4567,1750,18,2.0,At Risk Customers,"{'Strategy': 'Re-engagement Campaign', 'Channels': ['Email', 'Push Notifications'], 'Offers': ['Win-back Discounts'], 'Goal': 'Prevent churn'}",Re-engagement Campaign,"Email, Push Notifications",Win-back Discounts,Prevent churn
56386.0,51,4898,612,25,0.0,High Value Customers,"{'Strategy': 'Loyalty Rewards & Premium Offers', 'Channels': ['Email', 'Personal Calls'], 'Offers': ['Exclusive Discounts', 'Early Access'], 'Goal': 'Increase retention and lifetime value'}",Loyalty Rewards & Premium Offers,"Email, Personal Calls","Exclusive Discounts, Early Access",Increase retention and lifetime value
24594.0,94,4489,29,5,1.0,New Customers,"{'Strategy': 'Welcome Campaign', 'Channels': ['Email', 'SMS'], 'Offers': ['First Purchase Discount'], 'Goal': 'Convert into repeat customers'}",Welcome Campaign,"Email, SMS",First Purchase Discount,Convert into repeat customers
75774.0,27,4346,823,21,3.0,Budget Buyers,"{'Strategy': 'Price-Based Promotions', 'Channels': ['SMS', 'Ads'], 'Offers': ['Coupons', 'Seasonal Discounts'], 'Goal': 'Increase purchase frequency'}",Price-Based Promotions,"SMS, Ads","Coupons, Seasonal Discounts",Increase purchase frequency
39228.0,1,4703,20,4,2.0,At Risk Customers,"{'Strategy': 'Re-engagement Campaign', 'Channels': ['Email', 'Push Notifications'], 'Offers': ['Win-back Discounts'], 'Goal': 'Prevent churn'}",Re-engagement Campaign,"Email, Push Notifications",Win-back Discounts,Prevent churn
58494.0,56,4487,396,16,1.0,New Customers,"{'Strategy': 'Welcome Campaign', 'Channels': ['Email', 'SMS'], 'Offers': ['First Purchase Discount'], 'Goal': 'Convert into repeat customers'}",Welcome Campaign,"Email, SMS",First Purchase Discount,Convert into repeat customers
58684.0,71,4301,813,21,1.0,New Customers,"{'Strategy': 'Welcome Campaign', 'Channels': ['Email', 'SMS'], 'Offers': ['First Purchase Discount'], 'Goal': 'Convert into repeat customers'}",Welcome Campaign,"Email, SMS",First Purchase Discount,Convert into repeat customers
57136.0,18,4695,1179,20,3.0,Budget Buyers,"{'Strategy': 'Price-Based Promotions', 'Channels': ['SMS', 'Ads'], 'Offers': ['Coupons', 'Seasonal Discounts'], 'Goal': 'Increase purchase frequency'}",Price-Based Promotions,"SMS, Ads","Coupons, Seasonal Discounts",Increase purchase frequency
56551.0,48,4341,138,10,0.0,High Value Customers,"{'Strategy': 'Loyalty Rewards & Premium Offers', 'Channels': ['Email', 'Personal Calls'], 'Offers': ['Exclusive Discounts', 'Early Access'], 'Goal': 'Increase retention and lifetime value'}",Loyalty Rewards & Premium Offers,"Email, Personal Calls","Exclusive Discounts, Early Access",Increase retention and lifetime value
22448.0,86,4411,55,9,2.0,At Risk Customers,"{'Strategy': 'Re-engagement Campaign', 'Channels': ['Email', 'Push Notifications'], 'Offers': ['Win-back Discounts'], 'Goal': 'Prevent churn'}",Re-engagement Campaign,"Email, Push Notifications",Win-back Discounts,Prevent churn
82014.0,48,4966,1511,22,1.0,New Customers,"{'Strategy': 'Welcome Campaign', 'Channels': ['Email', 'SMS'], 'Offers': ['First Purchase Discount'], 'Goal': 'Convert into repeat customers'}",Welcome Campaign,"Email, SMS",First Purchase Discount,Convert into repeat customers
34213.0,2,4948,117,9,1.0,New Customers,"{'Strategy': 'Welcome Campaign', 'Channels': ['Email', 'SMS'], 'Offers': ['First Purchase Discount'], 'Goal': 'Convert into repeat customers'}",Welcome Campaign,"Email, SMS",First Purchase Discount,Convert into repeat customers
157146.0,13,4714,1730,28,0.0,High Value Customers,"{'Strategy': 'Loyalty Rewards & Premium Offers', 'Channels': ['Email', 'Personal Calls'], 'Offers': ['Exclusive Discounts', 'Early Access'], 'Goal': 'Increase retention and lifetime value'}",Loyalty Rewards & Premium Offers,"Email, Personal Calls","Exclusive Discounts, Early Access",Increase retention and lifetime value
25358.0,57,4630,32,6,3.0,Budget Buyers,"{'Strategy': 'Price-Based Promotions', 'Channels': ['SMS', 'Ads'], 'Offers': ['Coupons', 'Seasonal Discounts'], 'Goal': 'Increase purchase frequency'}",Price-Based Promotions,"SMS, Ads","Coupons, Seasonal Discounts",Increase purchase frequency
35544.0,77,4401,67,6,2.0,At Risk Customers,"{'Strategy': 'Re-engagement Campaign', 'Channels': ['Email', 'Push Notifications'], 'Offers': ['Win-back Discounts'], 'Goal': 'Prevent churn'}",Re-engagement Campaign,"Email, Push Notifications",Win-back Discounts,Prevent churn
36634.0,0,4685,335,15,2.0,At Risk Customers,"{'Strategy': 'Re-engagement Campaign', 'Channels': ['Email', 'Push Notifications'], 'Offers': ['Win-back Discounts'], 'Goal': 'Prevent churn'}",Re-engagement Campaign,"Email, Push Notifications",Win-back Discounts,Prevent churn
62670.0,57,4435,825,22,3.0,Budget Buyers,"{'Strategy': 'Price-Based Promotions', 'Channels': ['SMS', 'Ads'], 'Offers': ['Coupons', 'Seasonal Discounts'], 'Goal': 'Increase purchase frequency'}",Price-Based Promotions,"SMS, Ads","Coupons, Seasonal Discounts",Increase purchase frequency
50334.0,24,4628,694,23,0.0,High Value Customers,"{'Strategy': 'Loyalty Rewards & Premium Offers', 'Channels': ['Email', 'Personal Calls'], 'Offers': ['Exclusive Discounts', 'Early Access'], 'Goal': 'Increase retention and lifetime value'}",Loyalty Rewards & Premium Offers,"Email, Personal Calls","Exclusive Discounts, Early Access",Increase retention and lifetime value
72066.0,55,4294,1792,17,3.0,Budget Buyers,"{'Strategy': 'Price-Based Promotions', 'Channels': ['SMS', 'Ads'], 'Offers': ['Coupons', 'Seasonal Discounts'], 'Goal': 'Increase purchase frequency'}",Price-Based Promotions,"SMS, Ads","Coupons, Seasonal Discounts",Increase purchase frequency
50729.0,62,4711,496,24,1.0,New Customers,"{'Strategy': 'Welcome Campaign', 'Channels': ['Email', 'SMS'], 'Offers': ['First Purchase Discount'], 'Goal': 'Convert into repeat customers'}",Welcome Campaign,"Email, SMS",First Purchase Discount,Convert into repeat customers
34916.0,89,4698,231,13,1.0,New Customers,"{'Strategy': 'Welcome Campaign', 'Channels': ['Email', 'SMS'], 'Offers': ['First Purchase Discount'], 'Goal': 'Convert into repeat customers'}",Welcome Campaign,"Email, SMS",First Purchase Discount,Convert into repeat customers
64892.0,77,4319,902,24,1.0,New Customers,"{'Strategy': 'Welcome Campaign', 'Channels': ['Email', 'SMS'], 'Offers': ['First Purchase Discount'], 'Goal': 'Convert into repeat customers'}",Welcome Campaign,"Email, SMS",First Purchase Discount,Convert into repeat customers
43602.0,45,4458,68,9,3.0,Budget Buyers,"{'Strategy': 'Price-Based Promotions', 'Channels': ['SMS', 'Ads'], 'Offers': ['Coupons', 'Seasonal Discounts'], 'Goal': 'Increase purchase frequency'}",Price-Based Promotions,"SMS, Ads","Coupons, Seasonal Discounts",Increase purchase frequency
33996.0,46,4579,71,6,1.0,New Customers,"{'Strategy': 'Welcome Campaign', 'Channels': ['Email', 'SMS'], 'Offers': ['First Purchase Discount'], 'Goal': 'Convert into repeat customers'}",Welcome Campaign,"Email, SMS",First Purchase Discount,Convert into repeat customers
41473.0,80,4663,76,6,2.0,At Risk Customers,"{'Strategy': 'Re-engagement Campaign', 'Channels': ['Email', 'Push Notifications'], 'Offers': ['Win-back Discounts'], 'Goal': 'Prevent churn'}",Re-engagement Campaign,"Email, Push Notifications",Win-back Discounts,Prevent churn
63246.0,60,4601,772,22,3.0,Budget Buyers,"{'Strategy': 'Price-Based Promotions', 'Channels': ['SMS', 'Ads'], 'Offers': ['Coupons', 'Seasonal Discounts'], 'Goal': 'Increase purchase frequency'}",Price-Based Promotions,"SMS, Ads","Coupons, Seasonal Discounts",Increase purchase frequency
36732.0,71,4470,47,9,1.0,New Customers,"{'Strategy': 'Welcome Campaign', 'Channels': ['Email', 'SMS'], 'Offers': ['First Purchase Discount'], 'Goal': 'Convert into repeat customers'}",Welcome Campaign,"Email, SMS",First Purchase Discount,Convert into repeat customers
69084.0,43,4510,1586,25,3.0,Budget Buyers,"{'Strategy': 'Price-Based Promotions', 'Channels': ['SMS', 'Ads'], 'Offers': ['Coupons', 'Seasonal Discounts'], 'Goal': 'Increase purchase frequency'}",Price-Based Promotions,"SMS, Ads","Coupons, Seasonal Discounts",Increase purchase frequency
77766.0,97,4780,1529,34,2.0,At Risk Customers,"{'Strategy': 'Re-engagement Campaign', 'Channels': ['Email', 'Push Notifications'], 'Offers': ['Win-back Discounts'], 'Goal': 'Prevent churn'}",Re-engagement Campaign,"Email, Push Notifications",Win-back Discounts,Prevent churn
37929.0,49,4622,265,13,3.0,Budget Buyers,"{'Strategy': 'Price-Based Promotions', 'Channels': ['SMS', 'Ads'], 'Offers': ['Coupons', 'Seasonal Discounts'], 'Goal': 'Increase purchase frequency'}",Price-Based Promotions,"SMS, Ads","Coupons, Seasonal Discounts",Increase purchase frequency
86610.0,66,4585,1603,18,3.0,Budget Buyers,"{'Strategy': 'Price-Based Promotions', 'Channels': ['SMS', 'Ads'], 'Offers': ['Coupons', 'Seasonal Discounts'], 'Goal': 'Increase purchase frequency'}",Price-Based Promotions,"SMS, Ads","Coupons, Seasonal Discounts",Increase purchase frequency
80141.0,20,4822,2091,22,0.0,High Value Customers,"{'Strategy': 'Loyalty Rewards & Premium Offers', 'Channels': ['Email', 'Personal Calls'], 'Offers': ['Exclusive Discounts', 'Early Access'], 'Goal': 'Increase retention and lifetime value'}",Loyalty Rewards & Premium Offers,"Email, Personal Calls","Exclusive Discounts, Early Access",Increase retention and lifetime value
72635.0,54,4679,981,21,0.0,High Value Customers,"{'Strategy': 'Loyalty Rewards & Premium Offers', 'Channels': ['Email', 'Personal Calls'], 'Offers': ['Exclusive Discounts', 'Early Access'], 'Goal': 'Increase retention and lifetime value'}",Loyalty Rewards & Premium Offers,"Email, Personal Calls","Exclusive Discounts, Early Access",Increase retention and lifetime value
69016.0,61,4872,1533,34,0.0,High Value Customers,"{'Strategy': 'Loyalty Rewards & Premium Offers', 'Channels': ['Email', 'Personal Calls'], 'Offers': ['Exclusive Discounts', 'Early Access'], 'Goal': 'Increase retention and lifetime value'}",Loyalty Rewards & Premium Offers,"Email, Personal Calls","Exclusive Discounts, Early Access",Increase retention and lifetime value
20193.0,18,4866,82,7,0.0,High Value Customers,"{'Strategy': 'Loyalty Rewards & Premium Offers', 'Channels': ['Email', 'Personal Calls'], 'Offers': ['Exclusive Discounts', 'Early Access'], 'Goal': 'Increase retention and lifetime value'}",Loyalty Rewards & Premium Offers,"Email, Personal Calls","Exclusive Discounts, Early Access",Increase retention and lifetime value
27573.0,45,4749,244,14,1.0,New Customers,"{'Strategy': 'Welcome Campaign', 'Channels': ['Email', 'SMS'], 'Offers': ['First Purchase Discount'], 'Goal': 'Convert into repeat customers'}",Welcome Campaign,"Email, SMS",First Purchase Discount,Convert into repeat customers
15862.0,26,4655,36,5,2.0,At Risk Customers,"{'Strategy': 'Re-engagement Campaign', 'Channels': ['Email', 'Push Notifications'], 'Offers': ['Win-back Discounts'], 'Goal': 'Prevent churn'}",Re-engagement Campaign,"Email, Push Notifications",Win-back Discounts,Prevent churn
49544.0,0,4790,404,16,1.0,New Customers,"{'Strategy': 'Welcome Campaign', 'Channels': ['Email', 'SMS'], 'Offers': ['First Purchase Discount'], 'Goal': 'Convert into repeat customers'}",Welcome Campaign,"Email, SMS",First Purchase Discount,Convert into repeat customers
33228.0,28,4445,71,6,0.0,High Value Customers,"{'Strategy': 'Loyalty Rewards & Premium Offers', 'Channels': ['Email', 'Personal Calls'], 'Offers': ['Exclusive Discounts', 'Early Access'], 'Goal': 'Increase retention and lifetime value'}",Loyalty Rewards & Premium Offers,"Email, Personal Calls","Exclusive Discounts, Early Access",Increase retention and lifetime value
70440.0,49,4552,1572,23,1.0,New Customers,"{'Strategy': 'Welcome Campaign', 'Channels': ['Email', 'SMS'], 'Offers': ['First Purchase Discount'], 'Goal': 'Convert into repeat customers'}",Welcome Campaign,"Email, SMS",First Purchase Discount,Convert into repeat customers
38232.0,84,4451,122,11,1.0,New Customers,"{'Strategy': 'Welcome Campaign', 'Channels': ['Email', 'SMS'], 'Offers': ['First Purchase Discount'], 'Goal': 'Convert into repeat customers'}",Welcome Campaign,"Email, SMS",First Purchase Discount,Convert into repeat customers
22554.0,38,4891,41,10,1.0,New Customers,"{'Strategy': 'Welcome Campaign', 'Channels': ['Email', 'SMS'], 'Offers': ['First Purchase Discount'], 'Goal': 'Convert into repeat customers'}",Welcome Campaign,"Email, SMS",First Purchase Discount,Convert into repeat customers
23536.0,53,4313,10,4,2.0,At Risk Customers,"{'Strategy': 'Re-engagement Campaign', 'Channels': ['Email', 'Push Notifications'], 'Offers': ['Win-back Discounts'], 'Goal': 'Prevent churn'}",Re-engagement Campaign,"Email, Push Notifications",Win-back Discounts,Prevent churn
49413.0,88,4535,304,13,2.0,At Risk Customers,"{'Strategy': 'Re-engagement Campaign', 'Channels': ['Email', 'Push Notifications'], 'Offers': ['Win-back Discounts'], 'Goal': 'Prevent churn'}",Re-engagement Campaign,"Email, Push Notifications",Win-back Discounts,Prevent churn
42231.0,99,4384,37,5,2.0,At Risk Customers,"{'Strategy': 'Re-engagement Campaign', 'Channels': ['Email', 'Push Notifications'], 'Offers': ['Win-back Discounts'], 'Goal': 'Prevent churn'}",Re-engagement Campaign,"Email, Push Notifications",Win-back Discounts,Prevent churn
78789.0,12,4978,1754,16,3.0,Budget Buyers,"{'Strategy': 'Price-Based Promotions', 'Channels': ['SMS', 'Ads'], 'Offers': ['Coupons', 'Seasonal Discounts'], 'Goal': 'Increase purchase frequency'}",Price-Based Promotions,"SMS, Ads","Coupons, Seasonal Discounts",Increase purchase frequency
56534.0,35,4629,815,25,2.0,At Risk Customers,"{'Strategy': 'Re-engagement Campaign', 'Channels': ['Email', 'Push Notifications'], 'Offers': ['Win-back Discounts'], 'Goal': 'Prevent churn'}",Re-engagement Campaign,"Email, Push Notifications",Win-back Discounts,Prevent churn
58350.0,5,4829,1001,27,3.0,Budget Buyers,"{'Strategy': 'Price-Based Promotions', 'Channels': ['SMS', 'Ads'], 'Offers': ['Coupons', 'Seasonal Discounts'], 'Goal': 'Increase purchase frequency'}",Price-Based Promotions,"SMS, Ads","Coupons, Seasonal Discounts",Increase purchase frequency
81217.0,77,4633,1157,22,0.0,High Value Customers,"{'Strategy': 'Loyalty Rewards & Premium Offers', 'Channels': ['Email', 'Personal Calls'], 'Offers': ['Exclusive Discounts', 'Early Access'], 'Goal': 'Increase retention and lifetime value'}",Loyalty Rewards & Premium Offers,"Email, Personal Calls","Exclusive Discounts, Early Access",Increase retention and lifetime value
49090.0,45,4633,688,21,0.0,High Value Customers,"{'Strategy': 'Loyalty Rewards & Premium Offers', 'Channels': ['Email', 'Personal Calls'], 'Offers': ['Exclusive Discounts', 'Early Access'], 'Goal': 'Increase retention and lifetime value'}",Loyalty Rewards & Premium Offers,"Email, Personal Calls","Exclusive Discounts, Early Access",Increase retention and lifetime value
61787.0,71,4646,1319,19,0.0,High Value Customers,"{'Strategy': 'Loyalty Rewards & Premium Offers', 'Channels': ['Email', 'Personal Calls'], 'Offers': ['Exclusive Discounts', 'Early Access'], 'Goal': 'Increase retention and lifetime value'}",Loyalty Rewards & Premium Offers,"Email, Personal Calls","Exclusive Discounts, Early Access",Increase retention and lifetime value
18169.0,40,4783,21,4,3.0,Budget Buyers,"{'Strategy': 'Price-Based Promotions', 'Channels': ['SMS', 'Ads'], 'Offers': ['Coupons', 'Seasonal Discounts'], 'Goal': 'Increase purchase frequency'}",Price-Based Promotions,"SMS, Ads","Coupons, Seasonal Discounts",Increase purchase frequency
24336.0,82,4959,31,4,0.0,High Value Customers,"{'Strategy': 'Loyalty Rewards & Premium Offers', 'Channels': ['Email', 'Personal Calls'], 'Offers': ['Exclusive Discounts', 'Early Access'], 'Goal': 'Increase retention and lifetime value'}",Loyalty Rewards & Premium Offers,"Email, Personal Calls","Exclusive Discounts, Early Access",Increase retention and lifetime value
18222.0,70,4833,67,6,3.0,Budget Buyers,"{'Strategy': 'Price-Based Promotions', 'Channels': ['SMS', 'Ads'], 'Offers': ['Coupons', 'Seasonal Discounts'], 'Goal': 'Increase purchase frequency'}",Price-Based Promotions,"SMS, Ads","Coupons, Seasonal Discounts",Increase purchase frequency
62335.0,87,4690,708,21,0.0,High Value Customers,"{'Strategy': 'Loyalty Rewards & Premium Offers', 'Channels': ['Email', 'Personal Calls'], 'Offers': ['Exclusive Discounts', 'Early Access'], 'Goal': 'Increase retention and lifetime value'}",Loyalty Rewards & Premium Offers,"Email, Personal Calls","Exclusive Discounts, Early Access",Increase retention and lifetime value
42033.0,95,4936,25,4,3.0,Budget Buyers,"{'Strategy': 'Price-Based Promotions', 'Channels': ['SMS', 'Ads'], 'Offers': ['Coupons', 'Seasonal Discounts'], 'Goal': 'Increase purchase frequency'}",Price-Based Promotions,"SMS, Ads","Coupons, Seasonal Discounts",Increase purchase frequency
86580.0,72,4775,746,11,3.0,Budget Buyers,"{'Strategy': 'Price-Based Promotions', 'Channels': ['SMS', 'Ads'], 'Offers': ['Coupons', 'Seasonal Discounts'], 'Goal': 'Increase purchase frequency'}",Price-Based Promotions,"SMS, Ads","Coupons, Seasonal Discounts",Increase purchase frequency
41437.0,5,4933,32,5,1.0,New Customers,"{'Strategy': 'Welcome Campaign', 'Channels': ['Email', 'SMS'], 'Offers': ['First Purchase Discount'], 'Goal': 'Convert into repeat customers'}",Welcome Campaign,"Email, SMS",First Purchase Discount,Convert into repeat customers
73705.0,86,4404,1695,25,1.0,New Customers,"{'Strategy': 'Welcome Campaign', 'Channels': ['Email', 'SMS'], 'Offers': ['First Purchase Discount'], 'Goal': 'Convert into repeat customers'}",Welcome Campaign,"Email, SMS",First Purchase Discount,Convert into repeat customers
61064.0,80,4955,1080,28,3.0,Budget Buyers,"{'Strategy': 'Price-Based Promotions', 'Channels': ['SMS', 'Ads'], 'Offers': ['Coupons', 'Seasonal Discounts'], 'Goal': 'Increase purchase frequency'}",Price-Based Promotions,"SMS, Ads","Coupons, Seasonal Discounts",Increase purchase frequency
38452.0,62,4379,72,9,0.0,High Value Customers,"{'Strategy': 'Loyalty Rewards & Premium Offers', 'Channels': ['Email', 'Personal Calls'], 'Offers': ['Exclusive Discounts', 'Early Access'], 'Goal': 'Increase retention and lifetime value'}",Loyalty Rewards & Premium Offers,"Email, Personal Calls","Exclusive Discounts, Early Access",Increase retention and lifetime value
18358.0,49,4509,57,10,1.0,New Customers,"{'Strategy': 'Welcome Campaign', 'Channels': ['Email', 'SMS'], 'Offers': ['First Purchase Discount'], 'Goal': 'Convert into repeat customers'}",Welcome Campaign,"Email, SMS",First Purchase Discount,Convert into repeat customers
55012.0,85,4388,660,25,2.0,At Risk Customers,"{'Strategy': 'Re-engagement Campaign', 'Channels': ['Email', 'Push Notifications'], 'Offers': ['Win-back Discounts'], 'Goal': 'Prevent churn'}",Re-engagement Campaign,"Email, Push Notifications",Win-back Discounts,Prevent churn
9722.0,7,4923,103,11,0.0,High Value Customers,"{'Strategy': 'Loyalty Rewards & Premium Offers', 'Channels': ['Email', 'Personal Calls'], 'Offers': ['Exclusive Discounts', 'Early Access'], 'Goal': 'Increase retention and lifetime value'}",Loyalty Rewards & Premium Offers,"Email, Personal Calls","Exclusive Discounts, Early Access",Increase retention and lifetime value
38175.0,6,4567,153,11,3.0,Budget Buyers,"{'Strategy': 'Price-Based Promotions', 'Channels': ['SMS', 'Ads'], 'Offers': ['Coupons', 'Seasonal Discounts'], 'Goal': 'Increase purchase frequency'}",Price-Based Promotions,"SMS, Ads","Coupons, Seasonal Discounts",Increase purchase frequency
58656.0,25,4935,1220,32,1.0,New Customers,"{'Strategy': 'Welcome Campaign', 'Channels': ['Email', 'SMS'], 'Offers': ['First Purchase Discount'], 'Goal': 'Convert into repeat customers'}",Welcome Campaign,"Email, SMS",First Purchase Discount,Convert into repeat customers
52117.0,55,4970,279,13,2.0,At Risk Customers,"{'Strategy': 'Re-engagement Campaign', 'Channels': ['Email', 'Push Notifications'], 'Offers': ['Win-back Discounts'], 'Goal': 'Prevent churn'}",Re-engagement Campaign,"Email, Push Notifications",Win-back Discounts,Prevent churn
64813.0,81,4466,745,20,2.0,At Risk Customers,"{'Strategy': 'Re-engagement Campaign', 'Channels': ['Email', 'Push Notifications'], 'Offers': ['Win-back Discounts'], 'Goal': 'Prevent churn'}",Re-engagement Campaign,"Email, Push Notifications",Win-back Discounts,Prevent churn
54222.0,98,4408,264,12,0.0,High Value Customers,"{'Strategy': 'Loyalty Rewards & Premium Offers', 'Channels': ['Email', 'Personal Calls'], 'Offers': ['Exclusive Discounts', 'Early Access'], 'Goal': 'Increase retention and lifetime value'}",Loyalty Rewards & Premium Offers,"Email, Personal Calls","Exclusive Discounts, Early Access",Increase retention and lifetime value
83512.0,31,4300,2157,22,3.0,Budget Buyers,"{'Strategy': 'Price-Based Promotions', 'Channels': ['SMS', 'Ads'], 'Offers': ['Coupons', 'Seasonal Discounts'], 'Goal': 'Increase purchase frequency'}",Price-Based Promotions,"SMS, Ads","Coupons, Seasonal Discounts",Increase purchase frequency
77520.0,30,4593,1526,23,1.0,New Customers,"{'Strategy': 'Welcome Campaign', 'Channels': ['Email', 'SMS'], 'Offers': ['First Purchase Discount'], 'Goal': 'Convert into repeat customers'}",Welcome Campaign,"Email, SMS",First Purchase Discount,Convert into repeat customers
41154.0,98,4734,69,6,0.0,High Value Customers,"{'Strategy': 'Loyalty Rewards & Premium Offers', 'Channels': ['Email', 'Personal Calls'], 'Offers': ['Exclusive Discounts', 'Early Access'], 'Goal': 'Increase retention and lifetime value'}",Loyalty Rewards & Premium Offers,"Email, Personal Calls","Exclusive Discounts, Early Access",Increase retention and lifetime value
80398.0,92,4884,1597,26,3.0,Budget Buyers,"{'Strategy': 'Price-Based Promotions', 'Channels': ['SMS', 'Ads'], 'Offers': ['Coupons', 'Seasonal Discounts'], 'Goal': 'Increase purchase frequency'}",Price-Based Promotions,"SMS, Ads","Coupons, Seasonal Discounts",Increase purchase frequency
18746.0,41,4319,64,8,1.0,New Customers,"{'Strategy': 'Welcome Campaign', 'Channels': ['Email', 'SMS'], 'Offers': ['First Purchase Discount'], 'Goal': 'Convert into repeat customers'}",Welcome Campaign,"Email, SMS",First Purchase Discount,Convert into repeat customers
35196.0,68,4881,497,18,1.0,New Customers,"{'Strategy': 'Welcome Campaign', 'Channels': ['Email', 'SMS'], 'Offers': ['First Purchase Discount'], 'Goal': 'Convert into repeat customers'}",Welcome Campaign,"Email, SMS",First Purchase Discount,Convert into repeat customers
60230.0,78,4693,1067,17,2.0,At Risk Customers,"{'Strategy': 'Re-engagement Campaign', 'Channels': ['Email', 'Push Notifications'], 'Offers': ['Win-back Discounts'], 'Goal': 'Prevent churn'}",Re-engagement Campaign,"Email, Push Notifications",Win-back Discounts,Prevent churn
22108.0,46,4340,31,7,0.0,High Value Customers,"{'Strategy': 'Loyalty Rewards & Premium Offers', 'Channels': ['Email', 'Personal Calls'], 'Offers': ['Exclusive Discounts', 'Early Access'], 'Goal': 'Increase retention and lifetime value'}",Loyalty Rewards & Premium Offers,"Email, Personal Calls","Exclusive Discounts, Early Access",Increase retention and lifetime value
44392.0,71,4585,211,14,3.0,Budget Buyers,"{'Strategy': 'Price-Based Promotions', 'Channels': ['SMS', 'Ads'], 'Offers': ['Coupons', 'Seasonal Discounts'], 'Goal': 'Increase purchase frequency'}",Price-Based Promotions,"SMS, Ads","Coupons, Seasonal Discounts",Increase purchase frequency
55424.0,6,4869,877,25,2.0,At Risk Customers,"{'Strategy': 'Re-engagement Campaign', 'Channels': ['Email', 'Push Notifications'], 'Offers': ['Win-back Discounts'], 'Goal': 'Prevent churn'}",Re-engagement Campaign,"Email, Push Notifications",Win-back Discounts,Prevent churn
17688.0,82,4820,11,4,2.0,At Risk Customers,"{'Strategy': 'Re-engagement Campaign', 'Channels': ['Email', 'Push Notifications'], 'Offers': ['Win-back Discounts'], 'Goal': 'Prevent churn'}",Re-engagement Campaign,"Email, Push Notifications",Win-back Discounts,Prevent churn
92491.0,71,4712,2034,25,1.0,New Customers,"{'Strategy': 'Welcome Campaign', 'Channels': ['Email', 'SMS'], 'Offers': ['First Purchase Discount'], 'Goal': 'Convert into repeat customers'}",Welcome Campaign,"Email, SMS",First Purchase Discount,Convert into repeat customers
90273.0,32,4485,1991,19,1.0,New Customers,"{'Strategy': 'Welcome Campaign', 'Channels': ['Email', 'SMS'], 'Offers': ['First Purchase Discount'], 'Goal': 'Convert into repeat customers'}",Welcome Campaign,"Email, SMS",First Purchase Discount,Convert into repeat customers
82571.0,28,4376,1686,24,0.0,High Value Customers,"{'Strategy': 'Loyalty Rewards & Premium Offers', 'Channels': ['Email', 'Personal Calls'], 'Offers': ['Exclusive Discounts', 'Early Access'], 'Goal': 'Increase retention and lifetime value'}",Loyalty Rewards & Premium Offers,"Email, Personal Calls","Exclusive Discounts, Early Access",Increase retention and lifetime value
38513.0,20,4440,324,17,0.0,High Value Customers,"{'Strategy': 'Loyalty Rewards & Premium Offers', 'Channels': ['Email', 'Personal Calls'], 'Offers': ['Exclusive Discounts', 'Early Access'], 'Goal': 'Increase retention and lifetime value'}",Loyalty Rewards & Premium Offers,"Email, Personal Calls","Exclusive Discounts, Early Access",Increase retention and lifetime value
16653.0,10,4360,69,9,3.0,Budget Buyers,"{'Strategy': 'Price-Based Promotions', 'Channels': ['SMS', 'Ads'], 'Offers': ['Coupons', 'Seasonal Discounts'], 'Goal': 'Increase purchase frequency'}",Price-Based Promotions,"SMS, Ads","Coupons, Seasonal Discounts",Increase purchase frequency
42586.0,7,4896,252,16,3.0,Budget Buyers,"{'Strategy': 'Price-Based Promotions', 'Channels': ['SMS', 'Ads'], 'Offers': ['Coupons', 'Seasonal Discounts'], 'Goal': 'Increase purchase frequency'}",Price-Based Promotions,"SMS, Ads","Coupons, Seasonal Discounts",Increase purchase frequency
23529.0,67,4826,54,5,1.0,New Customers,"{'Strategy': 'Welcome Campaign', 'Channels': ['Email', 'SMS'], 'Offers': ['First Purchase Discount'], 'Goal': 'Convert into repeat customers'}",Welcome Campaign,"Email, SMS",First Purchase Discount,Convert into repeat customers
74881.0,48,4766,964,27,0.0,High Value Customers,"{'Strategy': 'Loyalty Rewards & Premium Offers', 'Channels': ['Email', 'Personal Calls'], 'Offers': ['Exclusive Discounts', 'Early Access'], 'Goal': 'Increase retention and lifetime value'}",Loyalty Rewards & Premium Offers,"Email, Personal Calls","Exclusive Discounts, Early Access",Increase retention and lifetime value
71107.0,61,4785,1327,28,0.0,High Value Customers,"{'Strategy': 'Loyalty Rewards & Premium Offers', 'Channels': ['Email', 'Personal Calls'], 'Offers': ['Exclusive Discounts', 'Early Access'], 'Goal': 'Increase retention and lifetime value'}",Loyalty Rewards & Premium Offers,"Email, Personal Calls","Exclusive Discounts, Early Access",Increase retention and lifetime value
46910.0,36,4386,68,7,2.0,At Risk Customers,"{'Strategy': 'Re-engagement Campaign', 'Channels': ['Email', 'Push Notifications'], 'Offers': ['Win-back Discounts'], 'Goal': 'Prevent churn'}",Re-engagement Campaign,"Email, Push Notifications",Win-back Discounts,Prevent churn
18690.0,77,4836,60,5,2.0,At Risk Customers,"{'Strategy': 'Re-engagement Campaign', 'Channels': ['Email', 'Push Notifications'], 'Offers': ['Win-back Discounts'], 'Goal': 'Prevent churn'}",Re-engagement Campaign,"Email, Push Notifications",Win-back Discounts,Prevent churn
37244.0,90,4716,55,5,3.0,Budget Buyers,"{'Strategy': 'Price-Based Promotions', 'Channels': ['SMS', 'Ads'], 'Offers': ['Coupons', 'Seasonal Discounts'], 'Goal': 'Increase purchase frequency'}",Price-Based Promotions,"SMS, Ads","Coupons, Seasonal Discounts",Increase purchase frequency
82427.0,35,4397,1456,21,2.0,At Risk Customers,"{'Strategy': 'Re-engagement Campaign', 'Channels': ['Email', 'Push Notifications'], 'Offers': ['Win-back Discounts'], 'Goal': 'Prevent churn'}",Re-engagement Campaign,"Email, Push Notifications",Win-back Discounts,Prevent churn
75342.0,38,4707,563,18,3.0,Budget Buyers,"{'Strategy': 'Price-Based Promotions', 'Channels': ['SMS', 'Ads'], 'Offers': ['Coupons', 'Seasonal Discounts'], 'Goal': 'Increase purchase frequency'}",Price-Based Promotions,"SMS, Ads","Coupons, Seasonal Discounts",Increase purchase frequency
70044.0,46,4784,1504,26,1.0,New Customers,"{'Strategy': 'Welcome Campaign', 'Channels': ['Email', 'SMS'], 'Offers': ['First Purchase Discount'], 'Goal': 'Convert into repeat customers'}",Welcome Campaign,"Email, SMS",First Purchase Discount,Convert into repeat customers
79146.0,33,4354,564,19,1.0,New Customers,"{'Strategy': 'Welcome Campaign', 'Channels': ['Email', 'SMS'], 'Offers': ['First Purchase Discount'], 'Goal': 'Convert into repeat customers'}",Welcome Campaign,"Email, SMS",First Purchase Discount,Convert into repeat customers
77437.0,70,4503,1125,23,1.0,New Customers,"{'Strategy': 'Welcome Campaign', 'Channels': ['Email', 'SMS'], 'Offers': ['First Purchase Discount'], 'Goal': 'Convert into repeat customers'}",Welcome Campaign,"Email, SMS",First Purchase Discount,Convert into repeat customers
54984.0,51,4324,358,17,0.0,High Value Customers,"{'Strategy': 'Loyalty Rewards & Premium Offers', 'Channels': ['Email', 'Personal Calls'], 'Offers': ['Exclusive Discounts', 'Early Access'], 'Goal': 'Increase retention and lifetime value'}",Loyalty Rewards & Premium Offers,"Email, Personal Calls","Exclusive Discounts, Early Access",Increase retention and lifetime value
42403.0,18,4488,42,5,1.0,New Customers,"{'Strategy': 'Welcome Campaign', 'Channels': ['Email', 'SMS'], 'Offers': ['First Purchase Discount'], 'Goal': 'Convert into repeat customers'}",Welcome Campaign,"Email, SMS",First Purchase Discount,Convert into repeat customers
55761.0,97,4354,184,10,2.0,At Risk Customers,"{'Strategy': 'Re-engagement Campaign', 'Channels': ['Email', 'Push Notifications'], 'Offers': ['Win-back Discounts'], 'Goal': 'Prevent churn'}",Re-engagement Campaign,"Email, Push Notifications",Win-back Discounts,Prevent churn
37292.0,32,4725,460,19,3.0,Budget Buyers,"{'Strategy': 'Price-Based Promotions', 'Channels': ['SMS', 'Ads'], 'Offers': ['Coupons', 'Seasonal Discounts'], 'Goal': 'Increase purchase frequency'}",Price-Based Promotions,"SMS, Ads","Coupons, Seasonal Discounts",Increase purchase frequency
45576.0,9,4320,145,8,3.0,Budget Buyers,"{'Strategy': 'Price-Based Promotions', 'Channels': ['SMS', 'Ads'], 'Offers': ['Coupons', 'Seasonal Discounts'], 'Goal': 'Increase purchase frequency'}",Price-Based Promotions,"SMS, Ads","Coupons, Seasonal Discounts",Increase purchase frequency
70321.0,6,4817,1376,25,0.0,High Value Customers,"{'Strategy': 'Loyalty Rewards & Premium Offers', 'Channels': ['Email', 'Personal Calls'], 'Offers': ['Exclusive Discounts', 'Early Access'], 'Goal': 'Increase retention and lifetime value'}",Loyalty Rewards & Premium Offers,"Email, Personal Calls","Exclusive Discounts, Early Access",Increase retention and lifetime value
58086.0,80,4813,792,23,2.0,At Risk Customers,"{'Strategy': 'Re-engagement Campaign', 'Channels': ['Email', 'Push Notifications'], 'Offers': ['Win-back Discounts'], 'Goal': 'Prevent churn'}",Re-engagement Campaign,"Email, Push Notifications",Win-back Discounts,Prevent churn
81795.0,74,4899,1382,23,3.0,Budget Buyers,"{'Strategy': 'Price-Based Promotions', 'Channels': ['SMS', 'Ads'], 'Offers': ['Coupons', 'Seasonal Discounts'], 'Goal': 'Increase purchase frequency'}",Price-Based Promotions,"SMS, Ads","Coupons, Seasonal Discounts",Increase purchase frequency
28389.0,49,4874,28,4,3.0,Budget Buyers,"{'Strategy': 'Price-Based Promotions', 'Channels': ['SMS', 'Ads'], 'Offers': ['Coupons', 'Seasonal Discounts'], 'Goal': 'Increase purchase frequency'}",Price-Based Promotions,"SMS, Ads","Coupons, Seasonal Discounts",Increase purchase frequency
66835.0,21,4562,1033,24,3.0,Budget Buyers,"{'Strategy': 'Price-Based Promotions', 'Channels': ['SMS', 'Ads'], 'Offers': ['Coupons', 'Seasonal Discounts'], 'Goal': 'Increase purchase frequency'}",Price-Based Promotions,"SMS, Ads","Coupons, Seasonal Discounts",Increase purchase frequency
69901.0,95,4684,882,23,0.0,High Value Customers,"{'Strategy': 'Loyalty Rewards & Premium Offers', 'Channels': ['Email', 'Personal Calls'], 'Offers': ['Exclusive Discounts', 'Early Access'], 'Goal': 'Increase retention and lifetime value'}",Loyalty Rewards & Premium Offers,"Email, Personal Calls","Exclusive Discounts, Early Access",Increase retention and lifetime value
80360.0,56,4771,2231,15,1.0,New Customers,"{'Strategy': 'Welcome Campaign', 'Channels': ['Email', 'SMS'], 'Offers': ['First Purchase Discount'], 'Goal': 'Convert into repeat customers'}",Welcome Campaign,"Email, SMS",First Purchase Discount,Convert into repeat customers
63342.0,48,4909,1101,19,0.0,High Value Customers,"{'Strategy': 'Loyalty Rewards & Premium Offers', 'Channels': ['Email', 'Personal Calls'], 'Offers': ['Exclusive Discounts', 'Early Access'], 'Goal': 'Increase retention and lifetime value'}",Loyalty Rewards & Premium Offers,"Email, Personal Calls","Exclusive Discounts, Early Access",Increase retention and lifetime value
44989.0,26,4943,369,16,0.0,High Value Customers,"{'Strategy': 'Loyalty Rewards & Premium Offers', 'Channels': ['Email', 'Personal Calls'], 'Offers': ['Exclusive Discounts', 'Early Access'], 'Goal': 'Increase retention and lifetime value'}",Loyalty Rewards & Premium Offers,"Email, Personal Calls","Exclusive Discounts, Early Access",Increase retention and lifetime value
31859.0,3,4410,48,5,0.0,High Value Customers,"{'Strategy': 'Loyalty Rewards & Premium Offers', 'Channels': ['Email', 'Personal Calls'], 'Offers': ['Exclusive Discounts', 'Early Access'], 'Goal': 'Increase retention and lifetime value'}",Loyalty Rewards & Premium Offers,"Email, Personal Calls","Exclusive Discounts, Early Access",Increase retention and lifetime value
51569.0,39,4790,467,19,1.0,New Customers,"{'Strategy': 'Welcome Campaign', 'Channels': ['Email', 'SMS'], 'Offers': ['First Purchase Discount'], 'Goal': 'Convert into repeat customers'}",Welcome Campaign,"Email, SMS",First Purchase Discount,Convert into repeat customers
30372.0,33,4839,44,8,0.0,High Value Customers,"{'Strategy': 'Loyalty Rewards & Premium Offers', 'Channels': ['Email', 'Personal Calls'], 'Offers': ['Exclusive Discounts', 'Early Access'], 'Goal': 'Increase retention and lifetime value'}",Loyalty Rewards & Premium Offers,"Email, Personal Calls","Exclusive Discounts, Early Access",Increase retention and lifetime value
16014.0,42,4757,38,10,1.0,New Customers,"{'Strategy': 'Welcome Campaign', 'Channels': ['Email', 'SMS'], 'Offers': ['First Purchase Discount'], 'Goal': 'Convert into repeat customers'}",Welcome Campaign,"Email, SMS",First Purchase Discount,Convert into repeat customers
41120.0,80,4523,81,9,3.0,Budget Buyers,"{'Strategy': 'Price-Based Promotions', 'Channels': ['SMS', 'Ads'], 'Offers': ['Coupons', 'Seasonal Discounts'], 'Goal': 'Increase purchase frequency'}",Price-Based Promotions,"SMS, Ads","Coupons, Seasonal Discounts",Increase purchase frequency
39763.0,9,4617,167,10,3.0,Budget Buyers,"{'Strategy': 'Price-Based Promotions', 'Channels': ['SMS', 'Ads'], 'Offers': ['Coupons', 'Seasonal Discounts'], 'Goal': 'Increase purchase frequency'}",Price-Based Promotions,"SMS, Ads","Coupons, Seasonal Discounts",Increase purchase frequency
38725.0,52,4338,45,7,0.0,High Value Customers,"{'Strategy': 'Loyalty Rewards & Premium Offers', 'Channels': ['Email', 'Personal Calls'], 'Offers': ['Exclusive Discounts', 'Early Access'], 'Goal': 'Increase retention and lifetime value'}",Loyalty Rewards & Premium Offers,"Email, Personal Calls","Exclusive Discounts, Early Access",Increase retention and lifetime value
77981.0,78,4687,664,21,1.0,New Customers,"{'Strategy': 'Welcome Campaign', 'Channels': ['Email', 'SMS'], 'Offers': ['First Purchase Discount'], 'Goal': 'Convert into repeat customers'}",Welcome Campaign,"Email, SMS",First Purchase Discount,Convert into repeat customers
62905.0,68,4580,622,20,2.0,At Risk Customers,"{'Strategy': 'Re-engagement Campaign', 'Channels': ['Email', 'Push Notifications'], 'Offers': ['Win-back Discounts'], 'Goal': 'Prevent churn'}",Re-engagement Campaign,"Email, Push Notifications",Win-back Discounts,Prevent churn
13533.0,45,4764,48,7,1.0,New Customers,"{'Strategy': 'Welcome Campaign', 'Channels': ['Email', 'SMS'], 'Offers': ['First Purchase Discount'], 'Goal': 'Convert into repeat customers'}",Welcome Campaign,"Email, SMS",First Purchase Discount,Convert into repeat customers
59481.0,47,4537,461,16,3.0,Budget Buyers,"{'Strategy': 'Price-Based Promotions', 'Channels': ['SMS', 'Ads'], 'Offers': ['Coupons', 'Seasonal Discounts'], 'Goal': 'Increase purchase frequency'}",Price-Based Promotions,"SMS, Ads","Coupons, Seasonal Discounts",Increase purchase frequency
72117.0,34,4601,1073,26,1.0,New Customers,"{'Strategy': 'Welcome Campaign', 'Channels': ['Email', 'SMS'], 'Offers': ['First Purchase Discount'], 'Goal': 'Convert into repeat customers'}",Welcome Campaign,"Email, SMS",First Purchase Discount,Convert into repeat customers
21955.0,81,4583,55,8,2.0,At Risk Customers,"{'Strategy': 'Re-engagement Campaign', 'Channels': ['Email', 'Push Notifications'], 'Offers': ['Win-back Discounts'], 'Goal': 'Prevent churn'}",Re-engagement Campaign,"Email, Push Notifications",Win-back Discounts,Prevent churn
67131.0,72,4748,976,26,1.0,New Customers,"{'Strategy': 'Welcome Campaign', 'Channels': ['Email', 'SMS'], 'Offers': ['First Purchase Discount'], 'Goal': 'Convert into repeat customers'}",Welcome Campaign,"Email, SMS",First Purchase Discount,Convert into repeat customers
36802.0,23,4301,20,5,1.0,New Customers,"{'Strategy': 'Welcome Campaign', 'Channels': ['Email', 'SMS'], 'Offers': ['First Purchase Discount'], 'Goal': 'Convert into repeat customers'}",Welcome Campaign,"Email, SMS",First Purchase Discount,Convert into repeat customers
71853.0,29,4705,1149,17,0.0,High Value Customers,"{'Strategy': 'Loyalty Rewards & Premium Offers', 'Channels': ['Email', 'Personal Calls'], 'Offers': ['Exclusive Discounts', 'Early Access'], 'Goal': 'Increase retention and lifetime value'}",Loyalty Rewards & Premium Offers,"Email, Personal Calls","Exclusive Discounts, Early Access",Increase retention and lifetime value
28249.0,80,4302,43,6,0.0,High Value Customers,"{'Strategy': 'Loyalty Rewards & Premium Offers', 'Channels': ['Email', 'Personal Calls'], 'Offers': ['Exclusive Discounts', 'Early Access'], 'Goal': 'Increase retention and lifetime value'}",Loyalty Rewards & Premium Offers,"Email, Personal Calls","Exclusive Discounts, Early Access",Increase retention and lifetime value
47808.0,30,4540,224,10,3.0,Budget Buyers,"{'Strategy': 'Price-Based Promotions', 'Channels': ['SMS', 'Ads'], 'Offers': ['Coupons', 'Seasonal Discounts'], 'Goal': 'Increase purchase frequency'}",Price-Based Promotions,"SMS, Ads","Coupons, Seasonal Discounts",Increase purchase frequency
25509.0,15,4937,101,9,3.0,Budget Buyers,"{'Strategy': 'Price-Based Promotions', 'Channels': ['SMS', 'Ads'], 'Offers': ['Coupons', 'Seasonal Discounts'], 'Goal': 'Increase purchase frequency'}",Price-Based Promotions,"SMS, Ads","Coupons, Seasonal Discounts",Increase purchase frequency
51012.0,86,4725,209,10,1.0,New Customers,"{'Strategy': 'Welcome Campaign', 'Channels': ['Email', 'SMS'], 'Offers': ['First Purchase Discount'], 'Goal': 'Convert into repeat customers'}",Welcome Campaign,"Email, SMS",First Purchase Discount,Convert into repeat customers
70596.0,68,4920,968,21,0.0,High Value Customers,"{'Strategy': 'Loyalty Rewards & Premium Offers', 'Channels': ['Email', 'Personal Calls'], 'Offers': ['Exclusive Discounts', 'Early Access'], 'Goal': 'Increase retention and lifetime value'}",Loyalty Rewards & Premium Offers,"Email, Personal Calls","Exclusive Discounts, Early Access",Increase retention and lifetime value
85431.0,54,4674,1165,17,0.0,High Value Customers,"{'Strategy': 'Loyalty Rewards & Premium Offers', 'Channels': ['Email', 'Personal Calls'], 'Offers': ['Exclusive Discounts', 'Early Access'], 'Goal': 'Increase retention and lifetime value'}",Loyalty Rewards & Premium Offers,"Email, Personal Calls","Exclusive Discounts, Early Access",Increase retention and lifetime value
42664.0,44,4391,24,5,0.0,High Value Customers,"{'Strategy': 'Loyalty Rewards & Premium Offers', 'Channels': ['Email', 'Personal Calls'], 'Offers': ['Exclusive Discounts', 'Early Access'], 'Goal': 'Increase retention and lifetime value'}",Loyalty Rewards & Premium Offers,"Email, Personal Calls","Exclusive Discounts, Early Access",Increase retention and lifetime value
42586.0,7,4896,252,16,1.0,New Customers,"{'Strategy': 'Welcome Campaign', 'Channels': ['Email', 'SMS'], 'Offers': ['First Purchase Discount'], 'Goal': 'Convert into repeat customers'}",Welcome Campaign,"Email, SMS",First Purchase Discount,Convert into repeat customers
29760.0,87,4957,165,12,2.0,At Risk Customers,"{'Strategy': 'Re-engagement Campaign', 'Channels': ['Email', 'Push Notifications'], 'Offers': ['Win-back Discounts'], 'Goal': 'Prevent churn'}",Re-engagement Campaign,"Email, Push Notifications",Win-back Discounts,Prevent churn
28973.0,59,4912,269,13,0.0,High Value Customers,"{'Strategy': 'Loyalty Rewards & Premium Offers', 'Channels': ['Email', 'Personal Calls'], 'Offers': ['Exclusive Discounts', 'Early Access'], 'Goal': 'Increase retention and lifetime value'}",Loyalty Rewards & Premium Offers,"Email, Personal Calls","Exclusive Discounts, Early Access",Increase retention and lifetime value
39435.0,16,4615,102,7,1.0,New Customers,"{'Strategy': 'Welcome Campaign', 'Channels': ['Email', 'SMS'], 'Offers': ['First Purchase Discount'], 'Goal': 'Convert into repeat customers'}",Welcome Campaign,"Email, SMS",First Purchase Discount,Convert into repeat customers
65370.0,1,4620,461,19,3.0,Budget Buyers,"{'Strategy': 'Price-Based Promotions', 'Channels': ['SMS', 'Ads'], 'Offers': ['Coupons', 'Seasonal Discounts'], 'Goal': 'Increase purchase frequency'}",Price-Based Promotions,"SMS, Ads","Coupons, Seasonal Discounts",Increase purchase frequency
20194.0,64,4847,47,7,3.0,Budget Buyers,"{'Strategy': 'Price-Based Promotions', 'Channels': ['SMS', 'Ads'], 'Offers': ['Coupons', 'Seasonal Discounts'], 'Goal': 'Increase purchase frequency'}",Price-Based Promotions,"SMS, Ads","Coupons, Seasonal Discounts",Increase purchase frequency
42473.0,72,4420,144,10,0.0,High Value Customers,"{'Strategy': 'Loyalty Rewards & Premium Offers', 'Channels': ['Email', 'Personal Calls'], 'Offers': ['Exclusive Discounts', 'Early Access'], 'Goal': 'Increase retention and lifetime value'}",Loyalty Rewards & Premium Offers,"Email, Personal Calls","Exclusive Discounts, Early Access",Increase retention and lifetime value
64590.0,98,4911,1338,24,0.0,High Value Customers,"{'Strategy': 'Loyalty Rewards & Premium Offers', 'Channels': ['Email', 'Personal Calls'], 'Offers': ['Exclusive Discounts', 'Early Access'], 'Goal': 'Increase retention and lifetime value'}",Loyalty Rewards & Premium Offers,"Email, Personal Calls","Exclusive Discounts, Early Access",Increase retention and lifetime value
71232.0,91,4501,917,25,0.0,High Value Customers,"{'Strategy': 'Loyalty Rewards & Premium Offers', 'Channels': ['Email', 'Personal Calls'], 'Offers': ['Exclusive Discounts', 'Early Access'], 'Goal': 'Increase retention and lifetime value'}",Loyalty Rewards & Premium Offers,"Email, Personal Calls","Exclusive Discounts, Early Access",Increase retention and lifetime value
34600.0,8,4832,318,17,1.0,New Customers,"{'Strategy': 'Welcome Campaign', 'Channels': ['Email', 'SMS'], 'Offers': ['First Purchase Discount'], 'Goal': 'Convert into repeat customers'}",Welcome Campaign,"Email, SMS",First Purchase Discount,Convert into repeat customers
46904.0,20,4891,253,14,3.0,Budget Buyers,"{'Strategy': 'Price-Based Promotions', 'Channels': ['SMS', 'Ads'], 'Offers': ['Coupons', 'Seasonal Discounts'], 'Goal': 'Increase purchase frequency'}",Price-Based Promotions,"SMS, Ads","Coupons, Seasonal Discounts",Increase purchase frequency
49094.0,6,4934,502,20,2.0,At Risk Customers,"{'Strategy': 'Re-engagement Campaign', 'Channels': ['Email', 'Push Notifications'], 'Offers': ['Win-back Discounts'], 'Goal': 'Prevent churn'}",Re-engagement Campaign,"Email, Push Notifications",Win-back Discounts,Prevent churn
36075.0,54,4490,119,7,0.0,High Value Customers,"{'Strategy': 'Loyalty Rewards & Premium Offers', 'Channels': ['Email', 'Personal Calls'], 'Offers': ['Exclusive Discounts', 'Early Access'], 'Goal': 'Increase retention and lifetime value'}",Loyalty Rewards & Premium Offers,"Email, Personal Calls","Exclusive Discounts, Early Access",Increase retention and lifetime value
60839.0,72,4958,1250,29,1.0,New Customers,"{'Strategy': 'Welcome Campaign', 'Channels': ['Email', 'SMS'], 'Offers': ['First Purchase Discount'], 'Goal': 'Convert into repeat customers'}",Welcome Campaign,"Email, SMS",First Purchase Discount,Convert into repeat customers
77298.0,46,4527,969,24,3.0,Budget Buyers,"{'Strategy': 'Price-Based Promotions', 'Channels': ['SMS', 'Ads'], 'Offers': ['Coupons', 'Seasonal Discounts'], 'Goal': 'Increase purchase frequency'}",Price-Based Promotions,"SMS, Ads","Coupons, Seasonal Discounts",Increase purchase frequency
34026.0,11,4616,76,9,1.0,New Customers,"{'Strategy': 'Welcome Campaign', 'Channels': ['Email', 'SMS'], 'Offers': ['First Purchase Discount'], 'Goal': 'Convert into repeat customers'}",Welcome Campaign,"Email, SMS",First Purchase Discount,Convert into repeat customers
48918.0,21,4366,62,7,0.0,High Value Customers,"{'Strategy': 'Loyalty Rewards & Premium Offers', 'Channels': ['Email', 'Personal Calls'], 'Offers': ['Exclusive Discounts', 'Early Access'], 'Goal': 'Increase retention and lifetime value'}",Loyalty Rewards & Premium Offers,"Email, Personal Calls","Exclusive Discounts, Early Access",Increase retention and lifetime value
82122.0,89,4606,1382,26,0.0,High Value Customers,"{'Strategy': 'Loyalty Rewards & Premium Offers', 'Channels': ['Email', 'Personal Calls'], 'Offers': ['Exclusive Discounts', 'Early Access'], 'Goal': 'Increase retention and lifetime value'}",Loyalty Rewards & Premium Offers,"Email, Personal Calls","Exclusive Discounts, Early Access",Increase retention and lifetime value
37697.0,82,4430,84,7,2.0,At Risk Customers,"{'Strategy': 'Re-engagement Campaign', 'Channels': ['Email', 'Push Notifications'], 'Offers': ['Win-back Discounts'], 'Goal': 'Prevent churn'}",Re-engagement Campaign,"Email, Push Notifications",Win-back Discounts,Prevent churn
34074.0,69,4639,255,14,1.0,New Customers,"{'Strategy': 'Welcome Campaign', 'Channels': ['Email', 'SMS'], 'Offers': ['First Purchase Discount'], 'Goal': 'Convert into repeat customers'}",Welcome Campaign,"Email, SMS",First Purchase Discount,Convert into repeat customers
28520.0,55,4668,43,5,3.0,Budget Buyers,"{'Strategy': 'Price-Based Promotions', 'Channels': ['SMS', 'Ads'], 'Offers': ['Coupons', 'Seasonal Discounts'], 'Goal': 'Increase purchase frequency'}",Price-Based Promotions,"SMS, Ads","Coupons, Seasonal Discounts",Increase purchase frequency
62535.0,13,4557,398,14,2.0,At Risk Customers,"{'Strategy': 'Re-engagement Campaign', 'Channels': ['Email', 'Push Notifications'], 'Offers': ['Win-back Discounts'], 'Goal': 'Prevent churn'}",Re-engagement Campaign,"Email, Push Notifications",Win-back Discounts,Prevent churn
36273.0,80,4362,76,8,3.0,Budget Buyers,"{'Strategy': 'Price-Based Promotions', 'Channels': ['SMS', 'Ads'], 'Offers': ['Coupons', 'Seasonal Discounts'], 'Goal': 'Increase purchase frequency'}",Price-Based Promotions,"SMS, Ads","Coupons, Seasonal Discounts",Increase purchase frequency
63404.0,97,4311,902,15,3.0,Budget Buyers,"{'Strategy': 'Price-Based Promotions', 'Channels': ['SMS', 'Ads'], 'Offers': ['Coupons', 'Seasonal Discounts'], 'Goal': 'Increase purchase frequency'}",Price-Based Promotions,"SMS, Ads","Coupons, Seasonal Discounts",Increase purchase frequency
75774.0,27,4346,823,21,0.0,High Value Customers,"{'Strategy': 'Loyalty Rewards & Premium Offers', 'Channels': ['Email', 'Personal Calls'], 'Offers': ['Exclusive Discounts', 'Early Access'], 'Goal': 'Increase retention and lifetime value'}",Loyalty Rewards & Premium Offers,"Email, Personal Calls","Exclusive Discounts, Early Access",Increase retention and lifetime value
78416.0,99,4290,1179,26,0.0,High Value Customers,"{'Strategy': 'Loyalty Rewards & Premium Offers', 'Channels': ['Email', 'Personal Calls'], 'Offers': ['Exclusive Discounts', 'Early Access'], 'Goal': 'Increase retention and lifetime value'}",Loyalty Rewards & Premium Offers,"Email, Personal Calls","Exclusive Discounts, Early Access",Increase retention and lifetime value
75702.0,87,4911,1921,29,1.0,New Customers,"{'Strategy': 'Welcome Campaign', 'Channels': ['Email', 'SMS'], 'Offers': ['First Purchase Discount'], 'Goal': 'Convert into repeat customers'}",Welcome Campaign,"Email, SMS",First Purchase Discount,Convert into repeat customers
59385.0,85,4715,185,10,2.0,At Risk Customers,"{'Strategy': 'Re-engagement Campaign', 'Channels': ['Email', 'Push Notifications'], 'Offers': ['Win-back Discounts'], 'Goal': 'Prevent churn'}",Re-engagement Campaign,"Email, Push Notifications",Win-back Discounts,Prevent churn
37070.0,30,4754,433,23,1.0,New Customers,"{'Strategy': 'Welcome Campaign', 'Channels': ['Email', 'SMS'], 'Offers': ['First Purchase Discount'], 'Goal': 'Convert into repeat customers'}",Welcome Campaign,"Email, SMS",First Purchase Discount,Convert into repeat customers
44689.0,82,4458,34,6,0.0,High Value Customers,"{'Strategy': 'Loyalty Rewards & Premium Offers', 'Channels': ['Email', 'Personal Calls'], 'Offers': ['Exclusive Discounts', 'Early Access'], 'Goal': 'Increase retention and lifetime value'}",Loyalty Rewards & Premium Offers,"Email, Personal Calls","Exclusive Discounts, Early Access",Increase retention and lifetime value
53977.0,21,4674,907,27,2.0,At Risk Customers,"{'Strategy': 'Re-engagement Campaign', 'Channels': ['Email', 'Push Notifications'], 'Offers': ['Win-back Discounts'], 'Goal': 'Prevent churn'}",Re-engagement Campaign,"Email, Push Notifications",Win-back Discounts,Prevent churn
7144.0,92,4492,416,25,3.0,Budget Buyers,"{'Strategy': 'Price-Based Promotions', 'Channels': ['SMS', 'Ads'], 'Offers': ['Coupons', 'Seasonal Discounts'], 'Goal': 'Increase purchase frequency'}",Price-Based Promotions,"SMS, Ads","Coupons, Seasonal Discounts",Increase purchase frequency
18701.0,95,4678,44,10,0.0,High Value Customers,"{'Strategy': 'Loyalty Rewards & Premium Offers', 'Channels': ['Email', 'Personal Calls'], 'Offers': ['Exclusive Discounts', 'Early Access'], 'Goal': 'Increase retention and lifetime value'}",Loyalty Rewards & Premium Offers,"Email, Personal Calls","Exclusive Discounts, Early Access",Increase retention and lifetime value
90369.0,2,4350,1588,17,3.0,Budget Buyers,"{'Strategy': 'Price-Based Promotions', 'Channels': ['SMS', 'Ads'], 'Offers': ['Coupons', 'Seasonal Discounts'], 'Goal': 'Increase purchase frequency'}",Price-Based Promotions,"SMS, Ads","Coupons, Seasonal Discounts",Increase purchase frequency
63159.0,74,4889,1797,17,3.0,Budget Buyers,"{'Strategy': 'Price-Based Promotions', 'Channels': ['SMS', 'Ads'], 'Offers': ['Coupons', 'Seasonal Discounts'], 'Goal': 'Increase purchase frequency'}",Price-Based Promotions,"SMS, Ads","Coupons, Seasonal Discounts",Increase purchase frequency
37758.0,49,4921,40,6,3.0,Budget Buyers,"{'Strategy': 'Price-Based Promotions', 'Channels': ['SMS', 'Ads'], 'Offers': ['Coupons', 'Seasonal Discounts'], 'Goal': 'Increase purchase frequency'}",Price-Based Promotions,"SMS, Ads","Coupons, Seasonal Discounts",Increase purchase frequency
46757.0,71,4878,1143,21,2.0,At Risk Customers,"{'Strategy': 'Re-engagement Campaign', 'Channels': ['Email', 'Push Notifications'], 'Offers': ['Win-back Discounts'], 'Goal': 'Prevent churn'}",Re-engagement Campaign,"Email, Push Notifications",Win-back Discounts,Prevent churn
79734.0,72,4289,914,14,1.0,New Customers,"{'Strategy': 'Welcome Campaign', 'Channels': ['Email', 'SMS'], 'Offers': ['First Purchase Discount'], 'Goal': 'Convert into repeat customers'}",Welcome Campaign,"Email, SMS",First Purchase Discount,Convert into repeat customers
63207.0,68,4813,1502,12,2.0,At Risk Customers,"{'Strategy': 'Re-engagement Campaign', 'Channels': ['Email', 'Push Notifications'], 'Offers': ['Win-back Discounts'], 'Goal': 'Prevent churn'}",Re-engagement Campaign,"Email, Push Notifications",Win-back Discounts,Prevent churn
72071.0,4,4788,1338,20,3.0,Budget Buyers,"{'Strategy': 'Price-Based Promotions', 'Channels': ['SMS', 'Ads'], 'Offers': ['Coupons', 'Seasonal Discounts'], 'Goal': 'Increase purchase frequency'}",Price-Based Promotions,"SMS, Ads","Coupons, Seasonal Discounts",Increase purchase frequency
21840.0,80,4631,27,5,3.0,Budget Buyers,"{'Strategy': 'Price-Based Promotions', 'Channels': ['SMS', 'Ads'], 'Offers': ['Coupons', 'Seasonal Discounts'], 'Goal': 'Increase purchase frequency'}",Price-Based Promotions,"SMS, Ads","Coupons, Seasonal Discounts",Increase purchase frequency
58582.0,15,4562,763,22,1.0,New Customers,"{'Strategy': 'Welcome Campaign', 'Channels': ['Email', 'SMS'], 'Offers': ['First Purchase Discount'], 'Goal': 'Convert into repeat customers'}",Welcome Campaign,"Email, SMS",First Purchase Discount,Convert into repeat customers
72282.0,70,4633,1331,22,3.0,Budget Buyers,"{'Strategy': 'Price-Based Promotions', 'Channels': ['SMS', 'Ads'], 'Offers': ['Coupons', 'Seasonal Discounts'], 'Goal': 'Increase purchase frequency'}",Price-Based Promotions,"SMS, Ads","Coupons, Seasonal Discounts",Increase purchase frequency
50387.0,91,4590,525,19,1.0,New Customers,"{'Strategy': 'Welcome Campaign', 'Channels': ['Email', 'SMS'], 'Offers': ['First Purchase Discount'], 'Goal': 'Convert into repeat customers'}",Welcome Campaign,"Email, SMS",First Purchase Discount,Convert into repeat customers
32583.0,10,4302,9,4,1.0,New Customers,"{'Strategy': 'Welcome Campaign', 'Channels': ['Email', 'SMS'], 'Offers': ['First Purchase Discount'], 'Goal': 'Convert into repeat customers'}",Welcome Campaign,"Email, SMS",First Purchase Discount,Convert into repeat customers
62568.0,99,4371,953,16,3.0,Budget Buyers,"{'Strategy': 'Price-Based Promotions', 'Channels': ['SMS', 'Ads'], 'Offers': ['Coupons', 'Seasonal Discounts'], 'Goal': 'Increase purchase frequency'}",Price-Based Promotions,"SMS, Ads","Coupons, Seasonal Discounts",Increase purchase frequency
44635.0,25,4549,68,7,3.0,Budget Buyers,"{'Strategy': 'Price-Based Promotions', 'Channels': ['SMS', 'Ads'], 'Offers': ['Coupons', 'Seasonal Discounts'], 'Goal': 'Increase purchase frequency'}",Price-Based Promotions,"SMS, Ads","Coupons, Seasonal Discounts",Increase purchase frequency
33316.0,34,4556,131,10,1.0,New Customers,"{'Strategy': 'Welcome Campaign', 'Channels': ['Email', 'SMS'], 'Offers': ['First Purchase Discount'], 'Goal': 'Convert into repeat customers'}",Welcome Campaign,"Email, SMS",First Purchase Discount,Convert into repeat customers
63967.0,57,4612,882,23,3.0,Budget Buyers,"{'Strategy': 'Price-Based Promotions', 'Channels': ['SMS', 'Ads'], 'Offers': ['Coupons', 'Seasonal Discounts'], 'Goal': 'Increase purchase frequency'}",Price-Based Promotions,"SMS, Ads","Coupons, Seasonal Discounts",Increase purchase frequency
52513.0,84,4951,1149,25,2.0,At Risk Customers,"{'Strategy': 'Re-engagement Campaign', 'Channels': ['Email', 'Push Notifications'], 'Offers': ['Win-back Discounts'], 'Goal': 'Prevent churn'}",Re-engagement Campaign,"Email, Push Notifications",Win-back Discounts,Prevent churn
25293.0,51,4575,37,5,3.0,Budget Buyers,"{'Strategy': 'Price-Based Promotions', 'Channels': ['SMS', 'Ads'], 'Offers': ['Coupons', 'Seasonal Discounts'], 'Goal': 'Increase purchase frequency'}",Price-Based Promotions,"SMS, Ads","Coupons, Seasonal Discounts",Increase purchase frequency
54111.0,97,4596,388,15,0.0,High Value Customers,"{'Strategy': 'Loyalty Rewards & Premium Offers', 'Channels': ['Email', 'Personal Calls'], 'Offers': ['Exclusive Discounts', 'Early Access'], 'Goal': 'Increase retention and lifetime value'}",Loyalty Rewards & Premium Offers,"Email, Personal Calls","Exclusive Discounts, Early Access",Increase retention and lifetime value
78394.0,13,4787,1428,16,1.0,New Customers,"{'Strategy': 'Welcome Campaign', 'Channels': ['Email', 'SMS'], 'Offers': ['First Purchase Discount'], 'Goal': 'Convert into repeat customers'}",Welcome Campaign,"Email, SMS",First Purchase Discount,Convert into repeat customers
80739.0,92,4690,1633,24,0.0,High Value Customers,"{'Strategy': 'Loyalty Rewards & Premium Offers', 'Channels': ['Email', 'Personal Calls'], 'Offers': ['Exclusive Discounts', 'Early Access'], 'Goal': 'Increase retention and lifetime value'}",Loyalty Rewards & Premium Offers,"Email, Personal Calls","Exclusive Discounts, Early Access",Increase retention and lifetime value
22669.0,30,4691,173,10,3.0,Budget Buyers,"{'Strategy': 'Price-Based Promotions', 'Channels': ['SMS', 'Ads'], 'Offers': ['Coupons', 'Seasonal Discounts'], 'Goal': 'Increase purchase frequency'}",Price-Based Promotions,"SMS, Ads","Coupons, Seasonal Discounts",Increase purchase frequency
29236.0,30,4552,99,9,1.0,New Customers,"{'Strategy': 'Welcome Campaign', 'Channels': ['Email', 'SMS'], 'Offers': ['First Purchase Discount'], 'Goal': 'Convert into repeat customers'}",Welcome Campaign,"Email, SMS",First Purchase Discount,Convert into repeat customers
44911.0,11,4759,215,12,1.0,New Customers,"{'Strategy': 'Welcome Campaign', 'Channels': ['Email', 'SMS'], 'Offers': ['First Purchase Discount'], 'Goal': 'Convert into repeat customers'}",Welcome Campaign,"Email, SMS",First Purchase Discount,Convert into repeat customers
54693.0,72,4785,929,31,0.0,High Value Customers,"{'Strategy': 'Loyalty Rewards & Premium Offers', 'Channels': ['Email', 'Personal Calls'], 'Offers': ['Exclusive Discounts', 'Early Access'], 'Goal': 'Increase retention and lifetime value'}",Loyalty Rewards & Premium Offers,"Email, Personal Calls","Exclusive Discounts, Early Access",Increase retention and lifetime value
48186.0,39,4389,219,12,2.0,At Risk Customers,"{'Strategy': 'Re-engagement Campaign', 'Channels': ['Email', 'Push Notifications'], 'Offers': ['Win-back Discounts'], 'Goal': 'Prevent churn'}",Re-engagement Campaign,"Email, Push Notifications",Win-back Discounts,Prevent churn
54809.0,0,4579,174,12,0.0,High Value Customers,"{'Strategy': 'Loyalty Rewards & Premium Offers', 'Channels': ['Email', 'Personal Calls'], 'Offers': ['Exclusive Discounts', 'Early Access'], 'Goal': 'Increase retention and lifetime value'}",Loyalty Rewards & Premium Offers,"Email, Personal Calls","Exclusive Discounts, Early Access",Increase retention and lifetime value
41580.0,15,4854,92,9,0.0,High Value Customers,"{'Strategy': 'Loyalty Rewards & Premium Offers', 'Channels': ['Email', 'Personal Calls'], 'Offers': ['Exclusive Discounts', 'Early Access'], 'Goal': 'Increase retention and lifetime value'}",Loyalty Rewards & Premium Offers,"Email, Personal Calls","Exclusive Discounts, Early Access",Increase retention and lifetime value
80336.0,12,4581,1052,25,3.0,Budget Buyers,"{'Strategy': 'Price-Based Promotions', 'Channels': ['SMS', 'Ads'], 'Offers': ['Coupons', 'Seasonal Discounts'], 'Goal': 'Increase purchase frequency'}",Price-Based Promotions,"SMS, Ads","Coupons, Seasonal Discounts",Increase purchase frequency
47743.0,56,4752,275,14,0.0,High Value Customers,"{'Strategy': 'Loyalty Rewards & Premium Offers', 'Channels': ['Email', 'Personal Calls'], 'Offers': ['Exclusive Discounts', 'Early Access'], 'Goal': 'Increase retention and lifetime value'}",Loyalty Rewards & Premium Offers,"Email, Personal Calls","Exclusive Discounts, Early Access",Increase retention and lifetime value
62972.0,39,4983,587,16,3.0,Budget Buyers,"{'Strategy': 'Price-Based Promotions', 'Channels': ['SMS', 'Ads'], 'Offers': ['Coupons', 'Seasonal Discounts'], 'Goal': 'Increase purchase frequency'}",Price-Based Promotions,"SMS, Ads","Coupons, Seasonal Discounts",Increase purchase frequency
57333.0,55,4933,1662,33,1.0,New Customers,"{'Strategy': 'Welcome Campaign', 'Channels': ['Email', 'SMS'], 'Offers': ['First Purchase Discount'], 'Goal': 'Convert into repeat customers'}",Welcome Campaign,"Email, SMS",First Purchase Discount,Convert into repeat customers
32313.0,60,4791,159,11,3.0,Budget Buyers,"{'Strategy': 'Price-Based Promotions', 'Channels': ['SMS', 'Ads'], 'Offers': ['Coupons', 'Seasonal Discounts'], 'Goal': 'Increase purchase frequency'}",Price-Based Promotions,"SMS, Ads","Coupons, Seasonal Discounts",Increase purchase frequency
84953.0,73,4679,1024,18,2.0,At Risk Customers,"{'Strategy': 'Re-engagement Campaign', 'Channels': ['Email', 'Push Notifications'], 'Offers': ['Win-back Discounts'], 'Goal': 'Prevent churn'}",Re-engagement Campaign,"Email, Push Notifications",Win-back Discounts,Prevent churn
27071.0,90,4355,35,7,2.0,At Risk Customers,"{'Strategy': 'Re-engagement Campaign', 'Channels': ['Email', 'Push Notifications'], 'Offers': ['Win-back Discounts'], 'Goal': 'Prevent churn'}",Re-engagement Campaign,"Email, Push Notifications",Win-back Discounts,Prevent churn
68148.0,86,4590,1042,15,1.0,New Customers,"{'Strategy': 'Welcome Campaign', 'Channels': ['Email', 'SMS'], 'Offers': ['First Purchase Discount'], 'Goal': 'Convert into repeat customers'}",Welcome Campaign,"Email, SMS",First Purchase Discount,Convert into repeat customers
65735.0,37,4492,395,19,0.0,High Value Customers,"{'Strategy': 'Loyalty Rewards & Premium Offers', 'Channels': ['Email', 'Personal Calls'], 'Offers': ['Exclusive Discounts', 'Early Access'], 'Goal': 'Increase retention and lifetime value'}",Loyalty Rewards & Premium Offers,"Email, Personal Calls","Exclusive Discounts, Early Access",Increase retention and lifetime value
86836.0,7,4943,557,23,2.0,At Risk Customers,"{'Strategy': 'Re-engagement Campaign', 'Channels': ['Email', 'Push Notifications'], 'Offers': ['Win-back Discounts'], 'Goal': 'Prevent churn'}",Re-engagement Campaign,"Email, Push Notifications",Win-back Discounts,Prevent churn
4023.0,29,4294,9,15,1.0,New Customers,"{'Strategy': 'Welcome Campaign', 'Channels': ['Email', 'SMS'], 'Offers': ['First Purchase Discount'], 'Goal': 'Convert into repeat customers'}",Welcome Campaign,"Email, SMS",First Purchase Discount,Convert into repeat customers
30093.0,19,4644,69,6,3.0,Budget Buyers,"{'Strategy': 'Price-Based Promotions', 'Channels': ['SMS', 'Ads'], 'Offers': ['Coupons', 'Seasonal Discounts'], 'Goal': 'Increase purchase frequency'}",Price-Based Promotions,"SMS, Ads","Coupons, Seasonal Discounts",Increase purchase frequency
57705.0,14,4457,486,18,0.0,High Value Customers,"{'Strategy': 'Loyalty Rewards & Premium Offers', 'Channels': ['Email', 'Personal Calls'], 'Offers': ['Exclusive Discounts', 'Early Access'], 'Goal': 'Increase retention and lifetime value'}",Loyalty Rewards & Premium Offers,"Email, Personal Calls","Exclusive Discounts, Early Access",Increase retention and lifetime value
25008.0,72,4435,34,6,3.0,Budget Buyers,"{'Strategy': 'Price-Based Promotions', 'Channels': ['SMS', 'Ads'], 'Offers': ['Coupons', 'Seasonal Discounts'], 'Goal': 'Increase purchase frequency'}",Price-Based Promotions,"SMS, Ads","Coupons, Seasonal Discounts",Increase purchase frequency
83257.0,56,4937,1365,28,2.0,At Risk Customers,"{'Strategy': 'Re-engagement Campaign', 'Channels': ['Email', 'Push Notifications'], 'Offers': ['Win-back Discounts'], 'Goal': 'Prevent churn'}",Re-engagement Campaign,"Email, Push Notifications",Win-back Discounts,Prevent churn
22280.0,85,4694,13,4,2.0,At Risk Customers,"{'Strategy': 'Re-engagement Campaign', 'Channels': ['Email', 'Push Notifications'], 'Offers': ['Win-back Discounts'], 'Goal': 'Prevent churn'}",Re-engagement Campaign,"Email, Push Notifications",Win-back Discounts,Prevent churn
72159.0,62,4896,1401,21,3.0,Budget Buyers,"{'Strategy': 'Price-Based Promotions', 'Channels': ['SMS', 'Ads'], 'Offers': ['Coupons', 'Seasonal Discounts'], 'Goal': 'Increase purchase frequency'}",Price-Based Promotions,"SMS, Ads","Coupons, Seasonal Discounts",Increase purchase frequency
64260.0,1,4822,1574,14,0.0,High Value Customers,"{'Strategy': 'Loyalty Rewards & Premium Offers', 'Channels': ['Email', 'Personal Calls'], 'Offers': ['Exclusive Discounts', 'Early Access'], 'Goal': 'Increase retention and lifetime value'}",Loyalty Rewards & Premium Offers,"Email, Personal Calls","Exclusive Discounts, Early Access",Increase retention and lifetime value
82733.0,28,4580,1323,20,1.0,New Customers,"{'Strategy': 'Welcome Campaign', 'Channels': ['Email', 'SMS'], 'Offers': ['First Purchase Discount'], 'Goal': 'Convert into repeat customers'}",Welcome Campaign,"Email, SMS",First Purchase Discount,Convert into repeat customers
74290.0,70,4609,1217,32,3.0,Budget Buyers,"{'Strategy': 'Price-Based Promotions', 'Channels': ['SMS', 'Ads'], 'Offers': ['Coupons', 'Seasonal Discounts'], 'Goal': 'Increase purchase frequency'}",Price-Based Promotions,"SMS, Ads","Coupons, Seasonal Discounts",Increase purchase frequency
58217.0,84,4877,103,7,0.0,High Value Customers,"{'Strategy': 'Loyalty Rewards & Premium Offers', 'Channels': ['Email', 'Personal Calls'], 'Offers': ['Exclusive Discounts', 'Early Access'], 'Goal': 'Increase retention and lifetime value'}",Loyalty Rewards & Premium Offers,"Email, Personal Calls","Exclusive Discounts, Early Access",Increase retention and lifetime value
21024.0,89,4648,84,7,2.0,At Risk Customers,"{'Strategy': 'Re-engagement Campaign', 'Channels': ['Email', 'Push Notifications'], 'Offers': ['Win-back Discounts'], 'Goal': 'Prevent churn'}",Re-engagement Campaign,"Email, Push Notifications",Win-back Discounts,Prevent churn
70116.0,73,4807,1536,23,1.0,New Customers,"{'Strategy': 'Welcome Campaign', 'Channels': ['Email', 'SMS'], 'Offers': ['First Purchase Discount'], 'Goal': 'Convert into repeat customers'}",Welcome Campaign,"Email, SMS",First Purchase Discount,Convert into repeat customers
54006.0,42,4937,581,18,3.0,Budget Buyers,"{'Strategy': 'Price-Based Promotions', 'Channels': ['SMS', 'Ads'], 'Offers': ['Coupons', 'Seasonal Discounts'], 'Goal': 'Increase purchase frequency'}",Price-Based Promotions,"SMS, Ads","Coupons, Seasonal Discounts",Increase purchase frequency
69063.0,16,4887,928,14,3.0,Budget Buyers,"{'Strategy': 'Price-Based Promotions', 'Channels': ['SMS', 'Ads'], 'Offers': ['Coupons', 'Seasonal Discounts'], 'Goal': 'Increase purchase frequency'}",Price-Based Promotions,"SMS, Ads","Coupons, Seasonal Discounts",Increase purchase frequency
11448.0,16,4484,14,4,2.0,At Risk Customers,"{'Strategy': 'Re-engagement Campaign', 'Channels': ['Email', 'Push Notifications'], 'Offers': ['Win-back Discounts'], 'Goal': 'Prevent churn'}",Re-engagement Campaign,"Email, Push Notifications",Win-back Discounts,Prevent churn
61825.0,56,4614,424,15,2.0,At Risk Customers,"{'Strategy': 'Re-engagement Campaign', 'Channels': ['Email', 'Push Notifications'], 'Offers': ['Win-back Discounts'], 'Goal': 'Prevent churn'}",Re-engagement Campaign,"Email, Push Notifications",Win-back Discounts,Prevent churn
70886.0,65,4546,960,14,1.0,New Customers,"{'Strategy': 'Welcome Campaign', 'Channels': ['Email', 'SMS'], 'Offers': ['First Purchase Discount'], 'Goal': 'Convert into repeat customers'}",Welcome Campaign,"Email, SMS",First Purchase Discount,Convert into repeat customers
69109.0,10,4885,1555,20,1.0,New Customers,"{'Strategy': 'Welcome Campaign', 'Channels': ['Email', 'SMS'], 'Offers': ['First Purchase Discount'], 'Goal': 'Convert into repeat customers'}",Welcome Campaign,"Email, SMS",First Purchase Discount,Convert into repeat customers
60208.0,13,4918,656,29,0.0,High Value Customers,"{'Strategy': 'Loyalty Rewards & Premium Offers', 'Channels': ['Email', 'Personal Calls'], 'Offers': ['Exclusive Discounts', 'Early Access'], 'Goal': 'Increase retention and lifetime value'}",Loyalty Rewards & Premium Offers,"Email, Personal Calls","Exclusive Discounts, Early Access",Increase retention and lifetime value
32889.0,78,4584,55,9,2.0,At Risk Customers,"{'Strategy': 'Re-engagement Campaign', 'Channels': ['Email', 'Push Notifications'], 'Offers': ['Win-back Discounts'], 'Goal': 'Prevent churn'}",Re-engagement Campaign,"Email, Push Notifications",Win-back Discounts,Prevent churn
34738.0,51,4337,20,5,1.0,New Customers,"{'Strategy': 'Welcome Campaign', 'Channels': ['Email', 'SMS'], 'Offers': ['First Purchase Discount'], 'Goal': 'Convert into repeat customers'}",Welcome Campaign,"Email, SMS",First Purchase Discount,Convert into repeat customers
30538.0,27,4924,367,17,3.0,Budget Buyers,"{'Strategy': 'Price-Based Promotions', 'Channels': ['SMS', 'Ads'], 'Offers': ['Coupons', 'Seasonal Discounts'], 'Goal': 'Increase purchase frequency'}",Price-Based Promotions,"SMS, Ads","Coupons, Seasonal Discounts",Increase purchase frequency
82326.0,30,4399,2257,22,1.0,New Customers,"{'Strategy': 'Welcome Campaign', 'Channels': ['Email', 'SMS'], 'Offers': ['First Purchase Discount'], 'Goal': 'Convert into repeat customers'}",Welcome Campaign,"Email, SMS",First Purchase Discount,Convert into repeat customers
26642.0,71,4408,42,7,2.0,At Risk Customers,"{'Strategy': 'Re-engagement Campaign', 'Channels': ['Email', 'Push Notifications'], 'Offers': ['Win-back Discounts'], 'Goal': 'Prevent churn'}",Re-engagement Campaign,"Email, Push Notifications",Win-back Discounts,Prevent churn
69932.0,97,4670,1049,26,1.0,New Customers,"{'Strategy': 'Welcome Campaign', 'Channels': ['Email', 'SMS'], 'Offers': ['First Purchase Discount'], 'Goal': 'Convert into repeat customers'}",Welcome Campaign,"Email, SMS",First Purchase Discount,Convert into repeat customers
44503.0,83,4362,48,7,1.0,New Customers,"{'Strategy': 'Welcome Campaign', 'Channels': ['Email', 'SMS'], 'Offers': ['First Purchase Discount'], 'Goal': 'Convert into repeat customers'}",Welcome Campaign,"Email, SMS",First Purchase Discount,Convert into repeat customers
60200.0,3,4831,685,25,0.0,High Value Customers,"{'Strategy': 'Loyalty Rewards & Premium Offers', 'Channels': ['Email', 'Personal Calls'], 'Offers': ['Exclusive Discounts', 'Early Access'], 'Goal': 'Increase retention and lifetime value'}",Loyalty Rewards & Premium Offers,"Email, Personal Calls","Exclusive Discounts, Early Access",Increase retention and lifetime value
49638.0,71,4359,39,5,2.0,At Risk Customers,"{'Strategy': 'Re-engagement Campaign', 'Channels': ['Email', 'Push Notifications'], 'Offers': ['Win-back Discounts'], 'Goal': 'Prevent churn'}",Re-engagement Campaign,"Email, Push Notifications",Win-back Discounts,Prevent churn
23830.0,3,4430,43,5,2.0,At Risk Customers,"{'Strategy': 'Re-engagement Campaign', 'Channels': ['Email', 'Push Notifications'], 'Offers': ['Win-back Discounts'], 'Goal': 'Prevent churn'}",Re-engagement Campaign,"Email, Push Notifications",Win-back Discounts,Prevent churn
33051.0,15,4970,835,21,3.0,Budget Buyers,"{'Strategy': 'Price-Based Promotions', 'Channels': ['SMS', 'Ads'], 'Offers': ['Coupons', 'Seasonal Discounts'], 'Goal': 'Increase purchase frequency'}",Price-Based Promotions,"SMS, Ads","Coupons, Seasonal Discounts",Increase purchase frequency
72905.0,52,4447,1515,20,3.0,Budget Buyers,"{'Strategy': 'Price-Based Promotions', 'Channels': ['SMS', 'Ads'], 'Offers': ['Coupons', 'Seasonal Discounts'], 'Goal': 'Increase purchase frequency'}",Price-Based Promotions,"SMS, Ads","Coupons, Seasonal Discounts",Increase purchase frequency
69702.0,8,4783,1039,26,1.0,New Customers,"{'Strategy': 'Welcome Campaign', 'Channels': ['Email', 'SMS'], 'Offers': ['First Purchase Discount'], 'Goal': 'Convert into repeat customers'}",Welcome Campaign,"Email, SMS",First Purchase Discount,Convert into repeat customers
70300.0,89,4637,1596,26,1.0,New Customers,"{'Strategy': 'Welcome Campaign', 'Channels': ['Email', 'SMS'], 'Offers': ['First Purchase Discount'], 'Goal': 'Convert into repeat customers'}",Welcome Campaign,"Email, SMS",First Purchase Discount,Convert into repeat customers
70643.0,66,4910,1828,18,3.0,Budget Buyers,"{'Strategy': 'Price-Based Promotions', 'Channels': ['SMS', 'Ads'], 'Offers': ['Coupons', 'Seasonal Discounts'], 'Goal': 'Increase purchase frequency'}",Price-Based Promotions,"SMS, Ads","Coupons, Seasonal Discounts",Increase purchase frequency
30396.0,22,4348,34,6,1.0,New Customers,"{'Strategy': 'Welcome Campaign', 'Channels': ['Email', 'SMS'], 'Offers': ['First Purchase Discount'], 'Goal': 'Convert into repeat customers'}",Welcome Campaign,"Email, SMS",First Purchase Discount,Convert into repeat customers
50616.0,56,4360,149,10,0.0,High Value Customers,"{'Strategy': 'Loyalty Rewards & Premium Offers', 'Channels': ['Email', 'Personal Calls'], 'Offers': ['Exclusive Discounts', 'Early Access'], 'Goal': 'Increase retention and lifetime value'}",Loyalty Rewards & Premium Offers,"Email, Personal Calls","Exclusive Discounts, Early Access",Increase retention and lifetime value
62772.0,74,4694,946,23,1.0,New Customers,"{'Strategy': 'Welcome Campaign', 'Channels': ['Email', 'SMS'], 'Offers': ['First Purchase Discount'], 'Goal': 'Convert into repeat customers'}",Welcome Campaign,"Email, SMS",First Purchase Discount,Convert into repeat customers
30298.0,48,4329,28,6,3.0,Budget Buyers,"{'Strategy': 'Price-Based Promotions', 'Channels': ['SMS', 'Ads'], 'Offers': ['Coupons', 'Seasonal Discounts'], 'Goal': 'Increase purchase frequency'}",Price-Based Promotions,"SMS, Ads","Coupons, Seasonal Discounts",Increase purchase frequency
52413.0,67,4891,450,17,2.0,At Risk Customers,"{'Strategy': 'Re-engagement Campaign', 'Channels': ['Email', 'Push Notifications'], 'Offers': ['Win-back Discounts'], 'Goal': 'Prevent churn'}",Re-engagement Campaign,"Email, Push Notifications",Win-back Discounts,Prevent churn
44155.0,24,4449,46,5,0.0,High Value Customers,"{'Strategy': 'Loyalty Rewards & Premium Offers', 'Channels': ['Email', 'Personal Calls'], 'Offers': ['Exclusive Discounts', 'Early Access'], 'Goal': 'Increase retention and lifetime value'}",Loyalty Rewards & Premium Offers,"Email, Personal Calls","Exclusive Discounts, Early Access",Increase retention and lifetime value
86979.0,67,4522,1702,16,3.0,Budget Buyers,"{'Strategy': 'Price-Based Promotions', 'Channels': ['SMS', 'Ads'], 'Offers': ['Coupons', 'Seasonal Discounts'], 'Goal': 'Increase purchase frequency'}",Price-Based Promotions,"SMS, Ads","Coupons, Seasonal Discounts",Increase purchase frequency
76532.0,38,4581,820,25,3.0,Budget Buyers,"{'Strategy': 'Price-Based Promotions', 'Channels': ['SMS', 'Ads'], 'Offers': ['Coupons', 'Seasonal Discounts'], 'Goal': 'Increase purchase frequency'}",Price-Based Promotions,"SMS, Ads","Coupons, Seasonal Discounts",Increase purchase frequency
42081.0,86,4776,382,15,0.0,High Value Customers,"{'Strategy': 'Loyalty Rewards & Premium Offers', 'Channels': ['Email', 'Personal Calls'], 'Offers': ['Exclusive Discounts', 'Early Access'], 'Goal': 'Increase retention and lifetime value'}",Loyalty Rewards & Premium Offers,"Email, Personal Calls","Exclusive Discounts, Early Access",Increase retention and lifetime value
67546.0,90,4955,2126,20,2.0,At Risk Customers,"{'Strategy': 'Re-engagement Campaign', 'Channels': ['Email', 'Push Notifications'], 'Offers': ['Win-back Discounts'], 'Goal': 'Prevent churn'}",Re-engagement Campaign,"Email, Push Notifications",Win-back Discounts,Prevent churn
88420.0,87,4346,2069,20,3.0,Budget Buyers,"{'Strategy': 'Price-Based Promotions', 'Channels': ['SMS', 'Ads'], 'Offers': ['Coupons', 'Seasonal Discounts'], 'Goal': 'Increase purchase frequency'}",Price-Based Promotions,"SMS, Ads","Coupons, Seasonal Discounts",Increase purchase frequency
31158.0,62,4806,72,7,1.0,New Customers,"{'Strategy': 'Welcome Campaign', 'Channels': ['Email', 'SMS'], 'Offers': ['First Purchase Discount'], 'Goal': 'Convert into repeat customers'}",Welcome Campaign,"Email, SMS",First Purchase Discount,Convert into repeat customers
61671.0,23,4314,732,28,0.0,High Value Customers,"{'Strategy': 'Loyalty Rewards & Premium Offers', 'Channels': ['Email', 'Personal Calls'], 'Offers': ['Exclusive Discounts', 'Early Access'], 'Goal': 'Increase retention and lifetime value'}",Loyalty Rewards & Premium Offers,"Email, Personal Calls","Exclusive Discounts, Early Access",Increase retention and lifetime value
69719.0,99,4322,801,11,3.0,Budget Buyers,"{'Strategy': 'Price-Based Promotions', 'Channels': ['SMS', 'Ads'], 'Offers': ['Coupons', 'Seasonal Discounts'], 'Goal': 'Increase purchase frequency'}",Price-Based Promotions,"SMS, Ads","Coupons, Seasonal Discounts",Increase purchase frequency
49160.0,29,4540,236,12,2.0,At Risk Customers,"{'Strategy': 'Re-engagement Campaign', 'Channels': ['Email', 'Push Notifications'], 'Offers': ['Win-back Discounts'], 'Goal': 'Prevent churn'}",Re-engagement Campaign,"Email, Push Notifications",Win-back Discounts,Prevent churn
24882.0,52,4946,80,5,3.0,Budget Buyers,"{'Strategy': 'Price-Based Promotions', 'Channels': ['SMS', 'Ads'], 'Offers': ['Coupons', 'Seasonal Discounts'], 'Goal': 'Increase purchase frequency'}",Price-Based Promotions,"SMS, Ads","Coupons, Seasonal Discounts",Increase purchase frequency
90933.0,90,4378,1685,15,0.0,High Value Customers,"{'Strategy': 'Loyalty Rewards & Premium Offers', 'Channels': ['Email', 'Personal Calls'], 'Offers': ['Exclusive Discounts', 'Early Access'], 'Goal': 'Increase retention and lifetime value'}",Loyalty Rewards & Premium Offers,"Email, Personal Calls","Exclusive Discounts, Early Access",Increase retention and lifetime value
113734.0,9,4320,277,27,1.0,New Customers,"{'Strategy': 'Welcome Campaign', 'Channels': ['Email', 'SMS'], 'Offers': ['First Purchase Discount'], 'Goal': 'Convert into repeat customers'}",Welcome Campaign,"Email, SMS",First Purchase Discount,Convert into repeat customers
59292.0,71,4669,507,18,3.0,Budget Buyers,"{'Strategy': 'Price-Based Promotions', 'Channels': ['SMS', 'Ads'], 'Offers': ['Coupons', 'Seasonal Discounts'], 'Goal': 'Increase purchase frequency'}",Price-Based Promotions,"SMS, Ads","Coupons, Seasonal Discounts",Increase purchase frequency
45759.0,13,4779,68,7,1.0,New Customers,"{'Strategy': 'Welcome Campaign', 'Channels': ['Email', 'SMS'], 'Offers': ['First Purchase Discount'], 'Goal': 'Convert into repeat customers'}",Welcome Campaign,"Email, SMS",First Purchase Discount,Convert into repeat customers
22148.0,16,4365,49,5,1.0,New Customers,"{'Strategy': 'Welcome Campaign', 'Channels': ['Email', 'SMS'], 'Offers': ['First Purchase Discount'], 'Goal': 'Convert into repeat customers'}",Welcome Campaign,"Email, SMS",First Purchase Discount,Convert into repeat customers
73395.0,94,4391,397,15,3.0,Budget Buyers,"{'Strategy': 'Price-Based Promotions', 'Channels': ['SMS', 'Ads'], 'Offers': ['Coupons', 'Seasonal Discounts'], 'Goal': 'Increase purchase frequency'}",Price-Based Promotions,"SMS, Ads","Coupons, Seasonal Discounts",Increase purchase frequency
29819.0,77,4536,39,9,3.0,Budget Buyers,"{'Strategy': 'Price-Based Promotions', 'Channels': ['SMS', 'Ads'], 'Offers': ['Coupons', 'Seasonal Discounts'], 'Goal': 'Increase purchase frequency'}",Price-Based Promotions,"SMS, Ads","Coupons, Seasonal Discounts",Increase purchase frequency
45688.0,20,4443,306,14,1.0,New Customers,"{'Strategy': 'Welcome Campaign', 'Channels': ['Email', 'SMS'], 'Offers': ['First Purchase Discount'], 'Goal': 'Convert into repeat customers'}",Welcome Campaign,"Email, SMS",First Purchase Discount,Convert into repeat customers
62820.0,51,4702,976,14,0.0,High Value Customers,"{'Strategy': 'Loyalty Rewards & Premium Offers', 'Channels': ['Email', 'Personal Calls'], 'Offers': ['Exclusive Discounts', 'Early Access'], 'Goal': 'Increase retention and lifetime value'}",Loyalty Rewards & Premium Offers,"Email, Personal Calls","Exclusive Discounts, Early Access",Increase retention and lifetime value
60491.0,81,4584,1028,28,1.0,New Customers,"{'Strategy': 'Welcome Campaign', 'Channels': ['Email', 'SMS'], 'Offers': ['First Purchase Discount'], 'Goal': 'Convert into repeat customers'}",Welcome Campaign,"Email, SMS",First Purchase Discount,Convert into repeat customers
33235.0,71,4432,70,7,2.0,At Risk Customers,"{'Strategy': 'Re-engagement Campaign', 'Channels': ['Email', 'Push Notifications'], 'Offers': ['Win-back Discounts'], 'Goal': 'Prevent churn'}",Re-engagement Campaign,"Email, Push Notifications",Win-back Discounts,Prevent churn
35701.0,36,4755,46,5,2.0,At Risk Customers,"{'Strategy': 'Re-engagement Campaign', 'Channels': ['Email', 'Push Notifications'], 'Offers': ['Win-back Discounts'], 'Goal': 'Prevent churn'}",Re-engagement Campaign,"Email, Push Notifications",Win-back Discounts,Prevent churn
31535.0,95,4564,51,5,3.0,Budget Buyers,"{'Strategy': 'Price-Based Promotions', 'Channels': ['SMS', 'Ads'], 'Offers': ['Coupons', 'Seasonal Discounts'], 'Goal': 'Increase purchase frequency'}",Price-Based Promotions,"SMS, Ads","Coupons, Seasonal Discounts",Increase purchase frequency
92556.0,32,4358,1263,21,3.0,Budget Buyers,"{'Strategy': 'Price-Based Promotions', 'Channels': ['SMS', 'Ads'], 'Offers': ['Coupons', 'Seasonal Discounts'], 'Goal': 'Increase purchase frequency'}",Price-Based Promotions,"SMS, Ads","Coupons, Seasonal Discounts",Increase purchase frequency
67384.0,32,4884,1490,22,2.0,At Risk Customers,"{'Strategy': 'Re-engagement Campaign', 'Channels': ['Email', 'Push Notifications'], 'Offers': ['Win-back Discounts'], 'Goal': 'Prevent churn'}",Re-engagement Campaign,"Email, Push Notifications",Win-back Discounts,Prevent churn
80573.0,85,4911,1564,24,3.0,Budget Buyers,"{'Strategy': 'Price-Based Promotions', 'Channels': ['SMS', 'Ads'], 'Offers': ['Coupons', 'Seasonal Discounts'], 'Goal': 'Increase purchase frequency'}",Price-Based Promotions,"SMS, Ads","Coupons, Seasonal Discounts",Increase purchase frequency
77870.0,93,4964,1815,18,0.0,High Value Customers,"{'Strategy': 'Loyalty Rewards & Premium Offers', 'Channels': ['Email', 'Personal Calls'], 'Offers': ['Exclusive Discounts', 'Early Access'], 'Goal': 'Increase retention and lifetime value'}",Loyalty Rewards & Premium Offers,"Email, Personal Calls","Exclusive Discounts, Early Access",Increase retention and lifetime value
52278.0,24,4808,1198,31,0.0,High Value Customers,"{'Strategy': 'Loyalty Rewards & Premium Offers', 'Channels': ['Email', 'Personal Calls'], 'Offers': ['Exclusive Discounts', 'Early Access'], 'Goal': 'Increase retention and lifetime value'}",Loyalty Rewards & Premium Offers,"Email, Personal Calls","Exclusive Discounts, Early Access",Increase retention and lifetime value
57107.0,44,4962,416,23,0.0,High Value Customers,"{'Strategy': 'Loyalty Rewards & Premium Offers', 'Channels': ['Email', 'Personal Calls'], 'Offers': ['Exclusive Discounts', 'Early Access'], 'Goal': 'Increase retention and lifetime value'}",Loyalty Rewards & Premium Offers,"Email, Personal Calls","Exclusive Discounts, Early Access",Increase retention and lifetime value
18929.0,15,4786,85,6,0.0,High Value Customers,"{'Strategy': 'Loyalty Rewards & Premium Offers', 'Channels': ['Email', 'Personal Calls'], 'Offers': ['Exclusive Discounts', 'Early Access'], 'Goal': 'Increase retention and lifetime value'}",Loyalty Rewards & Premium Offers,"Email, Personal Calls","Exclusive Discounts, Early Access",Increase retention and lifetime value
36038.0,82,4682,47,8,1.0,New Customers,"{'Strategy': 'Welcome Campaign', 'Channels': ['Email', 'SMS'], 'Offers': ['First Purchase Discount'], 'Goal': 'Convert into repeat customers'}",Welcome Campaign,"Email, SMS",First Purchase Discount,Convert into repeat customers
20180.0,27,4782,137,8,3.0,Budget Buyers,"{'Strategy': 'Price-Based Promotions', 'Channels': ['SMS', 'Ads'], 'Offers': ['Coupons', 'Seasonal Discounts'], 'Goal': 'Increase purchase frequency'}",Price-Based Promotions,"SMS, Ads","Coupons, Seasonal Discounts",Increase purchase frequency
34230.0,72,4838,21,4,3.0,Budget Buyers,"{'Strategy': 'Price-Based Promotions', 'Channels': ['SMS', 'Ads'], 'Offers': ['Coupons', 'Seasonal Discounts'], 'Goal': 'Increase purchase frequency'}",Price-Based Promotions,"SMS, Ads","Coupons, Seasonal Discounts",Increase purchase frequency
31878.0,7,4295,70,6,3.0,Budget Buyers,"{'Strategy': 'Price-Based Promotions', 'Channels': ['SMS', 'Ads'], 'Offers': ['Coupons', 'Seasonal Discounts'], 'Goal': 'Increase purchase frequency'}",Price-Based Promotions,"SMS, Ads","Coupons, Seasonal Discounts",Increase purchase frequency
70932.0,57,4449,909,22,3.0,Budget Buyers,"{'Strategy': 'Price-Based Promotions', 'Channels': ['SMS', 'Ads'], 'Offers': ['Coupons', 'Seasonal Discounts'], 'Goal': 'Increase purchase frequency'}",Price-Based Promotions,"SMS, Ads","Coupons, Seasonal Discounts",Increase purchase frequency
91249.0,84,4905,1676,22,1.0,New Customers,"{'Strategy': 'Welcome Campaign', 'Channels': ['Email', 'SMS'], 'Offers': ['First Purchase Discount'], 'Goal': 'Convert into repeat customers'}",Welcome Campaign,"Email, SMS",First Purchase Discount,Convert into repeat customers
77598.0,53,4559,1735,26,3.0,Budget Buyers,"{'Strategy': 'Price-Based Promotions', 'Channels': ['SMS', 'Ads'], 'Offers': ['Coupons', 'Seasonal Discounts'], 'Goal': 'Increase purchase frequency'}",Price-Based Promotions,"SMS, Ads","Coupons, Seasonal Discounts",Increase purchase frequency
80982.0,48,4825,1191,30,2.0,At Risk Customers,"{'Strategy': 'Re-engagement Campaign', 'Channels': ['Email', 'Push Notifications'], 'Offers': ['Win-back Discounts'], 'Goal': 'Prevent churn'}",Re-engagement Campaign,"Email, Push Notifications",Win-back Discounts,Prevent churn
22701.0,2,4585,24,5,3.0,Budget Buyers,"{'Strategy': 'Price-Based Promotions', 'Channels': ['SMS', 'Ads'], 'Offers': ['Coupons', 'Seasonal Discounts'], 'Goal': 'Increase purchase frequency'}",Price-Based Promotions,"SMS, Ads","Coupons, Seasonal Discounts",Increase purchase frequency
55212.0,65,4871,1182,20,2.0,At Risk Customers,"{'Strategy': 'Re-engagement Campaign', 'Channels': ['Email', 'Push Notifications'], 'Offers': ['Win-back Discounts'], 'Goal': 'Prevent churn'}",Re-engagement Campaign,"Email, Push Notifications",Win-back Discounts,Prevent churn
70617.0,45,4659,1280,14,1.0,New Customers,"{'Strategy': 'Welcome Campaign', 'Channels': ['Email', 'SMS'], 'Offers': ['First Purchase Discount'], 'Goal': 'Convert into repeat customers'}",Welcome Campaign,"Email, SMS",First Purchase Discount,Convert into repeat customers
64849.0,42,4881,1336,19,3.0,Budget Buyers,"{'Strategy': 'Price-Based Promotions', 'Channels': ['SMS', 'Ads'], 'Offers': ['Coupons', 'Seasonal Discounts'], 'Goal': 'Increase purchase frequency'}",Price-Based Promotions,"SMS, Ads","Coupons, Seasonal Discounts",Increase purchase frequency
62694.0,29,4665,749,24,1.0,New Customers,"{'Strategy': 'Welcome Campaign', 'Channels': ['Email', 'SMS'], 'Offers': ['First Purchase Discount'], 'Goal': 'Convert into repeat customers'}",Welcome Campaign,"Email, SMS",First Purchase Discount,Convert into repeat customers
61917.0,83,4509,91,7,1.0,New Customers,"{'Strategy': 'Welcome Campaign', 'Channels': ['Email', 'SMS'], 'Offers': ['First Purchase Discount'], 'Goal': 'Convert into repeat customers'}",Welcome Campaign,"Email, SMS",First Purchase Discount,Convert into repeat customers
67472.0,93,4562,414,15,3.0,Budget Buyers,"{'Strategy': 'Price-Based Promotions', 'Channels': ['SMS', 'Ads'], 'Offers': ['Coupons', 'Seasonal Discounts'], 'Goal': 'Increase purchase frequency'}",Price-Based Promotions,"SMS, Ads","Coupons, Seasonal Discounts",Increase purchase frequency
21059.0,40,4461,44,9,0.0,High Value Customers,"{'Strategy': 'Loyalty Rewards & Premium Offers', 'Channels': ['Email', 'Personal Calls'], 'Offers': ['Exclusive Discounts', 'Early Access'], 'Goal': 'Increase retention and lifetime value'}",Loyalty Rewards & Premium Offers,"Email, Personal Calls","Exclusive Discounts, Early Access",Increase retention and lifetime value
29543.0,47,4377,63,8,2.0,At Risk Customers,"{'Strategy': 'Re-engagement Campaign', 'Channels': ['Email', 'Push Notifications'], 'Offers': ['Win-back Discounts'], 'Goal': 'Prevent churn'}",Re-engagement Campaign,"Email, Push Notifications",Win-back Discounts,Prevent churn
75903.0,50,4735,901,23,3.0,Budget Buyers,"{'Strategy': 'Price-Based Promotions', 'Channels': ['SMS', 'Ads'], 'Offers': ['Coupons', 'Seasonal Discounts'], 'Goal': 'Increase purchase frequency'}",Price-Based Promotions,"SMS, Ads","Coupons, Seasonal Discounts",Increase purchase frequency
34984.0,40,4949,38,6,1.0,New Customers,"{'Strategy': 'Welcome Campaign', 'Channels': ['Email', 'SMS'], 'Offers': ['First Purchase Discount'], 'Goal': 'Convert into repeat customers'}",Welcome Campaign,"Email, SMS",First Purchase Discount,Convert into repeat customers
54998.0,3,4764,455,20,1.0,New Customers,"{'Strategy': 'Welcome Campaign', 'Channels': ['Email', 'SMS'], 'Offers': ['First Purchase Discount'], 'Goal': 'Convert into repeat customers'}",Welcome Campaign,"Email, SMS",First Purchase Discount,Convert into repeat customers
54356.0,62,4875,775,24,3.0,Budget Buyers,"{'Strategy': 'Price-Based Promotions', 'Channels': ['SMS', 'Ads'], 'Offers': ['Coupons', 'Seasonal Discounts'], 'Goal': 'Increase purchase frequency'}",Price-Based Promotions,"SMS, Ads","Coupons, Seasonal Discounts",Increase purchase frequency
34242.0,25,4386,15,4,0.0,High Value Customers,"{'Strategy': 'Loyalty Rewards & Premium Offers', 'Channels': ['Email', 'Personal Calls'], 'Offers': ['Exclusive Discounts', 'Early Access'], 'Goal': 'Increase retention and lifetime value'}",Loyalty Rewards & Premium Offers,"Email, Personal Calls","Exclusive Discounts, Early Access",Increase retention and lifetime value
25410.0,48,4590,38,6,0.0,High Value Customers,"{'Strategy': 'Loyalty Rewards & Premium Offers', 'Channels': ['Email', 'Personal Calls'], 'Offers': ['Exclusive Discounts', 'Early Access'], 'Goal': 'Increase retention and lifetime value'}",Loyalty Rewards & Premium Offers,"Email, Personal Calls","Exclusive Discounts, Early Access",Increase retention and lifetime value
73356.0,56,4431,1512,22,3.0,Budget Buyers,"{'Strategy': 'Price-Based Promotions', 'Channels': ['SMS', 'Ads'], 'Offers': ['Coupons', 'Seasonal Discounts'], 'Goal': 'Increase purchase frequency'}",Price-Based Promotions,"SMS, Ads","Coupons, Seasonal Discounts",Increase purchase frequency
28320.0,68,4819,43,5,0.0,High Value Customers,"{'Strategy': 'Loyalty Rewards & Premium Offers', 'Channels': ['Email', 'Personal Calls'], 'Offers': ['Exclusive Discounts', 'Early Access'], 'Goal': 'Increase retention and lifetime value'}",Loyalty Rewards & Premium Offers,"Email, Personal Calls","Exclusive Discounts, Early Access",Increase retention and lifetime value
23763.0,64,4979,42,5,3.0,Budget Buyers,"{'Strategy': 'Price-Based Promotions', 'Channels': ['SMS', 'Ads'], 'Offers': ['Coupons', 'Seasonal Discounts'], 'Goal': 'Increase purchase frequency'}",Price-Based Promotions,"SMS, Ads","Coupons, Seasonal Discounts",Increase purchase frequency
72570.0,67,4353,1089,23,2.0,At Risk Customers,"{'Strategy': 'Re-engagement Campaign', 'Channels': ['Email', 'Push Notifications'], 'Offers': ['Win-back Discounts'], 'Goal': 'Prevent churn'}",Re-engagement Campaign,"Email, Push Notifications",Win-back Discounts,Prevent churn
34529.0,94,4941,162,9,2.0,At Risk Customers,"{'Strategy': 'Re-engagement Campaign', 'Channels': ['Email', 'Push Notifications'], 'Offers': ['Win-back Discounts'], 'Goal': 'Prevent churn'}",Re-engagement Campaign,"Email, Push Notifications",Win-back Discounts,Prevent churn
70792.0,82,4796,1272,19,0.0,High Value Customers,"{'Strategy': 'Loyalty Rewards & Premium Offers', 'Channels': ['Email', 'Personal Calls'], 'Offers': ['Exclusive Discounts', 'Early Access'], 'Goal': 'Increase retention and lifetime value'}",Loyalty Rewards & Premium Offers,"Email, Personal Calls","Exclusive Discounts, Early Access",Increase retention and lifetime value
63211.0,3,4892,1173,20,0.0,High Value Customers,"{'Strategy': 'Loyalty Rewards & Premium Offers', 'Channels': ['Email', 'Personal Calls'], 'Offers': ['Exclusive Discounts', 'Early Access'], 'Goal': 'Increase retention and lifetime value'}",Loyalty Rewards & Premium Offers,"Email, Personal Calls","Exclusive Discounts, Early Access",Increase retention and lifetime value
83891.0,24,4297,816,22,1.0,New Customers,"{'Strategy': 'Welcome Campaign', 'Channels': ['Email', 'SMS'], 'Offers': ['First Purchase Discount'], 'Goal': 'Convert into repeat customers'}",Welcome Campaign,"Email, SMS",First Purchase Discount,Convert into repeat customers
36065.0,54,4743,74,9,2.0,At Risk Customers,"{'Strategy': 'Re-engagement Campaign', 'Channels': ['Email', 'Push Notifications'], 'Offers': ['Win-back Discounts'], 'Goal': 'Prevent churn'}",Re-engagement Campaign,"Email, Push Notifications",Win-back Discounts,Prevent churn
39898.0,20,4790,134,9,3.0,Budget Buyers,"{'Strategy': 'Price-Based Promotions', 'Channels': ['SMS', 'Ads'], 'Offers': ['Coupons', 'Seasonal Discounts'], 'Goal': 'Increase purchase frequency'}",Price-Based Promotions,"SMS, Ads","Coupons, Seasonal Discounts",Increase purchase frequency
51141.0,96,4644,157,9,2.0,At Risk Customers,"{'Strategy': 'Re-engagement Campaign', 'Channels': ['Email', 'Push Notifications'], 'Offers': ['Win-back Discounts'], 'Goal': 'Prevent churn'}",Re-engagement Campaign,"Email, Push Notifications",Win-back Discounts,Prevent churn
56939.0,19,4572,561,18,2.0,At Risk Customers,"{'Strategy': 'Re-engagement Campaign', 'Channels': ['Email', 'Push Notifications'], 'Offers': ['Win-back Discounts'], 'Goal': 'Prevent churn'}",Re-engagement Campaign,"Email, Push Notifications",Win-back Discounts,Prevent churn
80872.0,60,4336,1336,19,2.0,At Risk Customers,"{'Strategy': 'Re-engagement Campaign', 'Channels': ['Email', 'Push Notifications'], 'Offers': ['Win-back Discounts'], 'Goal': 'Prevent churn'}",Re-engagement Campaign,"Email, Push Notifications",Win-back Discounts,Prevent churn
72335.0,2,4973,2092,23,1.0,New Customers,"{'Strategy': 'Welcome Campaign', 'Channels': ['Email', 'SMS'], 'Offers': ['First Purchase Discount'], 'Goal': 'Convert into repeat customers'}",Welcome Campaign,"Email, SMS",First Purchase Discount,Convert into repeat customers
61798.0,13,4506,463,16,0.0,High Value Customers,"{'Strategy': 'Loyalty Rewards & Premium Offers', 'Channels': ['Email', 'Personal Calls'], 'Offers': ['Exclusive Discounts', 'Early Access'], 'Goal': 'Increase retention and lifetime value'}",Loyalty Rewards & Premium Offers,"Email, Personal Calls","Exclusive Discounts, Early Access",Increase retention and lifetime value
76842.0,37,4345,1130,17,3.0,Budget Buyers,"{'Strategy': 'Price-Based Promotions', 'Channels': ['SMS', 'Ads'], 'Offers': ['Coupons', 'Seasonal Discounts'], 'Goal': 'Increase purchase frequency'}",Price-Based Promotions,"SMS, Ads","Coupons, Seasonal Discounts",Increase purchase frequency
29478.0,59,4451,20,5,1.0,New Customers,"{'Strategy': 'Welcome Campaign', 'Channels': ['Email', 'SMS'], 'Offers': ['First Purchase Discount'], 'Goal': 'Convert into repeat customers'}",Welcome Campaign,"Email, SMS",First Purchase Discount,Convert into repeat customers
46998.0,55,4903,377,18,2.0,At Risk Customers,"{'Strategy': 'Re-engagement Campaign', 'Channels': ['Email', 'Push Notifications'], 'Offers': ['Win-back Discounts'], 'Goal': 'Prevent churn'}",Re-engagement Campaign,"Email, Push Notifications",Win-back Discounts,Prevent churn
96843.0,60,4720,1544,28,2.0,At Risk Customers,"{'Strategy': 'Re-engagement Campaign', 'Channels': ['Email', 'Push Notifications'], 'Offers': ['Win-back Discounts'], 'Goal': 'Prevent churn'}",Re-engagement Campaign,"Email, Push Notifications",Win-back Discounts,Prevent churn
56551.0,48,4341,138,10,1.0,New Customers,"{'Strategy': 'Welcome Campaign', 'Channels': ['Email', 'SMS'], 'Offers': ['First Purchase Discount'], 'Goal': 'Convert into repeat customers'}",Welcome Campaign,"Email, SMS",First Purchase Discount,Convert into repeat customers
70053.0,38,4649,1012,26,0.0,High Value Customers,"{'Strategy': 'Loyalty Rewards & Premium Offers', 'Channels': ['Email', 'Personal Calls'], 'Offers': ['Exclusive Discounts', 'Early Access'], 'Goal': 'Increase retention and lifetime value'}",Loyalty Rewards & Premium Offers,"Email, Personal Calls","Exclusive Discounts, Early Access",Increase retention and lifetime value
71670.0,8,4643,1766,15,1.0,New Customers,"{'Strategy': 'Welcome Campaign', 'Channels': ['Email', 'SMS'], 'Offers': ['First Purchase Discount'], 'Goal': 'Convert into repeat customers'}",Welcome Campaign,"Email, SMS",First Purchase Discount,Convert into repeat customers
44359.0,19,4300,45,9,3.0,Budget Buyers,"{'Strategy': 'Price-Based Promotions', 'Channels': ['SMS', 'Ads'], 'Offers': ['Coupons', 'Seasonal Discounts'], 'Goal': 'Increase purchase frequency'}",Price-Based Promotions,"SMS, Ads","Coupons, Seasonal Discounts",Increase purchase frequency
40887.0,32,4707,161,10,3.0,Budget Buyers,"{'Strategy': 'Price-Based Promotions', 'Channels': ['SMS', 'Ads'], 'Offers': ['Coupons', 'Seasonal Discounts'], 'Goal': 'Increase purchase frequency'}",Price-Based Promotions,"SMS, Ads","Coupons, Seasonal Discounts",Increase purchase frequency
48877.0,27,4463,144,8,2.0,At Risk Customers,"{'Strategy': 'Re-engagement Campaign', 'Channels': ['Email', 'Push Notifications'], 'Offers': ['Win-back Discounts'], 'Goal': 'Prevent churn'}",Re-engagement Campaign,"Email, Push Notifications",Win-back Discounts,Prevent churn
74485.0,58,4597,1734,26,3.0,Budget Buyers,"{'Strategy': 'Price-Based Promotions', 'Channels': ['SMS', 'Ads'], 'Offers': ['Coupons', 'Seasonal Discounts'], 'Goal': 'Increase purchase frequency'}",Price-Based Promotions,"SMS, Ads","Coupons, Seasonal Discounts",Increase purchase frequency
64474.0,59,4538,823,22,2.0,At Risk Customers,"{'Strategy': 'Re-engagement Campaign', 'Channels': ['Email', 'Push Notifications'], 'Offers': ['Win-back Discounts'], 'Goal': 'Prevent churn'}",Re-engagement Campaign,"Email, Push Notifications",Win-back Discounts,Prevent churn
77226.0,29,4409,1138,28,2.0,At Risk Customers,"{'Strategy': 'Re-engagement Campaign', 'Channels': ['Email', 'Push Notifications'], 'Offers': ['Win-back Discounts'], 'Goal': 'Prevent churn'}",Re-engagement Campaign,"Email, Push Notifications",Win-back Discounts,Prevent churn
72643.0,60,4775,1429,21,1.0,New Customers,"{'Strategy': 'Welcome Campaign', 'Channels': ['Email', 'SMS'], 'Offers': ['First Purchase Discount'], 'Goal': 'Convert into repeat customers'}",Welcome Campaign,"Email, SMS",First Purchase Discount,Convert into repeat customers
85738.0,41,4445,1371,21,0.0,High Value Customers,"{'Strategy': 'Loyalty Rewards & Premium Offers', 'Channels': ['Email', 'Personal Calls'], 'Offers': ['Exclusive Discounts', 'Early Access'], 'Goal': 'Increase retention and lifetime value'}",Loyalty Rewards & Premium Offers,"Email, Personal Calls","Exclusive Discounts, Early Access",Increase retention and lifetime value
55686.0,27,4788,982,16,0.0,High Value Customers,"{'Strategy': 'Loyalty Rewards & Premium Offers', 'Channels': ['Email', 'Personal Calls'], 'Offers': ['Exclusive Discounts', 'Early Access'], 'Goal': 'Increase retention and lifetime value'}",Loyalty Rewards & Premium Offers,"Email, Personal Calls","Exclusive Discounts, Early Access",Increase retention and lifetime value
39062.0,28,4384,44,5,1.0,New Customers,"{'Strategy': 'Welcome Campaign', 'Channels': ['Email', 'SMS'], 'Offers': ['First Purchase Discount'], 'Goal': 'Convert into repeat customers'}",Welcome Campaign,"Email, SMS",First Purchase Discount,Convert into repeat customers
34600.0,8,4832,318,17,0.0,High Value Customers,"{'Strategy': 'Loyalty Rewards & Premium Offers', 'Channels': ['Email', 'Personal Calls'], 'Offers': ['Exclusive Discounts', 'Early Access'], 'Goal': 'Increase retention and lifetime value'}",Loyalty Rewards & Premium Offers,"Email, Personal Calls","Exclusive Discounts, Early Access",Increase retention and lifetime value
40794.0,18,4736,434,16,0.0,High Value Customers,"{'Strategy': 'Loyalty Rewards & Premium Offers', 'Channels': ['Email', 'Personal Calls'], 'Offers': ['Exclusive Discounts', 'Early Access'], 'Goal': 'Increase retention and lifetime value'}",Loyalty Rewards & Premium Offers,"Email, Personal Calls","Exclusive Discounts, Early Access",Increase retention and lifetime value
54690.0,76,4522,198,12,1.0,New Customers,"{'Strategy': 'Welcome Campaign', 'Channels': ['Email', 'SMS'], 'Offers': ['First Purchase Discount'], 'Goal': 'Convert into repeat customers'}",Welcome Campaign,"Email, SMS",First Purchase Discount,Convert into repeat customers
4428.0,0,4555,359,25,1.0,New Customers,"{'Strategy': 'Welcome Campaign', 'Channels': ['Email', 'SMS'], 'Offers': ['First Purchase Discount'], 'Goal': 'Convert into repeat customers'}",Welcome Campaign,"Email, SMS",First Purchase Discount,Convert into repeat customers
32632.0,32,4984,576,18,0.0,High Value Customers,"{'Strategy': 'Loyalty Rewards & Premium Offers', 'Channels': ['Email', 'Personal Calls'], 'Offers': ['Exclusive Discounts', 'Early Access'], 'Goal': 'Increase retention and lifetime value'}",Loyalty Rewards & Premium Offers,"Email, Personal Calls","Exclusive Discounts, Early Access",Increase retention and lifetime value
38236.0,2,4570,88,11,0.0,High Value Customers,"{'Strategy': 'Loyalty Rewards & Premium Offers', 'Channels': ['Email', 'Personal Calls'], 'Offers': ['Exclusive Discounts', 'Early Access'], 'Goal': 'Increase retention and lifetime value'}",Loyalty Rewards & Premium Offers,"Email, Personal Calls","Exclusive Discounts, Early Access",Increase retention and lifetime value
36781.0,16,4368,63,6,0.0,High Value Customers,"{'Strategy': 'Loyalty Rewards & Premium Offers', 'Channels': ['Email', 'Personal Calls'], 'Offers': ['Exclusive Discounts', 'Early Access'], 'Goal': 'Increase retention and lifetime value'}",Loyalty Rewards & Premium Offers,"Email, Personal Calls","Exclusive Discounts, Early Access",Increase retention and lifetime value
31385.0,56,4859,27,4,2.0,At Risk Customers,"{'Strategy': 'Re-engagement Campaign', 'Channels': ['Email', 'Push Notifications'], 'Offers': ['Win-back Discounts'], 'Goal': 'Prevent churn'}",Re-engagement Campaign,"Email, Push Notifications",Win-back Discounts,Prevent churn
24570.0,97,4775,193,11,0.0,High Value Customers,"{'Strategy': 'Loyalty Rewards & Premium Offers', 'Channels': ['Email', 'Personal Calls'], 'Offers': ['Exclusive Discounts', 'Early Access'], 'Goal': 'Increase retention and lifetime value'}",Loyalty Rewards & Premium Offers,"Email, Personal Calls","Exclusive Discounts, Early Access",Increase retention and lifetime value
25509.0,15,4937,101,9,3.0,Budget Buyers,"{'Strategy': 'Price-Based Promotions', 'Channels': ['SMS', 'Ads'], 'Offers': ['Coupons', 'Seasonal Discounts'], 'Goal': 'Increase purchase frequency'}",Price-Based Promotions,"SMS, Ads","Coupons, Seasonal Discounts",Increase purchase frequency
94642.0,35,4425,2211,21,0.0,High Value Customers,"{'Strategy': 'Loyalty Rewards & Premium Offers', 'Channels': ['Email', 'Personal Calls'], 'Offers': ['Exclusive Discounts', 'Early Access'], 'Goal': 'Increase retention and lifetime value'}",Loyalty Rewards & Premium Offers,"Email, Personal Calls","Exclusive Discounts, Early Access",Increase retention and lifetime value
58646.0,3,4672,140,8,0.0,High Value Customers,"{'Strategy': 'Loyalty Rewards & Premium Offers', 'Channels': ['Email', 'Personal Calls'], 'Offers': ['Exclusive Discounts', 'Early Access'], 'Goal': 'Increase retention and lifetime value'}",Loyalty Rewards & Premium Offers,"Email, Personal Calls","Exclusive Discounts, Early Access",Increase retention and lifetime value
53201.0,49,4790,415,22,0.0,High Value Customers,"{'Strategy': 'Loyalty Rewards & Premium Offers', 'Channels': ['Email', 'Personal Calls'], 'Offers': ['Exclusive Discounts', 'Early Access'], 'Goal': 'Increase retention and lifetime value'}",Loyalty Rewards & Premium Offers,"Email, Personal Calls","Exclusive Discounts, Early Access",Increase retention and lifetime value
21994.0,4,4840,22,4,1.0,New Customers,"{'Strategy': 'Welcome Campaign', 'Channels': ['Email', 'SMS'], 'Offers': ['First Purchase Discount'], 'Goal': 'Convert into repeat customers'}",Welcome Campaign,"Email, SMS",First Purchase Discount,Convert into repeat customers
57113.0,45,4796,263,16,1.0,New Customers,"{'Strategy': 'Welcome Campaign', 'Channels': ['Email', 'SMS'], 'Offers': ['First Purchase Discount'], 'Goal': 'Convert into repeat customers'}",Welcome Campaign,"Email, SMS",First Purchase Discount,Convert into repeat customers
51373.0,37,4660,393,12,2.0,At Risk Customers,"{'Strategy': 'Re-engagement Campaign', 'Channels': ['Email', 'Push Notifications'], 'Offers': ['Win-back Discounts'], 'Goal': 'Prevent churn'}",Re-engagement Campaign,"Email, Push Notifications",Win-back Discounts,Prevent churn
23477.0,39,4539,147,10,0.0,High Value Customers,"{'Strategy': 'Loyalty Rewards & Premium Offers', 'Channels': ['Email', 'Personal Calls'], 'Offers': ['Exclusive Discounts', 'Early Access'], 'Goal': 'Increase retention and lifetime value'}",Loyalty Rewards & Premium Offers,"Email, Personal Calls","Exclusive Discounts, Early Access",Increase retention and lifetime value
58116.0,38,4365,443,16,2.0,At Risk Customers,"{'Strategy': 'Re-engagement Campaign', 'Channels': ['Email', 'Push Notifications'], 'Offers': ['Win-back Discounts'], 'Goal': 'Prevent churn'}",Re-engagement Campaign,"Email, Push Notifications",Win-back Discounts,Prevent churn
72968.0,8,4483,1958,19,3.0,Budget Buyers,"{'Strategy': 'Price-Based Promotions', 'Channels': ['SMS', 'Ads'], 'Offers': ['Coupons', 'Seasonal Discounts'], 'Goal': 'Increase purchase frequency'}",Price-Based Promotions,"SMS, Ads","Coupons, Seasonal Discounts",Increase purchase frequency
39791.0,89,4746,174,10,0.0,High Value Customers,"{'Strategy': 'Loyalty Rewards & Premium Offers', 'Channels': ['Email', 'Personal Calls'], 'Offers': ['Exclusive Discounts', 'Early Access'], 'Goal': 'Increase retention and lifetime value'}",Loyalty Rewards & Premium Offers,"Email, Personal Calls","Exclusive Discounts, Early Access",Increase retention and lifetime value
91712.0,47,4543,2217,27,2.0,At Risk Customers,"{'Strategy': 'Re-engagement Campaign', 'Channels': ['Email', 'Push Notifications'], 'Offers': ['Win-back Discounts'], 'Goal': 'Prevent churn'}",Re-engagement Campaign,"Email, Push Notifications",Win-back Discounts,Prevent churn
94472.0,75,4375,1691,16,3.0,Budget Buyers,"{'Strategy': 'Price-Based Promotions', 'Channels': ['SMS', 'Ads'], 'Offers': ['Coupons', 'Seasonal Discounts'], 'Goal': 'Increase purchase frequency'}",Price-Based Promotions,"SMS, Ads","Coupons, Seasonal Discounts",Increase purchase frequency
13672.0,86,4726,25,6,0.0,High Value Customers,"{'Strategy': 'Loyalty Rewards & Premium Offers', 'Channels': ['Email', 'Personal Calls'], 'Offers': ['Exclusive Discounts', 'Early Access'], 'Goal': 'Increase retention and lifetime value'}",Loyalty Rewards & Premium Offers,"Email, Personal Calls","Exclusive Discounts, Early Access",Increase retention and lifetime value
96547.0,4,4325,809,21,0.0,High Value Customers,"{'Strategy': 'Loyalty Rewards & Premium Offers', 'Channels': ['Email', 'Personal Calls'], 'Offers': ['Exclusive Discounts', 'Early Access'], 'Goal': 'Increase retention and lifetime value'}",Loyalty Rewards & Premium Offers,"Email, Personal Calls","Exclusive Discounts, Early Access",Increase retention and lifetime value
79205.0,73,4957,895,16,1.0,New Customers,"{'Strategy': 'Welcome Campaign', 'Channels': ['Email', 'SMS'], 'Offers': ['First Purchase Discount'], 'Goal': 'Convert into repeat customers'}",Welcome Campaign,"Email, SMS",First Purchase Discount,Convert into repeat customers
56559.0,46,4839,484,18,0.0,High Value Customers,"{'Strategy': 'Loyalty Rewards & Premium Offers', 'Channels': ['Email', 'Personal Calls'], 'Offers': ['Exclusive Discounts', 'Early Access'], 'Goal': 'Increase retention and lifetime value'}",Loyalty Rewards & Premium Offers,"Email, Personal Calls","Exclusive Discounts, Early Access",Increase retention and lifetime value
32644.0,38,4817,413,18,1.0,New Customers,"{'Strategy': 'Welcome Campaign', 'Channels': ['Email', 'SMS'], 'Offers': ['First Purchase Discount'], 'Goal': 'Convert into repeat customers'}",Welcome Campaign,"Email, SMS",First Purchase Discount,Convert into repeat customers
67506.0,73,4466,331,12,0.0,High Value Customers,"{'Strategy': 'Loyalty Rewards & Premium Offers', 'Channels': ['Email', 'Personal Calls'], 'Offers': ['Exclusive Discounts', 'Early Access'], 'Goal': 'Increase retention and lifetime value'}",Loyalty Rewards & Premium Offers,"Email, Personal Calls","Exclusive Discounts, Early Access",Increase retention and lifetime value
24206.0,66,4766,25,5,1.0,New Customers,"{'Strategy': 'Welcome Campaign', 'Channels': ['Email', 'SMS'], 'Offers': ['First Purchase Discount'], 'Goal': 'Convert into repeat customers'}",Welcome Campaign,"Email, SMS",First Purchase Discount,Convert into repeat customers
28420.0,36,4475,13,4,1.0,New Customers,"{'Strategy': 'Welcome Campaign', 'Channels': ['Email', 'SMS'], 'Offers': ['First Purchase Discount'], 'Goal': 'Convert into repeat customers'}",Welcome Campaign,"Email, SMS",First Purchase Discount,Convert into repeat customers
22979.0,29,4949,115,10,1.0,New Customers,"{'Strategy': 'Welcome Campaign', 'Channels': ['Email', 'SMS'], 'Offers': ['First Purchase Discount'], 'Goal': 'Convert into repeat customers'}",Welcome Campaign,"Email, SMS",First Purchase Discount,Convert into repeat customers
33279.0,29,4305,16,4,3.0,Budget Buyers,"{'Strategy': 'Price-Based Promotions', 'Channels': ['SMS', 'Ads'], 'Offers': ['Coupons', 'Seasonal Discounts'], 'Goal': 'Increase purchase frequency'}",Price-Based Promotions,"SMS, Ads","Coupons, Seasonal Discounts",Increase purchase frequency
46423.0,6,4572,92,9,0.0,High Value Customers,"{'Strategy': 'Loyalty Rewards & Premium Offers', 'Channels': ['Email', 'Personal Calls'], 'Offers': ['Exclusive Discounts', 'Early Access'], 'Goal': 'Increase retention and lifetime value'}",Loyalty Rewards & Premium Offers,"Email, Personal Calls","Exclusive Discounts, Early Access",Increase retention and lifetime value
30368.0,97,4522,52,7,1.0,New Customers,"{'Strategy': 'Welcome Campaign', 'Channels': ['Email', 'SMS'], 'Offers': ['First Purchase Discount'], 'Goal': 'Convert into repeat customers'}",Welcome Campaign,"Email, SMS",First Purchase Discount,Convert into repeat customers
63684.0,61,4868,1464,23,3.0,Budget Buyers,"{'Strategy': 'Price-Based Promotions', 'Channels': ['SMS', 'Ads'], 'Offers': ['Coupons', 'Seasonal Discounts'], 'Goal': 'Increase purchase frequency'}",Price-Based Promotions,"SMS, Ads","Coupons, Seasonal Discounts",Increase purchase frequency
41638.0,68,4789,441,17,3.0,Budget Buyers,"{'Strategy': 'Price-Based Promotions', 'Channels': ['SMS', 'Ads'], 'Offers': ['Coupons', 'Seasonal Discounts'], 'Goal': 'Increase purchase frequency'}",Price-Based Promotions,"SMS, Ads","Coupons, Seasonal Discounts",Increase purchase frequency
68805.0,73,4573,283,12,0.0,High Value Customers,"{'Strategy': 'Loyalty Rewards & Premium Offers', 'Channels': ['Email', 'Personal Calls'], 'Offers': ['Exclusive Discounts', 'Early Access'], 'Goal': 'Increase retention and lifetime value'}",Loyalty Rewards & Premium Offers,"Email, Personal Calls","Exclusive Discounts, Early Access",Increase retention and lifetime value
65814.0,90,4407,747,23,3.0,Budget Buyers,"{'Strategy': 'Price-Based Promotions', 'Channels': ['SMS', 'Ads'], 'Offers': ['Coupons', 'Seasonal Discounts'], 'Goal': 'Increase purchase frequency'}",Price-Based Promotions,"SMS, Ads","Coupons, Seasonal Discounts",Increase purchase frequency
71964.0,81,4693,1870,17,3.0,Budget Buyers,"{'Strategy': 'Price-Based Promotions', 'Channels': ['SMS', 'Ads'], 'Offers': ['Coupons', 'Seasonal Discounts'], 'Goal': 'Increase purchase frequency'}",Price-Based Promotions,"SMS, Ads","Coupons, Seasonal Discounts",Increase purchase frequency
39146.0,1,4788,165,11,2.0,At Risk Customers,"{'Strategy': 'Re-engagement Campaign', 'Channels': ['Email', 'Push Notifications'], 'Offers': ['Win-back Discounts'], 'Goal': 'Prevent churn'}",Re-engagement Campaign,"Email, Push Notifications",Win-back Discounts,Prevent churn
96876.0,79,4615,1941,24,0.0,High Value Customers,"{'Strategy': 'Loyalty Rewards & Premium Offers', 'Channels': ['Email', 'Personal Calls'], 'Offers': ['Exclusive Discounts', 'Early Access'], 'Goal': 'Increase retention and lifetime value'}",Loyalty Rewards & Premium Offers,"Email, Personal Calls","Exclusive Discounts, Early Access",Increase retention and lifetime value
34445.0,92,4806,839,27,0.0,High Value Customers,"{'Strategy': 'Loyalty Rewards & Premium Offers', 'Channels': ['Email', 'Personal Calls'], 'Offers': ['Exclusive Discounts', 'Early Access'], 'Goal': 'Increase retention and lifetime value'}",Loyalty Rewards & Premium Offers,"Email, Personal Calls","Exclusive Discounts, Early Access",Increase retention and lifetime value
68281.0,31,4979,1655,25,0.0,High Value Customers,"{'Strategy': 'Loyalty Rewards & Premium Offers', 'Channels': ['Email', 'Personal Calls'], 'Offers': ['Exclusive Discounts', 'Early Access'], 'Goal': 'Increase retention and lifetime value'}",Loyalty Rewards & Premium Offers,"Email, Personal Calls","Exclusive Discounts, Early Access",Increase retention and lifetime value
37284.0,46,4745,23,4,1.0,New Customers,"{'Strategy': 'Welcome Campaign', 'Channels': ['Email', 'SMS'], 'Offers': ['First Purchase Discount'], 'Goal': 'Convert into repeat customers'}",Welcome Campaign,"Email, SMS",First Purchase Discount,Convert into repeat customers
36790.0,14,4773,66,6,0.0,High Value Customers,"{'Strategy': 'Loyalty Rewards & Premium Offers', 'Channels': ['Email', 'Personal Calls'], 'Offers': ['Exclusive Discounts', 'Early Access'], 'Goal': 'Increase retention and lifetime value'}",Loyalty Rewards & Premium Offers,"Email, Personal Calls","Exclusive Discounts, Early Access",Increase retention and lifetime value
27943.0,89,4728,37,8,1.0,New Customers,"{'Strategy': 'Welcome Campaign', 'Channels': ['Email', 'SMS'], 'Offers': ['First Purchase Discount'], 'Goal': 'Convert into repeat customers'}",Welcome Campaign,"Email, SMS",First Purchase Discount,Convert into repeat customers
22263.0,31,4379,21,6,0.0,High Value Customers,"{'Strategy': 'Loyalty Rewards & Premium Offers', 'Channels': ['Email', 'Personal Calls'], 'Offers': ['Exclusive Discounts', 'Early Access'], 'Goal': 'Increase retention and lifetime value'}",Loyalty Rewards & Premium Offers,"Email, Personal Calls","Exclusive Discounts, Early Access",Increase retention and lifetime value
30261.0,75,4930,22,4,1.0,New Customers,"{'Strategy': 'Welcome Campaign', 'Channels': ['Email', 'SMS'], 'Offers': ['First Purchase Discount'], 'Goal': 'Convert into repeat customers'}",Welcome Campaign,"Email, SMS",First Purchase Discount,Convert into repeat customers
28587.0,42,4425,78,9,2.0,At Risk Customers,"{'Strategy': 'Re-engagement Campaign', 'Channels': ['Email', 'Push Notifications'], 'Offers': ['Win-back Discounts'], 'Goal': 'Prevent churn'}",Re-engagement Campaign,"Email, Push Notifications",Win-back Discounts,Prevent churn
43815.0,53,4738,79,6,3.0,Budget Buyers,"{'Strategy': 'Price-Based Promotions', 'Channels': ['SMS', 'Ads'], 'Offers': ['Coupons', 'Seasonal Discounts'], 'Goal': 'Increase purchase frequency'}",Price-Based Promotions,"SMS, Ads","Coupons, Seasonal Discounts",Increase purchase frequency
48195.0,53,4447,265,17,1.0,New Customers,"{'Strategy': 'Welcome Campaign', 'Channels': ['Email', 'SMS'], 'Offers': ['First Purchase Discount'], 'Goal': 'Convert into repeat customers'}",Welcome Campaign,"Email, SMS",First Purchase Discount,Convert into repeat customers
77027.0,23,4432,1175,19,0.0,High Value Customers,"{'Strategy': 'Loyalty Rewards & Premium Offers', 'Channels': ['Email', 'Personal Calls'], 'Offers': ['Exclusive Discounts', 'Early Access'], 'Goal': 'Increase retention and lifetime value'}",Loyalty Rewards & Premium Offers,"Email, Personal Calls","Exclusive Discounts, Early Access",Increase retention and lifetime value
71322.0,57,4786,1305,28,1.0,New Customers,"{'Strategy': 'Welcome Campaign', 'Channels': ['Email', 'SMS'], 'Offers': ['First Purchase Discount'], 'Goal': 'Convert into repeat customers'}",Welcome Campaign,"Email, SMS",First Purchase Discount,Convert into repeat customers
32765.0,49,4414,46,8,2.0,At Risk Customers,"{'Strategy': 'Re-engagement Campaign', 'Channels': ['Email', 'Push Notifications'], 'Offers': ['Win-back Discounts'], 'Goal': 'Prevent churn'}",Re-engagement Campaign,"Email, Push Notifications",Win-back Discounts,Prevent churn
29672.0,6,4762,25,4,0.0,High Value Customers,"{'Strategy': 'Loyalty Rewards & Premium Offers', 'Channels': ['Email', 'Personal Calls'], 'Offers': ['Exclusive Discounts', 'Early Access'], 'Goal': 'Increase retention and lifetime value'}",Loyalty Rewards & Premium Offers,"Email, Personal Calls","Exclusive Discounts, Early Access",Increase retention and lifetime value
23272.0,29,4543,46,5,3.0,Budget Buyers,"{'Strategy': 'Price-Based Promotions', 'Channels': ['SMS', 'Ads'], 'Offers': ['Coupons', 'Seasonal Discounts'], 'Goal': 'Increase purchase frequency'}",Price-Based Promotions,"SMS, Ads","Coupons, Seasonal Discounts",Increase purchase frequency
49912.0,5,4948,874,26,2.0,At Risk Customers,"{'Strategy': 'Re-engagement Campaign', 'Channels': ['Email', 'Push Notifications'], 'Offers': ['Win-back Discounts'], 'Goal': 'Prevent churn'}",Re-engagement Campaign,"Email, Push Notifications",Win-back Discounts,Prevent churn
7500.0,98,4985,100,10,1.0,New Customers,"{'Strategy': 'Welcome Campaign', 'Channels': ['Email', 'SMS'], 'Offers': ['First Purchase Discount'], 'Goal': 'Convert into repeat customers'}",Welcome Campaign,"Email, SMS",First Purchase Discount,Convert into repeat customers
68117.0,80,4764,930,25,2.0,At Risk Customers,"{'Strategy': 'Re-engagement Campaign', 'Channels': ['Email', 'Push Notifications'], 'Offers': ['Win-back Discounts'], 'Goal': 'Prevent churn'}",Re-engagement Campaign,"Email, Push Notifications",Win-back Discounts,Prevent churn
67225.0,4,4503,868,23,1.0,New Customers,"{'Strategy': 'Welcome Campaign', 'Channels': ['Email', 'SMS'], 'Offers': ['First Purchase Discount'], 'Goal': 'Convert into repeat customers'}",Welcome Campaign,"Email, SMS",First Purchase Discount,Convert into repeat customers
17649.0,70,4517,45,9,1.0,New Customers,"{'Strategy': 'Welcome Campaign', 'Channels': ['Email', 'SMS'], 'Offers': ['First Purchase Discount'], 'Goal': 'Convert into repeat customers'}",Welcome Campaign,"Email, SMS",First Purchase Discount,Convert into repeat customers
55914.0,32,4714,1260,29,3.0,Budget Buyers,"{'Strategy': 'Price-Based Promotions', 'Channels': ['SMS', 'Ads'], 'Offers': ['Coupons', 'Seasonal Discounts'], 'Goal': 'Increase purchase frequency'}",Price-Based Promotions,"SMS, Ads","Coupons, Seasonal Discounts",Increase purchase frequency
40059.0,82,4562,414,12,2.0,At Risk Customers,"{'Strategy': 'Re-engagement Campaign', 'Channels': ['Email', 'Push Notifications'], 'Offers': ['Win-back Discounts'], 'Goal': 'Prevent churn'}",Re-engagement Campaign,"Email, Push Notifications",Win-back Discounts,Prevent churn
60905.0,27,4494,392,15,0.0,High Value Customers,"{'Strategy': 'Loyalty Rewards & Premium Offers', 'Channels': ['Email', 'Personal Calls'], 'Offers': ['Exclusive Discounts', 'Early Access'], 'Goal': 'Increase retention and lifetime value'}",Loyalty Rewards & Premium Offers,"Email, Personal Calls","Exclusive Discounts, Early Access",Increase retention and lifetime value
75330.0,94,4921,1109,29,2.0,At Risk Customers,"{'Strategy': 'Re-engagement Campaign', 'Channels': ['Email', 'Push Notifications'], 'Offers': ['Win-back Discounts'], 'Goal': 'Prevent churn'}",Re-engagement Campaign,"Email, Push Notifications",Win-back Discounts,Prevent churn
60689.0,23,4681,639,22,3.0,Budget Buyers,"{'Strategy': 'Price-Based Promotions', 'Channels': ['SMS', 'Ads'], 'Offers': ['Coupons', 'Seasonal Discounts'], 'Goal': 'Increase purchase frequency'}",Price-Based Promotions,"SMS, Ads","Coupons, Seasonal Discounts",Increase purchase frequency
38680.0,97,4746,79,6,3.0,Budget Buyers,"{'Strategy': 'Price-Based Promotions', 'Channels': ['SMS', 'Ads'], 'Offers': ['Coupons', 'Seasonal Discounts'], 'Goal': 'Increase purchase frequency'}",Price-Based Promotions,"SMS, Ads","Coupons, Seasonal Discounts",Increase purchase frequency
61416.0,25,4794,1665,24,1.0,New Customers,"{'Strategy': 'Welcome Campaign', 'Channels': ['Email', 'SMS'], 'Offers': ['First Purchase Discount'], 'Goal': 'Convert into repeat customers'}",Welcome Campaign,"Email, SMS",First Purchase Discount,Convert into repeat customers
49767.0,92,4711,692,18,1.0,New Customers,"{'Strategy': 'Welcome Campaign', 'Channels': ['Email', 'SMS'], 'Offers': ['First Purchase Discount'], 'Goal': 'Convert into repeat customers'}",Welcome Campaign,"Email, SMS",First Purchase Discount,Convert into repeat customers
83273.0,98,4930,1392,29,0.0,High Value Customers,"{'Strategy': 'Loyalty Rewards & Premium Offers', 'Channels': ['Email', 'Personal Calls'], 'Offers': ['Exclusive Discounts', 'Early Access'], 'Goal': 'Increase retention and lifetime value'}",Loyalty Rewards & Premium Offers,"Email, Personal Calls","Exclusive Discounts, Early Access",Increase retention and lifetime value
29009.0,19,4500,44,7,1.0,New Customers,"{'Strategy': 'Welcome Campaign', 'Channels': ['Email', 'SMS'], 'Offers': ['First Purchase Discount'], 'Goal': 'Convert into repeat customers'}",Welcome Campaign,"Email, SMS",First Purchase Discount,Convert into repeat customers
45057.0,80,4498,50,6,1.0,New Customers,"{'Strategy': 'Welcome Campaign', 'Channels': ['Email', 'SMS'], 'Offers': ['First Purchase Discount'], 'Goal': 'Convert into repeat customers'}",Welcome Campaign,"Email, SMS",First Purchase Discount,Convert into repeat customers
37150.0,80,4944,467,21,3.0,Budget Buyers,"{'Strategy': 'Price-Based Promotions', 'Channels': ['SMS', 'Ads'], 'Offers': ['Coupons', 'Seasonal Discounts'], 'Goal': 'Increase purchase frequency'}",Price-Based Promotions,"SMS, Ads","Coupons, Seasonal Discounts",Increase purchase frequency
43020.0,79,4499,223,12,3.0,Budget Buyers,"{'Strategy': 'Price-Based Promotions', 'Channels': ['SMS', 'Ads'], 'Offers': ['Coupons', 'Seasonal Discounts'], 'Goal': 'Increase purchase frequency'}",Price-Based Promotions,"SMS, Ads","Coupons, Seasonal Discounts",Increase purchase frequency
53154.0,50,4308,158,9,2.0,At Risk Customers,"{'Strategy': 'Re-engagement Campaign', 'Channels': ['Email', 'Push Notifications'], 'Offers': ['Win-back Discounts'], 'Goal': 'Prevent churn'}",Re-engagement Campaign,"Email, Push Notifications",Win-back Discounts,Prevent churn
65308.0,60,4579,1211,28,0.0,High Value Customers,"{'Strategy': 'Loyalty Rewards & Premium Offers', 'Channels': ['Email', 'Personal Calls'], 'Offers': ['Exclusive Discounts', 'Early Access'], 'Goal': 'Increase retention and lifetime value'}",Loyalty Rewards & Premium Offers,"Email, Personal Calls","Exclusive Discounts, Early Access",Increase retention and lifetime value
76467.0,44,4969,1575,14,2.0,At Risk Customers,"{'Strategy': 'Re-engagement Campaign', 'Channels': ['Email', 'Push Notifications'], 'Offers': ['Win-back Discounts'], 'Goal': 'Prevent churn'}",Re-engagement Campaign,"Email, Push Notifications",Win-back Discounts,Prevent churn
81044.0,0,4472,1208,22,2.0,At Risk Customers,"{'Strategy': 'Re-engagement Campaign', 'Channels': ['Email', 'Push Notifications'], 'Offers': ['Win-back Discounts'], 'Goal': 'Prevent churn'}",Re-engagement Campaign,"Email, Push Notifications",Win-back Discounts,Prevent churn
32871.0,28,4765,43,5,1.0,New Customers,"{'Strategy': 'Welcome Campaign', 'Channels': ['Email', 'SMS'], 'Offers': ['First Purchase Discount'], 'Goal': 'Convert into repeat customers'}",Welcome Campaign,"Email, SMS",First Purchase Discount,Convert into repeat customers
55801.0,35,4568,527,21,1.0,New Customers,"{'Strategy': 'Welcome Campaign', 'Channels': ['Email', 'SMS'], 'Offers': ['First Purchase Discount'], 'Goal': 'Convert into repeat customers'}",Welcome Campaign,"Email, SMS",First Purchase Discount,Convert into repeat customers
76320.0,49,4295,932,15,0.0,High Value Customers,"{'Strategy': 'Loyalty Rewards & Premium Offers', 'Channels': ['Email', 'Personal Calls'], 'Offers': ['Exclusive Discounts', 'Early Access'], 'Goal': 'Increase retention and lifetime value'}",Loyalty Rewards & Premium Offers,"Email, Personal Calls","Exclusive Discounts, Early Access",Increase retention and lifetime value
36927.0,46,4315,71,8,3.0,Budget Buyers,"{'Strategy': 'Price-Based Promotions', 'Channels': ['SMS', 'Ads'], 'Offers': ['Coupons', 'Seasonal Discounts'], 'Goal': 'Increase purchase frequency'}",Price-Based Promotions,"SMS, Ads","Coupons, Seasonal Discounts",Increase purchase frequency
48794.0,97,4291,54,5,2.0,At Risk Customers,"{'Strategy': 'Re-engagement Campaign', 'Channels': ['Email', 'Push Notifications'], 'Offers': ['Win-back Discounts'], 'Goal': 'Prevent churn'}",Re-engagement Campaign,"Email, Push Notifications",Win-back Discounts,Prevent churn
23478.0,51,4755,129,7,2.0,At Risk Customers,"{'Strategy': 'Re-engagement Campaign', 'Channels': ['Email', 'Push Notifications'], 'Offers': ['Win-back Discounts'], 'Goal': 'Prevent churn'}",Re-engagement Campaign,"Email, Push Notifications",Win-back Discounts,Prevent churn
71128.0,80,4919,1615,27,3.0,Budget Buyers,"{'Strategy': 'Price-Based Promotions', 'Channels': ['SMS', 'Ads'], 'Offers': ['Coupons', 'Seasonal Discounts'], 'Goal': 'Increase purchase frequency'}",Price-Based Promotions,"SMS, Ads","Coupons, Seasonal Discounts",Increase purchase frequency
70179.0,10,4631,1034,26,1.0,New Customers,"{'Strategy': 'Welcome Campaign', 'Channels': ['Email', 'SMS'], 'Offers': ['First Purchase Discount'], 'Goal': 'Convert into repeat customers'}",Welcome Campaign,"Email, SMS",First Purchase Discount,Convert into repeat customers
59462.0,29,4828,1088,25,1.0,New Customers,"{'Strategy': 'Welcome Campaign', 'Channels': ['Email', 'SMS'], 'Offers': ['First Purchase Discount'], 'Goal': 'Convert into repeat customers'}",Welcome Campaign,"Email, SMS",First Purchase Discount,Convert into repeat customers
52247.25135379061,52,4695,721,25,3.0,Budget Buyers,"{'Strategy': 'Price-Based Promotions', 'Channels': ['SMS', 'Ads'], 'Offers': ['Coupons', 'Seasonal Discounts'], 'Goal': 'Increase purchase frequency'}",Price-Based Promotions,"SMS, Ads","Coupons, Seasonal Discounts",Increase purchase frequency
38361.0,74,4472,137,10,0.0,High Value Customers,"{'Strategy': 'Loyalty Rewards & Premium Offers', 'Channels': ['Email', 'Personal Calls'], 'Offers': ['Exclusive Discounts', 'Early Access'], 'Goal': 'Increase retention and lifetime value'}",Loyalty Rewards & Premium Offers,"Email, Personal Calls","Exclusive Discounts, Early Access",Increase retention and lifetime value
52247.25135379061,82,4682,47,8,3.0,Budget Buyers,"{'Strategy': 'Price-Based Promotions', 'Channels': ['SMS', 'Ads'], 'Offers': ['Coupons', 'Seasonal Discounts'], 'Goal': 'Increase purchase frequency'}",Price-Based Promotions,"SMS, Ads","Coupons, Seasonal Discounts",Increase purchase frequency
70038.0,54,4535,1244,17,3.0,Budget Buyers,"{'Strategy': 'Price-Based Promotions', 'Channels': ['SMS', 'Ads'], 'Offers': ['Coupons', 'Seasonal Discounts'], 'Goal': 'Increase purchase frequency'}",Price-Based Promotions,"SMS, Ads","Coupons, Seasonal Discounts",Increase purchase frequency
42554.0,93,4821,41,7,1.0,New Customers,"{'Strategy': 'Welcome Campaign', 'Channels': ['Email', 'SMS'], 'Offers': ['First Purchase Discount'], 'Goal': 'Convert into repeat customers'}",Welcome Campaign,"Email, SMS",First Purchase Discount,Convert into repeat customers
67445.0,63,4974,1174,32,3.0,Budget Buyers,"{'Strategy': 'Price-Based Promotions', 'Channels': ['SMS', 'Ads'], 'Offers': ['Coupons', 'Seasonal Discounts'], 'Goal': 'Increase purchase frequency'}",Price-Based Promotions,"SMS, Ads","Coupons, Seasonal Discounts",Increase purchase frequency
67046.0,92,4827,993,15,1.0,New Customers,"{'Strategy': 'Welcome Campaign', 'Channels': ['Email', 'SMS'], 'Offers': ['First Purchase Discount'], 'Goal': 'Convert into repeat customers'}",Welcome Campaign,"Email, SMS",First Purchase Discount,Convert into repeat customers
42192.0,40,4584,100,7,1.0,New Customers,"{'Strategy': 'Welcome Campaign', 'Channels': ['Email', 'SMS'], 'Offers': ['First Purchase Discount'], 'Goal': 'Convert into repeat customers'}",Welcome Campaign,"Email, SMS",First Purchase Discount,Convert into repeat customers
77610.0,70,4896,1680,17,3.0,Budget Buyers,"{'Strategy': 'Price-Based Promotions', 'Channels': ['SMS', 'Ads'], 'Offers': ['Coupons', 'Seasonal Discounts'], 'Goal': 'Increase purchase frequency'}",Price-Based Promotions,"SMS, Ads","Coupons, Seasonal Discounts",Increase purchase frequency
31761.0,96,4373,98,9,3.0,Budget Buyers,"{'Strategy': 'Price-Based Promotions', 'Channels': ['SMS', 'Ads'], 'Offers': ['Coupons', 'Seasonal Discounts'], 'Goal': 'Increase purchase frequency'}",Price-Based Promotions,"SMS, Ads","Coupons, Seasonal Discounts",Increase purchase frequency
34350.0,81,4541,48,5,1.0,New Customers,"{'Strategy': 'Welcome Campaign', 'Channels': ['Email', 'SMS'], 'Offers': ['First Purchase Discount'], 'Goal': 'Convert into repeat customers'}",Welcome Campaign,"Email, SMS",First Purchase Discount,Convert into repeat customers
54591.0,63,4616,519,19,0.0,High Value Customers,"{'Strategy': 'Loyalty Rewards & Premium Offers', 'Channels': ['Email', 'Personal Calls'], 'Offers': ['Exclusive Discounts', 'Early Access'], 'Goal': 'Increase retention and lifetime value'}",Loyalty Rewards & Premium Offers,"Email, Personal Calls","Exclusive Discounts, Early Access",Increase retention and lifetime value
71866.0,85,4474,715,20,3.0,Budget Buyers,"{'Strategy': 'Price-Based Promotions', 'Channels': ['SMS', 'Ads'], 'Offers': ['Coupons', 'Seasonal Discounts'], 'Goal': 'Increase purchase frequency'}",Price-Based Promotions,"SMS, Ads","Coupons, Seasonal Discounts",Increase purchase frequency
25293.0,51,4575,37,5,2.0,At Risk Customers,"{'Strategy': 'Re-engagement Campaign', 'Channels': ['Email', 'Push Notifications'], 'Offers': ['Win-back Discounts'], 'Goal': 'Prevent churn'}",Re-engagement Campaign,"Email, Push Notifications",Win-back Discounts,Prevent churn
42000.0,23,4823,653,20,0.0,High Value Customers,"{'Strategy': 'Loyalty Rewards & Premium Offers', 'Channels': ['Email', 'Personal Calls'], 'Offers': ['Exclusive Discounts', 'Early Access'], 'Goal': 'Increase retention and lifetime value'}",Loyalty Rewards & Premium Offers,"Email, Personal Calls","Exclusive Discounts, Early Access",Increase retention and lifetime value
69520.0,95,4645,1455,21,1.0,New Customers,"{'Strategy': 'Welcome Campaign', 'Channels': ['Email', 'SMS'], 'Offers': ['First Purchase Discount'], 'Goal': 'Convert into repeat customers'}",Welcome Campaign,"Email, SMS",First Purchase Discount,Convert into repeat customers
64713.0,11,4430,602,19,0.0,High Value Customers,"{'Strategy': 'Loyalty Rewards & Premium Offers', 'Channels': ['Email', 'Personal Calls'], 'Offers': ['Exclusive Discounts', 'Early Access'], 'Goal': 'Increase retention and lifetime value'}",Loyalty Rewards & Premium Offers,"Email, Personal Calls","Exclusive Discounts, Early Access",Increase retention and lifetime value
27889.0,42,4647,26,5,1.0,New Customers,"{'Strategy': 'Welcome Campaign', 'Channels': ['Email', 'SMS'], 'Offers': ['First Purchase Discount'], 'Goal': 'Convert into repeat customers'}",Welcome Campaign,"Email, SMS",First Purchase Discount,Convert into repeat customers
22123.0,77,4382,102,7,0.0,High Value Customers,"{'Strategy': 'Loyalty Rewards & Premium Offers', 'Channels': ['Email', 'Personal Calls'], 'Offers': ['Exclusive Discounts', 'Early Access'], 'Goal': 'Increase retention and lifetime value'}",Loyalty Rewards & Premium Offers,"Email, Personal Calls","Exclusive Discounts, Early Access",Increase retention and lifetime value
52247.25135379061,82,4771,97,10,3.0,Budget Buyers,"{'Strategy': 'Price-Based Promotions', 'Channels': ['SMS', 'Ads'], 'Offers': ['Coupons', 'Seasonal Discounts'], 'Goal': 'Increase purchase frequency'}",Price-Based Promotions,"SMS, Ads","Coupons, Seasonal Discounts",Increase purchase frequency
52247.25135379061,83,4659,207,11,0.0,High Value Customers,"{'Strategy': 'Loyalty Rewards & Premium Offers', 'Channels': ['Email', 'Personal Calls'], 'Offers': ['Exclusive Discounts', 'Early Access'], 'Goal': 'Increase retention and lifetime value'}",Loyalty Rewards & Premium Offers,"Email, Personal Calls","Exclusive Discounts, Early Access",Increase retention and lifetime value
27803.0,40,4960,176,9,3.0,Budget Buyers,"{'Strategy': 'Price-Based Promotions', 'Channels': ['SMS', 'Ads'], 'Offers': ['Coupons', 'Seasonal Discounts'], 'Goal': 'Increase purchase frequency'}",Price-Based Promotions,"SMS, Ads","Coupons, Seasonal Discounts",Increase purchase frequency
52247.25135379061,95,4542,450,15,3.0,Budget Buyers,"{'Strategy': 'Price-Based Promotions', 'Channels': ['SMS', 'Ads'], 'Offers': ['Coupons', 'Seasonal Discounts'], 'Goal': 'Increase purchase frequency'}",Price-Based Promotions,"SMS, Ads","Coupons, Seasonal Discounts",Increase purchase frequency
51651.0,32,4887,433,17,2.0,At Risk Customers,"{'Strategy': 'Re-engagement Campaign', 'Channels': ['Email', 'Push Notifications'], 'Offers': ['Win-back Discounts'], 'Goal': 'Prevent churn'}",Re-engagement Campaign,"Email, Push Notifications",Win-back Discounts,Prevent churn
68487.0,48,4820,1366,30,3.0,Budget Buyers,"{'Strategy': 'Price-Based Promotions', 'Channels': ['SMS', 'Ads'], 'Offers': ['Coupons', 'Seasonal Discounts'], 'Goal': 'Increase purchase frequency'}",Price-Based Promotions,"SMS, Ads","Coupons, Seasonal Discounts",Increase purchase frequency
52247.25135379061,75,4530,1564,22,2.0,At Risk Customers,"{'Strategy': 'Re-engagement Campaign', 'Channels': ['Email', 'Push Notifications'], 'Offers': ['Win-back Discounts'], 'Goal': 'Prevent churn'}",Re-engagement Campaign,"Email, Push Notifications",Win-back Discounts,Prevent churn
56796.0,24,4786,1001,27,1.0,New Customers,"{'Strategy': 'Welcome Campaign', 'Channels': ['Email', 'SMS'], 'Offers': ['First Purchase Discount'], 'Goal': 'Convert into repeat customers'}",Welcome Campaign,"Email, SMS",First Purchase Discount,Convert into repeat customers
87000.0,61,4849,961,18,1.0,New Customers,"{'Strategy': 'Welcome Campaign', 'Channels': ['Email', 'SMS'], 'Offers': ['First Purchase Discount'], 'Goal': 'Convert into repeat customers'}",Welcome Campaign,"Email, SMS",First Purchase Discount,Convert into repeat customers
79823.0,6,4378,1518,23,2.0,At Risk Customers,"{'Strategy': 'Re-engagement Campaign', 'Channels': ['Email', 'Push Notifications'], 'Offers': ['Win-back Discounts'], 'Goal': 'Prevent churn'}",Re-engagement Campaign,"Email, Push Notifications",Win-back Discounts,Prevent churn
30828.0,16,4556,56,8,1.0,New Customers,"{'Strategy': 'Welcome Campaign', 'Channels': ['Email', 'SMS'], 'Offers': ['First Purchase Discount'], 'Goal': 'Convert into repeat customers'}",Welcome Campaign,"Email, SMS",First Purchase Discount,Convert into repeat customers
34109.0,39,4523,22,4,1.0,New Customers,"{'Strategy': 'Welcome Campaign', 'Channels': ['Email', 'SMS'], 'Offers': ['First Purchase Discount'], 'Goal': 'Convert into repeat customers'}",Welcome Campaign,"Email, SMS",First Purchase Discount,Convert into repeat customers
53367.0,2,4590,400,21,3.0,Budget Buyers,"{'Strategy': 'Price-Based Promotions', 'Channels': ['SMS', 'Ads'], 'Offers': ['Coupons', 'Seasonal Discounts'], 'Goal': 'Increase purchase frequency'}",Price-Based Promotions,"SMS, Ads","Coupons, Seasonal Discounts",Increase purchase frequency
22390.0,49,4539,26,4,2.0,At Risk Customers,"{'Strategy': 'Re-engagement Campaign', 'Channels': ['Email', 'Push Notifications'], 'Offers': ['Win-back Discounts'], 'Goal': 'Prevent churn'}",Re-engagement Campaign,"Email, Push Notifications",Win-back Discounts,Prevent churn
71322.0,31,4346,350,13,1.0,New Customers,"{'Strategy': 'Welcome Campaign', 'Channels': ['Email', 'SMS'], 'Offers': ['First Purchase Discount'], 'Goal': 'Convert into repeat customers'}",Welcome Campaign,"Email, SMS",First Purchase Discount,Convert into repeat customers
79244.0,58,4845,1216,22,2.0,At Risk Customers,"{'Strategy': 'Re-engagement Campaign', 'Channels': ['Email', 'Push Notifications'], 'Offers': ['Win-back Discounts'], 'Goal': 'Prevent churn'}",Re-engagement Campaign,"Email, Push Notifications",Win-back Discounts,Prevent churn
49912.0,5,4948,874,26,0.0,High Value Customers,"{'Strategy': 'Loyalty Rewards & Premium Offers', 'Channels': ['Email', 'Personal Calls'], 'Offers': ['Exclusive Discounts', 'Early Access'], 'Goal': 'Increase retention and lifetime value'}",Loyalty Rewards & Premium Offers,"Email, Personal Calls","Exclusive Discounts, Early Access",Increase retention and lifetime value
48699.0,90,4692,40,5,3.0,Budget Buyers,"{'Strategy': 'Price-Based Promotions', 'Channels': ['SMS', 'Ads'], 'Offers': ['Coupons', 'Seasonal Discounts'], 'Goal': 'Increase purchase frequency'}",Price-Based Promotions,"SMS, Ads","Coupons, Seasonal Discounts",Increase purchase frequency
80144.0,47,4560,1367,19,3.0,Budget Buyers,"{'Strategy': 'Price-Based Promotions', 'Channels': ['SMS', 'Ads'], 'Offers': ['Coupons', 'Seasonal Discounts'], 'Goal': 'Increase purchase frequency'}",Price-Based Promotions,"SMS, Ads","Coupons, Seasonal Discounts",Increase purchase frequency
54252.0,25,4685,264,15,1.0,New Customers,"{'Strategy': 'Welcome Campaign', 'Channels': ['Email', 'SMS'], 'Offers': ['First Purchase Discount'], 'Goal': 'Convert into repeat customers'}",Welcome Campaign,"Email, SMS",First Purchase Discount,Convert into repeat customers
81929.0,60,4926,2053,20,3.0,Budget Buyers,"{'Strategy': 'Price-Based Promotions', 'Channels': ['SMS', 'Ads'], 'Offers': ['Coupons', 'Seasonal Discounts'], 'Goal': 'Increase purchase frequency'}",Price-Based Promotions,"SMS, Ads","Coupons, Seasonal Discounts",Increase purchase frequency
76068.0,67,4865,1376,10,0.0,High Value Customers,"{'Strategy': 'Loyalty Rewards & Premium Offers', 'Channels': ['Email', 'Personal Calls'], 'Offers': ['Exclusive Discounts', 'Early Access'], 'Goal': 'Increase retention and lifetime value'}",Loyalty Rewards & Premium Offers,"Email, Personal Calls","Exclusive Discounts, Early Access",Increase retention and lifetime value
53204.0,40,4389,45,5,3.0,Budget Buyers,"{'Strategy': 'Price-Based Promotions', 'Channels': ['SMS', 'Ads'], 'Offers': ['Coupons', 'Seasonal Discounts'], 'Goal': 'Increase purchase frequency'}",Price-Based Promotions,"SMS, Ads","Coupons, Seasonal Discounts",Increase purchase frequency
67911.0,63,4326,976,27,0.0,High Value Customers,"{'Strategy': 'Loyalty Rewards & Premium Offers', 'Channels': ['Email', 'Personal Calls'], 'Offers': ['Exclusive Discounts', 'Early Access'], 'Goal': 'Increase retention and lifetime value'}",Loyalty Rewards & Premium Offers,"Email, Personal Calls","Exclusive Discounts, Early Access",Increase retention and lifetime value
14796.0,1,4938,51,6,0.0,High Value Customers,"{'Strategy': 'Loyalty Rewards & Premium Offers', 'Channels': ['Email', 'Personal Calls'], 'Offers': ['Exclusive Discounts', 'Early Access'], 'Goal': 'Increase retention and lifetime value'}",Loyalty Rewards & Premium Offers,"Email, Personal Calls","Exclusive Discounts, Early Access",Increase retention and lifetime value
78128.0,89,4418,1264,20,0.0,High Value Customers,"{'Strategy': 'Loyalty Rewards & Premium Offers', 'Channels': ['Email', 'Personal Calls'], 'Offers': ['Exclusive Discounts', 'Early Access'], 'Goal': 'Increase retention and lifetime value'}",Loyalty Rewards & Premium Offers,"Email, Personal Calls","Exclusive Discounts, Early Access",Increase retention and lifetime value
14188.0,40,4774,75,7,2.0,At Risk Customers,"{'Strategy': 'Re-engagement Campaign', 'Channels': ['Email', 'Push Notifications'], 'Offers': ['Win-back Discounts'], 'Goal': 'Prevent churn'}",Re-engagement Campaign,"Email, Push Notifications",Win-back Discounts,Prevent churn
20425.0,5,4896,57,7,0.0,High Value Customers,"{'Strategy': 'Loyalty Rewards & Premium Offers', 'Channels': ['Email', 'Personal Calls'], 'Offers': ['Exclusive Discounts', 'Early Access'], 'Goal': 'Increase retention and lifetime value'}",Loyalty Rewards & Premium Offers,"Email, Personal Calls","Exclusive Discounts, Early Access",Increase retention and lifetime value
58646.0,3,4672,140,8,3.0,Budget Buyers,"{'Strategy': 'Price-Based Promotions', 'Channels': ['SMS', 'Ads'], 'Offers': ['Coupons', 'Seasonal Discounts'], 'Goal': 'Increase purchase frequency'}",Price-Based Promotions,"SMS, Ads","Coupons, Seasonal Discounts",Increase purchase frequency
72967.0,1,4849,497,19,3.0,Budget Buyers,"{'Strategy': 'Price-Based Promotions', 'Channels': ['SMS', 'Ads'], 'Offers': ['Coupons', 'Seasonal Discounts'], 'Goal': 'Increase purchase frequency'}",Price-Based Promotions,"SMS, Ads","Coupons, Seasonal Discounts",Increase purchase frequency
48150.0,24,4674,266,13,2.0,At Risk Customers,"{'Strategy': 'Re-engagement Campaign', 'Channels': ['Email', 'Push Notifications'], 'Offers': ['Win-back Discounts'], 'Goal': 'Prevent churn'}",Re-engagement Campaign,"Email, Push Notifications",Win-back Discounts,Prevent churn
82332.0,89,4938,2006,21,1.0,New Customers,"{'Strategy': 'Welcome Campaign', 'Channels': ['Email', 'SMS'], 'Offers': ['First Purchase Discount'], 'Goal': 'Convert into repeat customers'}",Welcome Campaign,"Email, SMS",First Purchase Discount,Convert into repeat customers
58275.0,48,4680,615,23,1.0,New Customers,"{'Strategy': 'Welcome Campaign', 'Channels': ['Email', 'SMS'], 'Offers': ['First Purchase Discount'], 'Goal': 'Convert into repeat customers'}",Welcome Campaign,"Email, SMS",First Purchase Discount,Convert into repeat customers
44953.0,31,4843,1021,24,3.0,Budget Buyers,"{'Strategy': 'Price-Based Promotions', 'Channels': ['SMS', 'Ads'], 'Offers': ['Coupons', 'Seasonal Discounts'], 'Goal': 'Increase purchase frequency'}",Price-Based Promotions,"SMS, Ads","Coupons, Seasonal Discounts",Increase purchase frequency
34587.0,68,4332,22,6,3.0,Budget Buyers,"{'Strategy': 'Price-Based Promotions', 'Channels': ['SMS', 'Ads'], 'Offers': ['Coupons', 'Seasonal Discounts'], 'Goal': 'Increase purchase frequency'}",Price-Based Promotions,"SMS, Ads","Coupons, Seasonal Discounts",Increase purchase frequency
43018.0,46,4528,133,7,1.0,New Customers,"{'Strategy': 'Welcome Campaign', 'Channels': ['Email', 'SMS'], 'Offers': ['First Purchase Discount'], 'Goal': 'Convert into repeat customers'}",Welcome Campaign,"Email, SMS",First Purchase Discount,Convert into repeat customers
45736.0,92,4628,437,19,2.0,At Risk Customers,"{'Strategy': 'Re-engagement Campaign', 'Channels': ['Email', 'Push Notifications'], 'Offers': ['Win-back Discounts'], 'Goal': 'Prevent churn'}",Re-engagement Campaign,"Email, Push Notifications",Win-back Discounts,Prevent churn
66476.0,80,4495,1013,26,3.0,Budget Buyers,"{'Strategy': 'Price-Based Promotions', 'Channels': ['SMS', 'Ads'], 'Offers': ['Coupons', 'Seasonal Discounts'], 'Goal': 'Increase purchase frequency'}",Price-Based Promotions,"SMS, Ads","Coupons, Seasonal Discounts",Increase purchase frequency
27733.0,16,4595,57,7,0.0,High Value Customers,"{'Strategy': 'Loyalty Rewards & Premium Offers', 'Channels': ['Email', 'Personal Calls'], 'Offers': ['Exclusive Discounts', 'Early Access'], 'Goal': 'Increase retention and lifetime value'}",Loyalty Rewards & Premium Offers,"Email, Personal Calls","Exclusive Discounts, Early Access",Increase retention and lifetime value
69805.0,50,4447,1038,27,0.0,High Value Customers,"{'Strategy': 'Loyalty Rewards & Premium Offers', 'Channels': ['Email', 'Personal Calls'], 'Offers': ['Exclusive Discounts', 'Early Access'], 'Goal': 'Increase retention and lifetime value'}",Loyalty Rewards & Premium Offers,"Email, Personal Calls","Exclusive Discounts, Early Access",Increase retention and lifetime value
72217.0,93,4733,1573,22,1.0,New Customers,"{'Strategy': 'Welcome Campaign', 'Channels': ['Email', 'SMS'], 'Offers': ['First Purchase Discount'], 'Goal': 'Convert into repeat customers'}",Welcome Campaign,"Email, SMS",First Purchase Discount,Convert into repeat customers
25818.0,51,4907,28,4,0.0,High Value Customers,"{'Strategy': 'Loyalty Rewards & Premium Offers', 'Channels': ['Email', 'Personal Calls'], 'Offers': ['Exclusive Discounts', 'Early Access'], 'Goal': 'Increase retention and lifetime value'}",Loyalty Rewards & Premium Offers,"Email, Personal Calls","Exclusive Discounts, Early Access",Increase retention and lifetime value
37509.0,24,4943,123,9,3.0,Budget Buyers,"{'Strategy': 'Price-Based Promotions', 'Channels': ['SMS', 'Ads'], 'Offers': ['Coupons', 'Seasonal Discounts'], 'Goal': 'Increase purchase frequency'}",Price-Based Promotions,"SMS, Ads","Coupons, Seasonal Discounts",Increase purchase frequency
25176.0,79,4611,13,4,1.0,New Customers,"{'Strategy': 'Welcome Campaign', 'Channels': ['Email', 'SMS'], 'Offers': ['First Purchase Discount'], 'Goal': 'Convert into repeat customers'}",Welcome Campaign,"Email, SMS",First Purchase Discount,Convert into repeat customers
43586.0,26,4956,132,10,3.0,Budget Buyers,"{'Strategy': 'Price-Based Promotions', 'Channels': ['SMS', 'Ads'], 'Offers': ['Coupons', 'Seasonal Discounts'], 'Goal': 'Increase purchase frequency'}",Price-Based Promotions,"SMS, Ads","Coupons, Seasonal Discounts",Increase purchase frequency
53230.0,86,4983,732,23,2.0,At Risk Customers,"{'Strategy': 'Re-engagement Campaign', 'Channels': ['Email', 'Push Notifications'], 'Offers': ['Win-back Discounts'], 'Goal': 'Prevent churn'}",Re-engagement Campaign,"Email, Push Notifications",Win-back Discounts,Prevent churn
50116.0,68,4297,66,7,3.0,Budget Buyers,"{'Strategy': 'Price-Based Promotions', 'Channels': ['SMS', 'Ads'], 'Offers': ['Coupons', 'Seasonal Discounts'], 'Goal': 'Increase purchase frequency'}",Price-Based Promotions,"SMS, Ads","Coupons, Seasonal Discounts",Increase purchase frequency
84906.0,98,4556,1631,24,2.0,At Risk Customers,"{'Strategy': 'Re-engagement Campaign', 'Channels': ['Email', 'Push Notifications'], 'Offers': ['Win-back Discounts'], 'Goal': 'Prevent churn'}",Re-engagement Campaign,"Email, Push Notifications",Win-back Discounts,Prevent churn
61286.0,34,4619,608,18,1.0,New Customers,"{'Strategy': 'Welcome Campaign', 'Channels': ['Email', 'SMS'], 'Offers': ['First Purchase Discount'], 'Goal': 'Convert into repeat customers'}",Welcome Campaign,"Email, SMS",First Purchase Discount,Convert into repeat customers
82333.0,60,4744,1822,18,0.0,High Value Customers,"{'Strategy': 'Loyalty Rewards & Premium Offers', 'Channels': ['Email', 'Personal Calls'], 'Offers': ['Exclusive Discounts', 'Early Access'], 'Goal': 'Increase retention and lifetime value'}",Loyalty Rewards & Premium Offers,"Email, Personal Calls","Exclusive Discounts, Early Access",Increase retention and lifetime value
65220.0,3,4952,1282,23,3.0,Budget Buyers,"{'Strategy': 'Price-Based Promotions', 'Channels': ['SMS', 'Ads'], 'Offers': ['Coupons', 'Seasonal Discounts'], 'Goal': 'Increase purchase frequency'}",Price-Based Promotions,"SMS, Ads","Coupons, Seasonal Discounts",Increase purchase frequency
33590.0,65,4526,8,4,3.0,Budget Buyers,"{'Strategy': 'Price-Based Promotions', 'Channels': ['SMS', 'Ads'], 'Offers': ['Coupons', 'Seasonal Discounts'], 'Goal': 'Increase purchase frequency'}",Price-Based Promotions,"SMS, Ads","Coupons, Seasonal Discounts",Increase purchase frequency
30992.0,83,4721,43,5,0.0,High Value Customers,"{'Strategy': 'Loyalty Rewards & Premium Offers', 'Channels': ['Email', 'Personal Calls'], 'Offers': ['Exclusive Discounts', 'Early Access'], 'Goal': 'Increase retention and lifetime value'}",Loyalty Rewards & Premium Offers,"Email, Personal Calls","Exclusive Discounts, Early Access",Increase retention and lifetime value
72309.0,64,4763,1931,20,2.0,At Risk Customers,"{'Strategy': 'Re-engagement Campaign', 'Channels': ['Email', 'Push Notifications'], 'Offers': ['Win-back Discounts'], 'Goal': 'Prevent churn'}",Re-engagement Campaign,"Email, Push Notifications",Win-back Discounts,Prevent churn
156924.0,85,4592,8,0,1.0,New Customers,"{'Strategy': 'Welcome Campaign', 'Channels': ['Email', 'SMS'], 'Offers': ['First Purchase Discount'], 'Goal': 'Convert into repeat customers'}",Welcome Campaign,"Email, SMS",First Purchase Discount,Convert into repeat customers
16005.0,69,4972,103,8,1.0,New Customers,"{'Strategy': 'Welcome Campaign', 'Channels': ['Email', 'SMS'], 'Offers': ['First Purchase Discount'], 'Goal': 'Convert into repeat customers'}",Welcome Campaign,"Email, SMS",First Purchase Discount,Convert into repeat customers
65487.0,48,4458,1169,17,1.0,New Customers,"{'Strategy': 'Welcome Campaign', 'Channels': ['Email', 'SMS'], 'Offers': ['First Purchase Discount'], 'Goal': 'Convert into repeat customers'}",Welcome Campaign,"Email, SMS",First Purchase Discount,Convert into repeat customers
58692.0,21,4372,395,15,1.0,New Customers,"{'Strategy': 'Welcome Campaign', 'Channels': ['Email', 'SMS'], 'Offers': ['First Purchase Discount'], 'Goal': 'Convert into repeat customers'}",Welcome Campaign,"Email, SMS",First Purchase Discount,Convert into repeat customers
40590.0,30,4558,258,15,0.0,High Value Customers,"{'Strategy': 'Loyalty Rewards & Premium Offers', 'Channels': ['Email', 'Personal Calls'], 'Offers': ['Exclusive Discounts', 'Early Access'], 'Goal': 'Increase retention and lifetime value'}",Loyalty Rewards & Premium Offers,"Email, Personal Calls","Exclusive Discounts, Early Access",Increase retention and lifetime value
20587.0,39,4337,25,5,1.0,New Customers,"{'Strategy': 'Welcome Campaign', 'Channels': ['Email', 'SMS'], 'Offers': ['First Purchase Discount'], 'Goal': 'Convert into repeat customers'}",Welcome Campaign,"Email, SMS",First Purchase Discount,Convert into repeat customers
62637.0,76,4408,185,10,1.0,New Customers,"{'Strategy': 'Welcome Campaign', 'Channels': ['Email', 'SMS'], 'Offers': ['First Purchase Discount'], 'Goal': 'Convert into repeat customers'}",Welcome Campaign,"Email, SMS",First Purchase Discount,Convert into repeat customers
29435.0,11,4980,180,11,0.0,High Value Customers,"{'Strategy': 'Loyalty Rewards & Premium Offers', 'Channels': ['Email', 'Personal Calls'], 'Offers': ['Exclusive Discounts', 'Early Access'], 'Goal': 'Increase retention and lifetime value'}",Loyalty Rewards & Premium Offers,"Email, Personal Calls","Exclusive Discounts, Early Access",Increase retention and lifetime value
19346.0,26,4438,22,5,1.0,New Customers,"{'Strategy': 'Welcome Campaign', 'Channels': ['Email', 'SMS'], 'Offers': ['First Purchase Discount'], 'Goal': 'Convert into repeat customers'}",Welcome Campaign,"Email, SMS",First Purchase Discount,Convert into repeat customers
35788.0,34,4445,44,7,3.0,Budget Buyers,"{'Strategy': 'Price-Based Promotions', 'Channels': ['SMS', 'Ads'], 'Offers': ['Coupons', 'Seasonal Discounts'], 'Goal': 'Increase purchase frequency'}",Price-Based Promotions,"SMS, Ads","Coupons, Seasonal Discounts",Increase purchase frequency
36997.0,72,4801,94,12,2.0,At Risk Customers,"{'Strategy': 'Re-engagement Campaign', 'Channels': ['Email', 'Push Notifications'], 'Offers': ['Win-back Discounts'], 'Goal': 'Prevent churn'}",Re-engagement Campaign,"Email, Push Notifications",Win-back Discounts,Prevent churn
23539.0,13,4409,81,7,1.0,New Customers,"{'Strategy': 'Welcome Campaign', 'Channels': ['Email', 'SMS'], 'Offers': ['First Purchase Discount'], 'Goal': 'Convert into repeat customers'}",Welcome Campaign,"Email, SMS",First Purchase Discount,Convert into repeat customers
65333.0,58,4451,798,28,1.0,New Customers,"{'Strategy': 'Welcome Campaign', 'Channels': ['Email', 'SMS'], 'Offers': ['First Purchase Discount'], 'Goal': 'Convert into repeat customers'}",Welcome Campaign,"Email, SMS",First Purchase Discount,Convert into repeat customers
78499.0,12,4506,1334,19,2.0,At Risk Customers,"{'Strategy': 'Re-engagement Campaign', 'Channels': ['Email', 'Push Notifications'], 'Offers': ['Win-back Discounts'], 'Goal': 'Prevent churn'}",Re-engagement Campaign,"Email, Push Notifications",Win-back Discounts,Prevent churn
29732.0,23,4384,38,5,1.0,New Customers,"{'Strategy': 'Welcome Campaign', 'Channels': ['Email', 'SMS'], 'Offers': ['First Purchase Discount'], 'Goal': 'Convert into repeat customers'}",Welcome Campaign,"Email, SMS",First Purchase Discount,Convert into repeat customers
41275.0,33,4385,61,11,1.0,New Customers,"{'Strategy': 'Welcome Campaign', 'Channels': ['Email', 'SMS'], 'Offers': ['First Purchase Discount'], 'Goal': 'Convert into repeat customers'}",Welcome Campaign,"Email, SMS",First Purchase Discount,Convert into repeat customers
63516.0,30,4646,300,16,2.0,At Risk Customers,"{'Strategy': 'Re-engagement Campaign', 'Channels': ['Email', 'Push Notifications'], 'Offers': ['Win-back Discounts'], 'Goal': 'Prevent churn'}",Re-engagement Campaign,"Email, Push Notifications",Win-back Discounts,Prevent churn
42769.0,15,4548,88,8,1.0,New Customers,"{'Strategy': 'Welcome Campaign', 'Channels': ['Email', 'SMS'], 'Offers': ['First Purchase Discount'], 'Goal': 'Convert into repeat customers'}",Welcome Campaign,"Email, SMS",First Purchase Discount,Convert into repeat customers
49572.0,25,4484,54,7,1.0,New Customers,"{'Strategy': 'Welcome Campaign', 'Channels': ['Email', 'SMS'], 'Offers': ['First Purchase Discount'], 'Goal': 'Convert into repeat customers'}",Welcome Campaign,"Email, SMS",First Purchase Discount,Convert into repeat customers
69209.0,4,4938,1782,16,0.0,High Value Customers,"{'Strategy': 'Loyalty Rewards & Premium Offers', 'Channels': ['Email', 'Personal Calls'], 'Offers': ['Exclusive Discounts', 'Early Access'], 'Goal': 'Increase retention and lifetime value'}",Loyalty Rewards & Premium Offers,"Email, Personal Calls","Exclusive Discounts, Early Access",Increase retention and lifetime value
17148.0,80,4440,68,11,1.0,New Customers,"{'Strategy': 'Welcome Campaign', 'Channels': ['Email', 'SMS'], 'Offers': ['First Purchase Discount'], 'Goal': 'Convert into repeat customers'}",Welcome Campaign,"Email, SMS",First Purchase Discount,Convert into repeat customers
40590.0,30,4558,258,15,1.0,New Customers,"{'Strategy': 'Welcome Campaign', 'Channels': ['Email', 'SMS'], 'Offers': ['First Purchase Discount'], 'Goal': 'Convert into repeat customers'}",Welcome Campaign,"Email, SMS",First Purchase Discount,Convert into repeat customers
30560.0,6,4655,31,5,1.0,New Customers,"{'Strategy': 'Welcome Campaign', 'Channels': ['Email', 'SMS'], 'Offers': ['First Purchase Discount'], 'Goal': 'Convert into repeat customers'}",Welcome Campaign,"Email, SMS",First Purchase Discount,Convert into repeat customers
32146.0,16,4336,66,8,3.0,Budget Buyers,"{'Strategy': 'Price-Based Promotions', 'Channels': ['SMS', 'Ads'], 'Offers': ['Coupons', 'Seasonal Discounts'], 'Goal': 'Increase purchase frequency'}",Price-Based Promotions,"SMS, Ads","Coupons, Seasonal Discounts",Increase purchase frequency
41713.0,57,4349,174,13,1.0,New Customers,"{'Strategy': 'Welcome Campaign', 'Channels': ['Email', 'SMS'], 'Offers': ['First Purchase Discount'], 'Goal': 'Convert into repeat customers'}",Welcome Campaign,"Email, SMS",First Purchase Discount,Convert into repeat customers
34176.0,9,4446,28,5,3.0,Budget Buyers,"{'Strategy': 'Price-Based Promotions', 'Channels': ['SMS', 'Ads'], 'Offers': ['Coupons', 'Seasonal Discounts'], 'Goal': 'Increase purchase frequency'}",Price-Based Promotions,"SMS, Ads","Coupons, Seasonal Discounts",Increase purchase frequency
58482.0,59,4397,731,22,1.0,New Customers,"{'Strategy': 'Welcome Campaign', 'Channels': ['Email', 'SMS'], 'Offers': ['First Purchase Discount'], 'Goal': 'Convert into repeat customers'}",Welcome Campaign,"Email, SMS",First Purchase Discount,Convert into repeat customers
59686.0,78,4443,274,12,2.0,At Risk Customers,"{'Strategy': 'Re-engagement Campaign', 'Channels': ['Email', 'Push Notifications'], 'Offers': ['Win-back Discounts'], 'Goal': 'Prevent churn'}",Re-engagement Campaign,"Email, Push Notifications",Win-back Discounts,Prevent churn
60896.0,90,4914,1701,26,3.0,Budget Buyers,"{'Strategy': 'Price-Based Promotions', 'Channels': ['SMS', 'Ads'], 'Offers': ['Coupons', 'Seasonal Discounts'], 'Goal': 'Increase purchase frequency'}",Price-Based Promotions,"SMS, Ads","Coupons, Seasonal Discounts",Increase purchase frequency
62994.0,74,4405,312,13,1.0,New Customers,"{'Strategy': 'Welcome Campaign', 'Channels': ['Email', 'SMS'], 'Offers': ['First Purchase Discount'], 'Goal': 'Convert into repeat customers'}",Welcome Campaign,"Email, SMS",First Purchase Discount,Convert into repeat customers
47320.0,10,4620,414,20,1.0,New Customers,"{'Strategy': 'Welcome Campaign', 'Channels': ['Email', 'SMS'], 'Offers': ['First Purchase Discount'], 'Goal': 'Convert into repeat customers'}",Welcome Campaign,"Email, SMS",First Purchase Discount,Convert into repeat customers
74859.0,63,4679,1565,23,2.0,At Risk Customers,"{'Strategy': 'Re-engagement Campaign', 'Channels': ['Email', 'Push Notifications'], 'Offers': ['Win-back Discounts'], 'Goal': 'Prevent churn'}",Re-engagement Campaign,"Email, Push Notifications",Win-back Discounts,Prevent churn
15253.0,13,4532,29,6,3.0,Budget Buyers,"{'Strategy': 'Price-Based Promotions', 'Channels': ['SMS', 'Ads'], 'Offers': ['Coupons', 'Seasonal Discounts'], 'Goal': 'Increase purchase frequency'}",Price-Based Promotions,"SMS, Ads","Coupons, Seasonal Discounts",Increase purchase frequency
31560.0,98,4658,94,8,3.0,Budget Buyers,"{'Strategy': 'Price-Based Promotions', 'Channels': ['SMS', 'Ads'], 'Offers': ['Coupons', 'Seasonal Discounts'], 'Goal': 'Increase purchase frequency'}",Price-Based Promotions,"SMS, Ads","Coupons, Seasonal Discounts",Increase purchase frequency
72071.0,4,4788,1338,20,1.0,New Customers,"{'Strategy': 'Welcome Campaign', 'Channels': ['Email', 'SMS'], 'Offers': ['First Purchase Discount'], 'Goal': 'Convert into repeat customers'}",Welcome Campaign,"Email, SMS",First Purchase Discount,Convert into repeat customers
91172.0,94,4747,1092,14,2.0,At Risk Customers,"{'Strategy': 'Re-engagement Campaign', 'Channels': ['Email', 'Push Notifications'], 'Offers': ['Win-back Discounts'], 'Goal': 'Prevent churn'}",Re-engagement Campaign,"Email, Push Notifications",Win-back Discounts,Prevent churn
90000.0,91,4476,1479,18,3.0,Budget Buyers,"{'Strategy': 'Price-Based Promotions', 'Channels': ['SMS', 'Ads'], 'Offers': ['Coupons', 'Seasonal Discounts'], 'Goal': 'Increase purchase frequency'}",Price-Based Promotions,"SMS, Ads","Coupons, Seasonal Discounts",Increase purchase frequency
41967.0,66,4506,54,5,2.0,At Risk Customers,"{'Strategy': 'Re-engagement Campaign', 'Channels': ['Email', 'Push Notifications'], 'Offers': ['Win-back Discounts'], 'Goal': 'Prevent churn'}",Re-engagement Campaign,"Email, Push Notifications",Win-back Discounts,Prevent churn
69263.0,14,4404,568,18,2.0,At Risk Customers,"{'Strategy': 'Re-engagement Campaign', 'Channels': ['Email', 'Push Notifications'], 'Offers': ['Win-back Discounts'], 'Goal': 'Prevent churn'}",Re-engagement Campaign,"Email, Push Notifications",Win-back Discounts,Prevent churn
65706.0,77,4654,1199,27,2.0,At Risk Customers,"{'Strategy': 'Re-engagement Campaign', 'Channels': ['Email', 'Push Notifications'], 'Offers': ['Win-back Discounts'], 'Goal': 'Prevent churn'}",Re-engagement Campaign,"Email, Push Notifications",Win-back Discounts,Prevent churn
60934.0,41,4451,873,23,2.0,At Risk Customers,"{'Strategy': 'Re-engagement Campaign', 'Channels': ['Email', 'Push Notifications'], 'Offers': ['Win-back Discounts'], 'Goal': 'Prevent churn'}",Re-engagement Campaign,"Email, Push Notifications",Win-back Discounts,Prevent churn
71965.0,21,4623,1213,17,3.0,Budget Buyers,"{'Strategy': 'Price-Based Promotions', 'Channels': ['SMS', 'Ads'], 'Offers': ['Coupons', 'Seasonal Discounts'], 'Goal': 'Increase purchase frequency'}",Price-Based Promotions,"SMS, Ads","Coupons, Seasonal Discounts",Increase purchase frequency
65210.0,25,4399,731,22,0.0,High Value Customers,"{'Strategy': 'Loyalty Rewards & Premium Offers', 'Channels': ['Email', 'Personal Calls'], 'Offers': ['Exclusive Discounts', 'Early Access'], 'Goal': 'Increase retention and lifetime value'}",Loyalty Rewards & Premium Offers,"Email, Personal Calls","Exclusive Discounts, Early Access",Increase retention and lifetime value
79174.0,2,4822,2043,19,0.0,High Value Customers,"{'Strategy': 'Loyalty Rewards & Premium Offers', 'Channels': ['Email', 'Personal Calls'], 'Offers': ['Exclusive Discounts', 'Early Access'], 'Goal': 'Increase retention and lifetime value'}",Loyalty Rewards & Premium Offers,"Email, Personal Calls","Exclusive Discounts, Early Access",Increase retention and lifetime value
81380.0,51,4842,1893,17,1.0,New Customers,"{'Strategy': 'Welcome Campaign', 'Channels': ['Email', 'SMS'], 'Offers': ['First Purchase Discount'], 'Goal': 'Convert into repeat customers'}",Welcome Campaign,"Email, SMS",First Purchase Discount,Convert into repeat customers
48432.0,3,4907,424,19,1.0,New Customers,"{'Strategy': 'Welcome Campaign', 'Channels': ['Email', 'SMS'], 'Offers': ['First Purchase Discount'], 'Goal': 'Convert into repeat customers'}",Welcome Campaign,"Email, SMS",First Purchase Discount,Convert into repeat customers
52914.0,32,4826,575,15,3.0,Budget Buyers,"{'Strategy': 'Price-Based Promotions', 'Channels': ['SMS', 'Ads'], 'Offers': ['Coupons', 'Seasonal Discounts'], 'Goal': 'Increase purchase frequency'}",Price-Based Promotions,"SMS, Ads","Coupons, Seasonal Discounts",Increase purchase frequency
38946.0,84,4536,257,12,1.0,New Customers,"{'Strategy': 'Welcome Campaign', 'Channels': ['Email', 'SMS'], 'Offers': ['First Purchase Discount'], 'Goal': 'Convert into repeat customers'}",Welcome Campaign,"Email, SMS",First Purchase Discount,Convert into repeat customers
26067.0,49,4525,56,9,0.0,High Value Customers,"{'Strategy': 'Loyalty Rewards & Premium Offers', 'Channels': ['Email', 'Personal Calls'], 'Offers': ['Exclusive Discounts', 'Early Access'], 'Goal': 'Increase retention and lifetime value'}",Loyalty Rewards & Premium Offers,"Email, Personal Calls","Exclusive Discounts, Early Access",Increase retention and lifetime value
44325.0,69,4767,542,21,1.0,New Customers,"{'Strategy': 'Welcome Campaign', 'Channels': ['Email', 'SMS'], 'Offers': ['First Purchase Discount'], 'Goal': 'Convert into repeat customers'}",Welcome Campaign,"Email, SMS",First Purchase Discount,Convert into repeat customers
42523.0,96,4355,125,7,2.0,At Risk Customers,"{'Strategy': 'Re-engagement Campaign', 'Channels': ['Email', 'Push Notifications'], 'Offers': ['Win-back Discounts'], 'Goal': 'Prevent churn'}",Re-engagement Campaign,"Email, Push Notifications",Win-back Discounts,Prevent churn
26487.0,23,4693,69,9,2.0,At Risk Customers,"{'Strategy': 'Re-engagement Campaign', 'Channels': ['Email', 'Push Notifications'], 'Offers': ['Win-back Discounts'], 'Goal': 'Prevent churn'}",Re-engagement Campaign,"Email, Push Notifications",Win-back Discounts,Prevent churn
53233.0,18,4391,40,5,3.0,Budget Buyers,"{'Strategy': 'Price-Based Promotions', 'Channels': ['SMS', 'Ads'], 'Offers': ['Coupons', 'Seasonal Discounts'], 'Goal': 'Increase purchase frequency'}",Price-Based Promotions,"SMS, Ads","Coupons, Seasonal Discounts",Increase purchase frequency
67716.0,8,4823,1016,28,2.0,At Risk Customers,"{'Strategy': 'Re-engagement Campaign', 'Channels': ['Email', 'Push Notifications'], 'Offers': ['Win-back Discounts'], 'Goal': 'Prevent churn'}",Re-engagement Campaign,"Email, Push Notifications",Win-back Discounts,Prevent churn
76234.0,21,4431,907,23,1.0,New Customers,"{'Strategy': 'Welcome Campaign', 'Channels': ['Email', 'SMS'], 'Offers': ['First Purchase Discount'], 'Goal': 'Convert into repeat customers'}",Welcome Campaign,"Email, SMS",First Purchase Discount,Convert into repeat customers
84117.0,60,4337,1566,24,2.0,At Risk Customers,"{'Strategy': 'Re-engagement Campaign', 'Channels': ['Email', 'Push Notifications'], 'Offers': ['Win-back Discounts'], 'Goal': 'Prevent churn'}",Re-engagement Campaign,"Email, Push Notifications",Win-back Discounts,Prevent churn
65487.0,48,4458,1169,17,0.0,High Value Customers,"{'Strategy': 'Loyalty Rewards & Premium Offers', 'Channels': ['Email', 'Personal Calls'], 'Offers': ['Exclusive Discounts', 'Early Access'], 'Goal': 'Increase retention and lifetime value'}",Loyalty Rewards & Premium Offers,"Email, Personal Calls","Exclusive Discounts, Early Access",Increase retention and lifetime value
25224.0,36,4393,46,7,0.0,High Value Customers,"{'Strategy': 'Loyalty Rewards & Premium Offers', 'Channels': ['Email', 'Personal Calls'], 'Offers': ['Exclusive Discounts', 'Early Access'], 'Goal': 'Increase retention and lifetime value'}",Loyalty Rewards & Premium Offers,"Email, Personal Calls","Exclusive Discounts, Early Access",Increase retention and lifetime value
89616.0,36,4777,1644,25,2.0,At Risk Customers,"{'Strategy': 'Re-engagement Campaign', 'Channels': ['Email', 'Push Notifications'], 'Offers': ['Win-back Discounts'], 'Goal': 'Prevent churn'}",Re-engagement Campaign,"Email, Push Notifications",Win-back Discounts,Prevent churn
40851.0,63,4781,59,5,3.0,Budget Buyers,"{'Strategy': 'Price-Based Promotions', 'Channels': ['SMS', 'Ads'], 'Offers': ['Coupons', 'Seasonal Discounts'], 'Goal': 'Increase purchase frequency'}",Price-Based Promotions,"SMS, Ads","Coupons, Seasonal Discounts",Increase purchase frequency
27469.0,2,4984,17,4,0.0,High Value Customers,"{'Strategy': 'Loyalty Rewards & Premium Offers', 'Channels': ['Email', 'Personal Calls'], 'Offers': ['Exclusive Discounts', 'Early Access'], 'Goal': 'Increase retention and lifetime value'}",Loyalty Rewards & Premium Offers,"Email, Personal Calls","Exclusive Discounts, Early Access",Increase retention and lifetime value
82347.0,38,4888,1853,25,1.0,New Customers,"{'Strategy': 'Welcome Campaign', 'Channels': ['Email', 'SMS'], 'Offers': ['First Purchase Discount'], 'Goal': 'Convert into repeat customers'}",Welcome Campaign,"Email, SMS",First Purchase Discount,Convert into repeat customers
73803.0,61,4985,1528,22,3.0,Budget Buyers,"{'Strategy': 'Price-Based Promotions', 'Channels': ['SMS', 'Ads'], 'Offers': ['Coupons', 'Seasonal Discounts'], 'Goal': 'Increase purchase frequency'}",Price-Based Promotions,"SMS, Ads","Coupons, Seasonal Discounts",Increase purchase frequency
8820.0,52,4752,35,10,2.0,At Risk Customers,"{'Strategy': 'Re-engagement Campaign', 'Channels': ['Email', 'Push Notifications'], 'Offers': ['Win-back Discounts'], 'Goal': 'Prevent churn'}",Re-engagement Campaign,"Email, Push Notifications",Win-back Discounts,Prevent churn
43322.0,25,4357,141,8,1.0,New Customers,"{'Strategy': 'Welcome Campaign', 'Channels': ['Email', 'SMS'], 'Offers': ['First Purchase Discount'], 'Goal': 'Convert into repeat customers'}",Welcome Campaign,"Email, SMS",First Purchase Discount,Convert into repeat customers
55593.0,63,4600,546,17,1.0,New Customers,"{'Strategy': 'Welcome Campaign', 'Channels': ['Email', 'SMS'], 'Offers': ['First Purchase Discount'], 'Goal': 'Convert into repeat customers'}",Welcome Campaign,"Email, SMS",First Purchase Discount,Convert into repeat customers
50501.0,10,4664,500,20,2.0,At Risk Customers,"{'Strategy': 'Re-engagement Campaign', 'Channels': ['Email', 'Push Notifications'], 'Offers': ['Win-back Discounts'], 'Goal': 'Prevent churn'}",Re-engagement Campaign,"Email, Push Notifications",Win-back Discounts,Prevent churn
37085.0,65,4291,61,10,0.0,High Value Customers,"{'Strategy': 'Loyalty Rewards & Premium Offers', 'Channels': ['Email', 'Personal Calls'], 'Offers': ['Exclusive Discounts', 'Early Access'], 'Goal': 'Increase retention and lifetime value'}",Loyalty Rewards & Premium Offers,"Email, Personal Calls","Exclusive Discounts, Early Access",Increase retention and lifetime value
16185.0,71,4616,106,8,3.0,Budget Buyers,"{'Strategy': 'Price-Based Promotions', 'Channels': ['SMS', 'Ads'], 'Offers': ['Coupons', 'Seasonal Discounts'], 'Goal': 'Increase purchase frequency'}",Price-Based Promotions,"SMS, Ads","Coupons, Seasonal Discounts",Increase purchase frequency
57731.0,0,4871,704,26,0.0,High Value Customers,"{'Strategy': 'Loyalty Rewards & Premium Offers', 'Channels': ['Email', 'Personal Calls'], 'Offers': ['Exclusive Discounts', 'Early Access'], 'Goal': 'Increase retention and lifetime value'}",Loyalty Rewards & Premium Offers,"Email, Personal Calls","Exclusive Discounts, Early Access",Increase retention and lifetime value
48432.0,3,4907,424,19,0.0,High Value Customers,"{'Strategy': 'Loyalty Rewards & Premium Offers', 'Channels': ['Email', 'Personal Calls'], 'Offers': ['Exclusive Discounts', 'Early Access'], 'Goal': 'Increase retention and lifetime value'}",Loyalty Rewards & Premium Offers,"Email, Personal Calls","Exclusive Discounts, Early Access",Increase retention and lifetime value
73807.0,88,4831,849,23,2.0,At Risk Customers,"{'Strategy': 'Re-engagement Campaign', 'Channels': ['Email', 'Push Notifications'], 'Offers': ['Win-back Discounts'], 'Goal': 'Prevent churn'}",Re-engagement Campaign,"Email, Push Notifications",Win-back Discounts,Prevent churn
18929.0,15,4786,85,6,1.0,New Customers,"{'Strategy': 'Welcome Campaign', 'Channels': ['Email', 'SMS'], 'Offers': ['First Purchase Discount'], 'Goal': 'Convert into repeat customers'}",Welcome Campaign,"Email, SMS",First Purchase Discount,Convert into repeat customers
35893.0,80,4910,199,15,0.0,High Value Customers,"{'Strategy': 'Loyalty Rewards & Premium Offers', 'Channels': ['Email', 'Personal Calls'], 'Offers': ['Exclusive Discounts', 'Early Access'], 'Goal': 'Increase retention and lifetime value'}",Loyalty Rewards & Premium Offers,"Email, Personal Calls","Exclusive Discounts, Early Access",Increase retention and lifetime value
61014.0,17,4975,1147,20,1.0,New Customers,"{'Strategy': 'Welcome Campaign', 'Channels': ['Email', 'SMS'], 'Offers': ['First Purchase Discount'], 'Goal': 'Convert into repeat customers'}",Welcome Campaign,"Email, SMS",First Purchase Discount,Convert into repeat customers
32144.0,76,4386,54,10,0.0,High Value Customers,"{'Strategy': 'Loyalty Rewards & Premium Offers', 'Channels': ['Email', 'Personal Calls'], 'Offers': ['Exclusive Discounts', 'Early Access'], 'Goal': 'Increase retention and lifetime value'}",Loyalty Rewards & Premium Offers,"Email, Personal Calls","Exclusive Discounts, Early Access",Increase retention and lifetime value
14918.0,52,4857,43,5,2.0,At Risk Customers,"{'Strategy': 'Re-engagement Campaign', 'Channels': ['Email', 'Push Notifications'], 'Offers': ['Win-back Discounts'], 'Goal': 'Prevent churn'}",Re-engagement Campaign,"Email, Push Notifications",Win-back Discounts,Prevent churn
45146.0,28,4637,53,6,1.0,New Customers,"{'Strategy': 'Welcome Campaign', 'Channels': ['Email', 'SMS'], 'Offers': ['First Purchase Discount'], 'Goal': 'Convert into repeat customers'}",Welcome Campaign,"Email, SMS",First Purchase Discount,Convert into repeat customers
41769.0,31,4789,521,22,3.0,Budget Buyers,"{'Strategy': 'Price-Based Promotions', 'Channels': ['SMS', 'Ads'], 'Offers': ['Coupons', 'Seasonal Discounts'], 'Goal': 'Increase purchase frequency'}",Price-Based Promotions,"SMS, Ads","Coupons, Seasonal Discounts",Increase purchase frequency
88325.0,42,4432,1623,18,0.0,High Value Customers,"{'Strategy': 'Loyalty Rewards & Premium Offers', 'Channels': ['Email', 'Personal Calls'], 'Offers': ['Exclusive Discounts', 'Early Access'], 'Goal': 'Increase retention and lifetime value'}",Loyalty Rewards & Premium Offers,"Email, Personal Calls","Exclusive Discounts, Early Access",Increase retention and lifetime value
38054.0,24,4347,45,7,0.0,High Value Customers,"{'Strategy': 'Loyalty Rewards & Premium Offers', 'Channels': ['Email', 'Personal Calls'], 'Offers': ['Exclusive Discounts', 'Early Access'], 'Goal': 'Increase retention and lifetime value'}",Loyalty Rewards & Premium Offers,"Email, Personal Calls","Exclusive Discounts, Early Access",Increase retention and lifetime value
80617.0,42,4913,1435,19,0.0,High Value Customers,"{'Strategy': 'Loyalty Rewards & Premium Offers', 'Channels': ['Email', 'Personal Calls'], 'Offers': ['Exclusive Discounts', 'Early Access'], 'Goal': 'Increase retention and lifetime value'}",Loyalty Rewards & Premium Offers,"Email, Personal Calls","Exclusive Discounts, Early Access",Increase retention and lifetime value
5305.0,12,4622,32,1,2.0,At Risk Customers,"{'Strategy': 'Re-engagement Campaign', 'Channels': ['Email', 'Push Notifications'], 'Offers': ['Win-back Discounts'], 'Goal': 'Prevent churn'}",Re-engagement Campaign,"Email, Push Notifications",Win-back Discounts,Prevent churn
36807.0,88,4844,16,4,0.0,High Value Customers,"{'Strategy': 'Loyalty Rewards & Premium Offers', 'Channels': ['Email', 'Personal Calls'], 'Offers': ['Exclusive Discounts', 'Early Access'], 'Goal': 'Increase retention and lifetime value'}",Loyalty Rewards & Premium Offers,"Email, Personal Calls","Exclusive Discounts, Early Access",Increase retention and lifetime value
28427.0,67,4753,52,7,0.0,High Value Customers,"{'Strategy': 'Loyalty Rewards & Premium Offers', 'Channels': ['Email', 'Personal Calls'], 'Offers': ['Exclusive Discounts', 'Early Access'], 'Goal': 'Increase retention and lifetime value'}",Loyalty Rewards & Premium Offers,"Email, Personal Calls","Exclusive Discounts, Early Access",Increase retention and lifetime value
82032.0,54,4373,1234,17,3.0,Budget Buyers,"{'Strategy': 'Price-Based Promotions', 'Channels': ['SMS', 'Ads'], 'Offers': ['Coupons', 'Seasonal Discounts'], 'Goal': 'Increase purchase frequency'}",Price-Based Promotions,"SMS, Ads","Coupons, Seasonal Discounts",Increase purchase frequency
22775.0,40,4663,15,4,2.0,At Risk Customers,"{'Strategy': 'Re-engagement Campaign', 'Channels': ['Email', 'Push Notifications'], 'Offers': ['Win-back Discounts'], 'Goal': 'Prevent churn'}",Re-engagement Campaign,"Email, Push Notifications",Win-back Discounts,Prevent churn
40101.0,73,4911,415,17,0.0,High Value Customers,"{'Strategy': 'Loyalty Rewards & Premium Offers', 'Channels': ['Email', 'Personal Calls'], 'Offers': ['Exclusive Discounts', 'Early Access'], 'Goal': 'Increase retention and lifetime value'}",Loyalty Rewards & Premium Offers,"Email, Personal Calls","Exclusive Discounts, Early Access",Increase retention and lifetime value
58025.0,81,4503,470,18,1.0,New Customers,"{'Strategy': 'Welcome Campaign', 'Channels': ['Email', 'SMS'], 'Offers': ['First Purchase Discount'], 'Goal': 'Convert into repeat customers'}",Welcome Campaign,"Email, SMS",First Purchase Discount,Convert into repeat customers
75777.0,12,4648,1438,21,2.0,At Risk Customers,"{'Strategy': 'Re-engagement Campaign', 'Channels': ['Email', 'Push Notifications'], 'Offers': ['Win-back Discounts'], 'Goal': 'Prevent churn'}",Re-engagement Campaign,"Email, Push Notifications",Win-back Discounts,Prevent churn
7500.0,7,4706,53,11,3.0,Budget Buyers,"{'Strategy': 'Price-Based Promotions', 'Channels': ['SMS', 'Ads'], 'Offers': ['Coupons', 'Seasonal Discounts'], 'Goal': 'Increase purchase frequency'}",Price-Based Promotions,"SMS, Ads","Coupons, Seasonal Discounts",Increase purchase frequency
33562.0,33,4292,51,9,3.0,Budget Buyers,"{'Strategy': 'Price-Based Promotions', 'Channels': ['SMS', 'Ads'], 'Offers': ['Coupons', 'Seasonal Discounts'], 'Goal': 'Increase purchase frequency'}",Price-Based Promotions,"SMS, Ads","Coupons, Seasonal Discounts",Increase purchase frequency
57642.0,24,4459,679,22,2.0,At Risk Customers,"{'Strategy': 'Re-engagement Campaign', 'Channels': ['Email', 'Push Notifications'], 'Offers': ['Win-back Discounts'], 'Goal': 'Prevent churn'}",Re-engagement Campaign,"Email, Push Notifications",Win-back Discounts,Prevent churn
58554.0,55,4929,586,22,0.0,High Value Customers,"{'Strategy': 'Loyalty Rewards & Premium Offers', 'Channels': ['Email', 'Personal Calls'], 'Offers': ['Exclusive Discounts', 'Early Access'], 'Goal': 'Increase retention and lifetime value'}",Loyalty Rewards & Premium Offers,"Email, Personal Calls","Exclusive Discounts, Early Access",Increase retention and lifetime value
63777.0,87,4750,653,26,1.0,New Customers,"{'Strategy': 'Welcome Campaign', 'Channels': ['Email', 'SMS'], 'Offers': ['First Purchase Discount'], 'Goal': 'Convert into repeat customers'}",Welcome Campaign,"Email, SMS",First Purchase Discount,Convert into repeat customers
57967.0,39,4771,468,19,0.0,High Value Customers,"{'Strategy': 'Loyalty Rewards & Premium Offers', 'Channels': ['Email', 'Personal Calls'], 'Offers': ['Exclusive Discounts', 'Early Access'], 'Goal': 'Increase retention and lifetime value'}",Loyalty Rewards & Premium Offers,"Email, Personal Calls","Exclusive Discounts, Early Access",Increase retention and lifetime value
52247.25135379061,53,4974,1679,1,3.0,Budget Buyers,"{'Strategy': 'Price-Based Promotions', 'Channels': ['SMS', 'Ads'], 'Offers': ['Coupons', 'Seasonal Discounts'], 'Goal': 'Increase purchase frequency'}",Price-Based Promotions,"SMS, Ads","Coupons, Seasonal Discounts",Increase purchase frequency
24434.0,9,4330,50,7,0.0,High Value Customers,"{'Strategy': 'Loyalty Rewards & Premium Offers', 'Channels': ['Email', 'Personal Calls'], 'Offers': ['Exclusive Discounts', 'Early Access'], 'Goal': 'Increase retention and lifetime value'}",Loyalty Rewards & Premium Offers,"Email, Personal Calls","Exclusive Discounts, Early Access",Increase retention and lifetime value
11012.0,82,4758,84,9,1.0,New Customers,"{'Strategy': 'Welcome Campaign', 'Channels': ['Email', 'SMS'], 'Offers': ['First Purchase Discount'], 'Goal': 'Convert into repeat customers'}",Welcome Campaign,"Email, SMS",First Purchase Discount,Convert into repeat customers
44802.0,71,4965,1049,27,2.0,At Risk Customers,"{'Strategy': 'Re-engagement Campaign', 'Channels': ['Email', 'Push Notifications'], 'Offers': ['Win-back Discounts'], 'Goal': 'Prevent churn'}",Re-engagement Campaign,"Email, Push Notifications",Win-back Discounts,Prevent churn
26816.0,50,4969,22,4,2.0,At Risk Customers,"{'Strategy': 'Re-engagement Campaign', 'Channels': ['Email', 'Push Notifications'], 'Offers': ['Win-back Discounts'], 'Goal': 'Prevent churn'}",Re-engagement Campaign,"Email, Push Notifications",Win-back Discounts,Prevent churn
666666.0,23,4680,62,11,3.0,Budget Buyers,"{'Strategy': 'Price-Based Promotions', 'Channels': ['SMS', 'Ads'], 'Offers': ['Coupons', 'Seasonal Discounts'], 'Goal': 'Increase purchase frequency'}",Price-Based Promotions,"SMS, Ads","Coupons, Seasonal Discounts",Increase purchase frequency
34421.0,81,4651,30,4,2.0,At Risk Customers,"{'Strategy': 'Re-engagement Campaign', 'Channels': ['Email', 'Push Notifications'], 'Offers': ['Win-back Discounts'], 'Goal': 'Prevent churn'}",Re-engagement Campaign,"Email, Push Notifications",Win-back Discounts,Prevent churn
61223.0,46,4669,1341,18,0.0,High Value Customers,"{'Strategy': 'Loyalty Rewards & Premium Offers', 'Channels': ['Email', 'Personal Calls'], 'Offers': ['Exclusive Discounts', 'Early Access'], 'Goal': 'Increase retention and lifetime value'}",Loyalty Rewards & Premium Offers,"Email, Personal Calls","Exclusive Discounts, Early Access",Increase retention and lifetime value
